-- MariaDB dump 10.17  Distrib 10.5.4-MariaDB, for Linux (x86_64)
--
-- Host: localhost    Database: SALESMANAGER
-- ------------------------------------------------------
-- Server version	10.5.4-MariaDB

/*!40101 SET @OLD_CHARACTER_SET_CLIENT=@@CHARACTER_SET_CLIENT */;
/*!40101 SET @OLD_CHARACTER_SET_RESULTS=@@CHARACTER_SET_RESULTS */;
/*!40101 SET @OLD_COLLATION_CONNECTION=@@COLLATION_CONNECTION */;
/*!40101 SET NAMES utf8mb4 */;
/*!40103 SET @OLD_TIME_ZONE=@@TIME_ZONE */;
/*!40103 SET TIME_ZONE='+00:00' */;
/*!40014 SET @OLD_UNIQUE_CHECKS=@@UNIQUE_CHECKS, UNIQUE_CHECKS=0 */;
/*!40014 SET @OLD_FOREIGN_KEY_CHECKS=@@FOREIGN_KEY_CHECKS, FOREIGN_KEY_CHECKS=0 */;
/*!40101 SET @OLD_SQL_MODE=@@SQL_MODE, SQL_MODE='NO_AUTO_VALUE_ON_ZERO' */;
/*!40111 SET @OLD_SQL_NOTES=@@SQL_NOTES, SQL_NOTES=0 */;

--
-- Table structure for table `catalog`
--

DROP TABLE IF EXISTS `catalog`;
/*!40101 SET @saved_cs_client     = @@character_set_client */;
/*!40101 SET character_set_client = utf8 */;
CREATE TABLE `catalog` (
  `id` bigint(20) NOT NULL,
  `DATE_CREATED` datetime DEFAULT NULL,
  `DATE_MODIFIED` datetime DEFAULT NULL,
  `UPDT_ID` varchar(20) DEFAULT NULL,
  `CODE` varchar(100) NOT NULL,
  `DEFAULT_CATALOG` bit(1) DEFAULT NULL,
  `VISIBLE` bit(1) DEFAULT NULL,
  `MERCHANT_ID` int(11) NOT NULL,
  PRIMARY KEY (`id`),
  UNIQUE KEY `UK32mubpubtaqu30n34bwl7xiis` (`MERCHANT_ID`,`CODE`),
  CONSTRAINT `FKranq0rweb0r6j31j565ak51g8` FOREIGN KEY (`MERCHANT_ID`) REFERENCES `merchant_store` (`MERCHANT_ID`)
) ENGINE=InnoDB DEFAULT CHARSET=utf8;
/*!40101 SET character_set_client = @saved_cs_client */;

--
-- Dumping data for table `catalog`
--

LOCK TABLES `catalog` WRITE;
/*!40000 ALTER TABLE `catalog` DISABLE KEYS */;
/*!40000 ALTER TABLE `catalog` ENABLE KEYS */;
UNLOCK TABLES;

--
-- Table structure for table `catalog_entry`
--

DROP TABLE IF EXISTS `catalog_entry`;
/*!40101 SET @saved_cs_client     = @@character_set_client */;
/*!40101 SET character_set_client = utf8 */;
CREATE TABLE `catalog_entry` (
  `id` bigint(20) NOT NULL,
  `DATE_CREATED` datetime DEFAULT NULL,
  `DATE_MODIFIED` datetime DEFAULT NULL,
  `UPDT_ID` varchar(20) DEFAULT NULL,
  `VISIBLE` bit(1) DEFAULT NULL,
  `CATALOG_ID` bigint(20) NOT NULL,
  `CATEGORY_ID` bigint(20) NOT NULL,
  `PRODUCT_ID` bigint(20) NOT NULL,
  PRIMARY KEY (`id`),
  UNIQUE KEY `UKenvpf5brcg399wej8e2oq1qd2` (`PRODUCT_ID`,`CATEGORY_ID`,`CATALOG_ID`),
  KEY `FKqp2j48hb3vodovb8gn2o4gox` (`CATALOG_ID`),
  KEY `FK374wks7em54d0oghju0earttl` (`CATEGORY_ID`),
  CONSTRAINT `FK374wks7em54d0oghju0earttl` FOREIGN KEY (`CATEGORY_ID`) REFERENCES `category` (`CATEGORY_ID`),
  CONSTRAINT `FK4e5ugd4jlc0n6i4ohrva71anv` FOREIGN KEY (`PRODUCT_ID`) REFERENCES `product` (`PRODUCT_ID`),
  CONSTRAINT `FKqp2j48hb3vodovb8gn2o4gox` FOREIGN KEY (`CATALOG_ID`) REFERENCES `catalog` (`id`)
) ENGINE=InnoDB DEFAULT CHARSET=utf8;
/*!40101 SET character_set_client = @saved_cs_client */;

--
-- Dumping data for table `catalog_entry`
--

LOCK TABLES `catalog_entry` WRITE;
/*!40000 ALTER TABLE `catalog_entry` DISABLE KEYS */;
/*!40000 ALTER TABLE `catalog_entry` ENABLE KEYS */;
UNLOCK TABLES;

--
-- Table structure for table `category`
--

DROP TABLE IF EXISTS `category`;
/*!40101 SET @saved_cs_client     = @@character_set_client */;
/*!40101 SET character_set_client = utf8 */;
CREATE TABLE `category` (
  `CATEGORY_ID` bigint(20) NOT NULL,
  `DATE_CREATED` datetime DEFAULT NULL,
  `DATE_MODIFIED` datetime DEFAULT NULL,
  `UPDT_ID` varchar(20) DEFAULT NULL,
  `CATEGORY_IMAGE` varchar(100) DEFAULT NULL,
  `CATEGORY_STATUS` bit(1) DEFAULT NULL,
  `CODE` varchar(100) NOT NULL,
  `DEPTH` int(11) DEFAULT NULL,
  `FEATURED` bit(1) DEFAULT NULL,
  `LINEAGE` varchar(255) DEFAULT NULL,
  `SORT_ORDER` int(11) DEFAULT NULL,
  `VISIBLE` bit(1) DEFAULT NULL,
  `MERCHANT_ID` int(11) NOT NULL,
  `PARENT_ID` bigint(20) DEFAULT NULL,
  PRIMARY KEY (`CATEGORY_ID`),
  UNIQUE KEY `UK3mq9i6qmgquvoieslx39pej6x` (`MERCHANT_ID`,`CODE`),
  KEY `FKn3kekntr7pm8g9v8ask698ato` (`PARENT_ID`),
  CONSTRAINT `FK8a09asq5fcx0a88i4m8nsixy` FOREIGN KEY (`MERCHANT_ID`) REFERENCES `merchant_store` (`MERCHANT_ID`),
  CONSTRAINT `FKn3kekntr7pm8g9v8ask698ato` FOREIGN KEY (`PARENT_ID`) REFERENCES `category` (`CATEGORY_ID`)
) ENGINE=InnoDB DEFAULT CHARSET=utf8;
/*!40101 SET character_set_client = @saved_cs_client */;

--
-- Dumping data for table `category`
--

LOCK TABLES `category` WRITE;
/*!40000 ALTER TABLE `category` DISABLE KEYS */;
INSERT INTO `category` VALUES (1,'2021-01-02 23:06:04','2021-01-02 23:06:04','admin@shopizer.com',NULL,'\0','beachbags',0,'\0','/1/',10,'\0',1,NULL),(2,'2021-01-02 23:05:53','2021-01-02 23:05:53','admin@shopizer.com',NULL,'\0','handbags',0,'\0','/2/',0,'\0',1,NULL),(3,'2021-01-02 23:05:12','2021-01-02 23:05:12','admin@shopizer.com',NULL,'\0','laptop',0,'\0','/3/',20,'\0',1,NULL),(4,'2021-01-02 23:05:31','2021-01-02 23:05:31','admin@shopizer.com',NULL,'\0','bags',0,'\0','/4/',30,'\0',1,NULL),(50,'2020-12-20 21:33:56','2020-12-20 21:33:56','admin@shopizer.com',NULL,'\0','Shoes',0,'\0','/50/',0,'\0',1,NULL),(100,'2020-12-20 21:34:23','2020-12-20 21:34:23','admin@shopizer.com',NULL,'\0','Food',0,'\0','/100/',0,'\0',1,NULL),(200,'2021-01-03 17:44:29','2021-01-03 17:44:29','admin@shopizer.com',NULL,'\0','SW',0,'\0','/200/',0,'\0',1,NULL),(250,'2021-01-02 23:04:48','2021-01-02 23:04:48','admin@shopizer.com',NULL,'\0','CH',0,'\0','/250/',0,'',1,NULL),(300,'2021-01-03 15:57:16','2021-01-03 15:57:16','admin@shopizer.com',NULL,'\0','MU',0,'\0','/300/',0,'',1,NULL);
/*!40000 ALTER TABLE `category` ENABLE KEYS */;
UNLOCK TABLES;

--
-- Table structure for table `category_description`
--

DROP TABLE IF EXISTS `category_description`;
/*!40101 SET @saved_cs_client     = @@character_set_client */;
/*!40101 SET character_set_client = utf8 */;
CREATE TABLE `category_description` (
  `DESCRIPTION_ID` bigint(20) NOT NULL,
  `DATE_CREATED` datetime DEFAULT NULL,
  `DATE_MODIFIED` datetime DEFAULT NULL,
  `UPDT_ID` varchar(20) DEFAULT NULL,
  `DESCRIPTION` longtext DEFAULT NULL,
  `NAME` varchar(120) NOT NULL,
  `TITLE` varchar(100) DEFAULT NULL,
  `CATEGORY_HIGHLIGHT` varchar(255) DEFAULT NULL,
  `META_DESCRIPTION` varchar(255) DEFAULT NULL,
  `META_KEYWORDS` varchar(255) DEFAULT NULL,
  `META_TITLE` varchar(120) DEFAULT NULL,
  `SEF_URL` varchar(120) DEFAULT NULL,
  `LANGUAGE_ID` int(11) NOT NULL,
  `CATEGORY_ID` bigint(20) NOT NULL,
  PRIMARY KEY (`DESCRIPTION_ID`),
  UNIQUE KEY `UKbuesqq6cyx7e5hy3mf30cfieq` (`CATEGORY_ID`,`LANGUAGE_ID`),
  KEY `FKl4j5boteutpu1p8f67kydpnmd` (`LANGUAGE_ID`),
  CONSTRAINT `FKa58u7d0ydfgref1iaux5efyov` FOREIGN KEY (`CATEGORY_ID`) REFERENCES `category` (`CATEGORY_ID`),
  CONSTRAINT `FKl4j5boteutpu1p8f67kydpnmd` FOREIGN KEY (`LANGUAGE_ID`) REFERENCES `language` (`LANGUAGE_ID`)
) ENGINE=InnoDB DEFAULT CHARSET=utf8;
/*!40101 SET character_set_client = @saved_cs_client */;

--
-- Dumping data for table `category_description`
--

LOCK TABLES `category_description` WRITE;
/*!40000 ALTER TABLE `category_description` DISABLE KEYS */;
INSERT INTO `category_description` VALUES (700,'2021-01-02 23:06:04','2021-01-02 23:06:04',NULL,'','Beach bags',NULL,'','','','Vintage Bags - Beach bags','beach-bags',1,1),(701,'2021-01-02 23:05:53','2021-01-02 23:05:53',NULL,'','Handbags',NULL,'','','','Vintage Bags - Handbags','handbags',1,2),(702,'2021-01-02 23:05:12','2021-01-02 23:05:12',NULL,'','Laptop Bags',NULL,'','','','Vintage Bags - Laptop bags','laptop-bags',1,3),(703,'2021-01-02 23:05:31','2021-01-02 23:05:31',NULL,'','Bags',NULL,'','','','Vintage Bags - Bags','bags',1,4),(900,'2019-07-19 08:00:47','2019-07-19 08:00:47',NULL,'','Sacs',NULL,'','','','','sacs',2,4),(1400,'2020-12-20 21:33:56','2020-12-20 21:33:56',NULL,'<p style=\"text-align: center;\">\r\n	<strong>Bata and Liberty Shoes</strong></p>\r\n','Shoes',NULL,'Shoes','Shoes','Shoes','Shoes','shoes',1,50),(1750,'2020-12-20 21:34:23','2020-12-20 21:34:23',NULL,'<p>\r\n	This is for mouth watering food.</p>\r\n','Food',NULL,'food','Food','Food','Food','food',1,100),(2200,'2021-01-03 17:44:29','2021-01-03 17:44:29',NULL,'<p>\r\n	Mouth Watering Sweets</p>\r\n','SWEETS',NULL,'SWEETS','Sweets','Sweets',' Sweets','sweets',1,200),(2400,'2021-01-02 23:04:48','2021-01-02 23:04:48',NULL,'<p>\r\n	Fresh and Delicious Chicken Items</p>\r\n','CHICKEN',NULL,'','Chicken','Chicken','Chicken','chicken',1,250),(2600,'2021-01-03 15:57:16','2021-01-03 15:57:16',NULL,'<p>\r\n	Fresh,Tender and Delicious Mouth Watering Mutton Items</p>\r\n','MUTTON',NULL,'MUTTON','Mutton','Mutton','Mutton','mutton',1,300);
/*!40000 ALTER TABLE `category_description` ENABLE KEYS */;
UNLOCK TABLES;

--
-- Table structure for table `content`
--

DROP TABLE IF EXISTS `content`;
/*!40101 SET @saved_cs_client     = @@character_set_client */;
/*!40101 SET character_set_client = utf8 */;
CREATE TABLE `content` (
  `CONTENT_ID` bigint(20) NOT NULL,
  `DATE_CREATED` datetime DEFAULT NULL,
  `DATE_MODIFIED` datetime DEFAULT NULL,
  `UPDT_ID` varchar(20) DEFAULT NULL,
  `CODE` varchar(100) NOT NULL,
  `CONTENT_POSITION` varchar(10) DEFAULT NULL,
  `CONTENT_TYPE` varchar(10) DEFAULT NULL,
  `LINK_TO_MENU` bit(1) DEFAULT NULL,
  `PRODUCT_GROUP` varchar(255) DEFAULT NULL,
  `SORT_ORDER` int(11) DEFAULT NULL,
  `VISIBLE` bit(1) DEFAULT NULL,
  `MERCHANT_ID` int(11) NOT NULL,
  PRIMARY KEY (`CONTENT_ID`),
  UNIQUE KEY `UKt1v2ld0mrwviquqourql4uub0` (`MERCHANT_ID`,`CODE`),
  KEY `CODE_IDX` (`CODE`),
  CONSTRAINT `FKfmoi0fkjbtfty3o8fs94t11r1` FOREIGN KEY (`MERCHANT_ID`) REFERENCES `merchant_store` (`MERCHANT_ID`)
) ENGINE=InnoDB DEFAULT CHARSET=utf8;
/*!40101 SET character_set_client = @saved_cs_client */;

--
-- Dumping data for table `content`
--

LOCK TABLES `content` WRITE;
/*!40000 ALTER TABLE `content` DISABLE KEYS */;
INSERT INTO `content` VALUES (1,NULL,NULL,NULL,'LANDING_PAGE',NULL,'SECTION','\0',NULL,0,'',1),(2,NULL,NULL,NULL,'bannerImage','RIGHT','BOX','\0',NULL,0,'',1),(50,NULL,NULL,NULL,'footerImage','LEFT','BOX','\0',NULL,0,'',1),(100,NULL,NULL,NULL,'ABOUTUS',NULL,'PAGE','\0','',0,'',1);
/*!40000 ALTER TABLE `content` ENABLE KEYS */;
UNLOCK TABLES;

--
-- Table structure for table `content_description`
--

DROP TABLE IF EXISTS `content_description`;
/*!40101 SET @saved_cs_client     = @@character_set_client */;
/*!40101 SET character_set_client = utf8 */;
CREATE TABLE `content_description` (
  `DESCRIPTION_ID` bigint(20) NOT NULL,
  `DATE_CREATED` datetime DEFAULT NULL,
  `DATE_MODIFIED` datetime DEFAULT NULL,
  `UPDT_ID` varchar(20) DEFAULT NULL,
  `DESCRIPTION` longtext DEFAULT NULL,
  `NAME` varchar(120) NOT NULL,
  `TITLE` varchar(100) DEFAULT NULL,
  `META_DESCRIPTION` varchar(255) DEFAULT NULL,
  `META_KEYWORDS` varchar(255) DEFAULT NULL,
  `META_TITLE` varchar(255) DEFAULT NULL,
  `SEF_URL` varchar(120) DEFAULT NULL,
  `LANGUAGE_ID` int(11) NOT NULL,
  `CONTENT_ID` bigint(20) NOT NULL,
  PRIMARY KEY (`DESCRIPTION_ID`),
  UNIQUE KEY `UKn0w5r7ctbp88r4rvk7ayklofm` (`CONTENT_ID`,`LANGUAGE_ID`),
  KEY `FK47yxf681u0rfw2kvarhqb0r3v` (`LANGUAGE_ID`),
  CONSTRAINT `FK47yxf681u0rfw2kvarhqb0r3v` FOREIGN KEY (`LANGUAGE_ID`) REFERENCES `language` (`LANGUAGE_ID`),
  CONSTRAINT `FKk7fabfxn2flvcofwwpyg5sys` FOREIGN KEY (`CONTENT_ID`) REFERENCES `content` (`CONTENT_ID`)
) ENGINE=InnoDB DEFAULT CHARSET=utf8;
/*!40101 SET character_set_client = @saved_cs_client */;

--
-- Dumping data for table `content_description`
--

LOCK TABLES `content_description` WRITE;
/*!40000 ALTER TABLE `content_description` DISABLE KEYS */;
INSERT INTO `content_description` VALUES (650,'2019-03-06 21:22:50','2020-12-20 20:42:26',NULL,'<style type=\"text/css\">\r\n.my-featured-title {\r\n   background: #fff;\r\n   padding: 20px;\r\n}\r\n\r\n.ilt {\r\n    text-align: center;\r\n}\r\n\r\n.ilt p {\r\n    font-family: \"Lucida Grande\",Tahoma;\r\n    font-size: 12px;\r\n    font-weight: lighter;\r\n    font-variant: normal;\r\n    text-transform: uppercase;\r\n    color: #666;\r\n    margin-top: 10px;\r\n    text-align: center!important;\r\n    letter-spacing: .3em;\r\n}\r\n\r\n.ilt h2 {\r\n    font-family: Georgia,\"Times New Roman\",Times,serif;\r\n    font-size: 36px;\r\n    margin-top: 5px;\r\n    margin-bottom: 0;\r\n    letter-spacing: 0;\r\n    text-align: center;\r\n    font-weight: 400;\r\n    color: #222;\r\n    text-transform: none;\r\n}</style>\r\n<div class=\"my-featured-title\">\r\n	<div class=\"ilt\">\r\n		<h2>\r\n			Featured items</h2>\r\n		<p>\r\n			This is a list of our favorite findings</p>\r\n	</div>\r\n</div>\r\n','Janta Meat Shop Bhopal','Janta Meat Shop Bhopal','Janta Meat Shop Bhopal','Janta Meat Shop Bhopal',NULL,NULL,1,1),(651,'2020-12-20 21:29:02','2020-12-20 21:29:02',NULL,'<p>\r\n	<img alt=\"\" src=\"/static/files/DEFAULT/IMAGE/SHOP2.png\" style=\"height: 430px; width: 1444px;\" /></p>\r\n<p>\r\n	&nbsp;</p>\r\n','bannerImage',NULL,NULL,NULL,NULL,NULL,1,2),(950,'2020-12-20 21:32:06','2020-12-20 21:32:06',NULL,'<p>\r\n	<img alt=\"Payment\" src=\"/static/files/DEFAULT/IMAGE/SHOP4.png\" style=\"height: 200px; width: 671px;\" /></p>\r\n','footerImage',NULL,NULL,NULL,NULL,NULL,1,50),(951,'2020-03-11 19:32:01','2020-03-11 19:32:01',NULL,'<p>\r\n	<img alt=\"\" src=\"/static/files/DEFAULT/IMAGE/bag-picture-text.jpg\" style=\"width: 360px; height: 200px;\" /></p>\r\n','footerImage',NULL,NULL,NULL,NULL,NULL,2,50),(952,'2020-03-11 19:44:30','2020-03-11 19:44:30',NULL,'<style type=\"text/css\">\r\n.my-featured-title {\r\n   background: #fff;\r\n   padding: 20px;\r\n}\r\n\r\n.ilt {\r\n    text-align: center;\r\n}\r\n\r\n.ilt p {\r\n    font-family: \"Lucida Grande\",Tahoma;\r\n    font-size: 12px;\r\n    font-weight: lighter;\r\n    font-variant: normal;\r\n    text-transform: uppercase;\r\n    color: #666;\r\n    margin-top: 10px;\r\n    text-align: center!important;\r\n    letter-spacing: .3em;\r\n}\r\n\r\n.ilt h2 {\r\n    font-family: Georgia,\"Times New Roman\",Times,serif;\r\n    font-size: 36px;\r\n    margin-top: 5px;\r\n    margin-bottom: 0;\r\n    letter-spacing: 0;\r\n    text-align: center;\r\n    font-weight: 400;\r\n    color: #222;\r\n    text-transform: none;\r\n}</style>\r\n<div class=\"my-featured-title\">\r\n	<div class=\"ilt\">\r\n		<h2>\r\n			Articles vedettes</h2>\r\n	</div>\r\n</div>','Vintage Bags - Shopizer demo',NULL,'','',NULL,NULL,2,1),(1700,'2020-12-20 20:55:18','2020-12-20 20:55:18',NULL,'<p>\r\n	<span style=\"color:#b22222;\">&nbsp;We are proud to be the oldest shop in BHEL Bhopal area providing quality Mutton and Chicken to our customers.</span></p>\r\n<p>\r\n	<span style=\"color: rgb(178, 34, 34);\">For Bulk Order Please reach us at +91-9893696983</span></p>\r\n<p>\r\n	<span style=\"color:#b22222;\"><img alt=\"\" src=\"/static/files/DEFAULT/IMAGE/SHOP1.png\" style=\"width: 940px; height: 280px;\" /></span></p>\r\n<p>\r\n	&nbsp;</p>\r\n<p>\r\n	&nbsp;</p>\r\n<p>\r\n	&nbsp;</p>\r\n','ABOUTUS',NULL,'Janta Meat Shop Bhopal','ABOUTUS','ABOUTUS','aboutus',1,100);
/*!40000 ALTER TABLE `content_description` ENABLE KEYS */;
UNLOCK TABLES;

--
-- Table structure for table `country`
--

DROP TABLE IF EXISTS `country`;
/*!40101 SET @saved_cs_client     = @@character_set_client */;
/*!40101 SET character_set_client = utf8 */;
CREATE TABLE `country` (
  `COUNTRY_ID` int(11) NOT NULL,
  `COUNTRY_ISOCODE` varchar(255) NOT NULL,
  `COUNTRY_SUPPORTED` bit(1) DEFAULT NULL,
  `GEOZONE_ID` bigint(20) DEFAULT NULL,
  PRIMARY KEY (`COUNTRY_ID`),
  UNIQUE KEY `UK_dqb99v22pt27v0tgeqo958e6x` (`COUNTRY_ISOCODE`),
  KEY `FKd2q9e14kh1j6tm1gpbct2xwws` (`GEOZONE_ID`),
  CONSTRAINT `FKd2q9e14kh1j6tm1gpbct2xwws` FOREIGN KEY (`GEOZONE_ID`) REFERENCES `geozone` (`GEOZONE_ID`)
) ENGINE=InnoDB DEFAULT CHARSET=utf8;
/*!40101 SET character_set_client = @saved_cs_client */;

--
-- Dumping data for table `country`
--

LOCK TABLES `country` WRITE;
/*!40000 ALTER TABLE `country` DISABLE KEYS */;
INSERT INTO `country` VALUES (37,'IN','',NULL);
/*!40000 ALTER TABLE `country` ENABLE KEYS */;
UNLOCK TABLES;

--
-- Table structure for table `country_description`
--

DROP TABLE IF EXISTS `country_description`;
/*!40101 SET @saved_cs_client     = @@character_set_client */;
/*!40101 SET character_set_client = utf8 */;
CREATE TABLE `country_description` (
  `DESCRIPTION_ID` bigint(20) NOT NULL,
  `DATE_CREATED` datetime DEFAULT NULL,
  `DATE_MODIFIED` datetime DEFAULT NULL,
  `UPDT_ID` varchar(20) DEFAULT NULL,
  `DESCRIPTION` longtext DEFAULT NULL,
  `NAME` varchar(120) NOT NULL,
  `TITLE` varchar(100) DEFAULT NULL,
  `LANGUAGE_ID` int(11) NOT NULL,
  `COUNTRY_ID` int(11) NOT NULL,
  PRIMARY KEY (`DESCRIPTION_ID`),
  UNIQUE KEY `UKt7nshki1rbp6157ed0v6cx4y4` (`COUNTRY_ID`,`LANGUAGE_ID`),
  KEY `FKersrbjot9p9nfukxfd2l27c7t` (`LANGUAGE_ID`),
  CONSTRAINT `FKersrbjot9p9nfukxfd2l27c7t` FOREIGN KEY (`LANGUAGE_ID`) REFERENCES `language` (`LANGUAGE_ID`),
  CONSTRAINT `FKkd2sy7q97wr2ahvyiiqc4txji` FOREIGN KEY (`COUNTRY_ID`) REFERENCES `country` (`COUNTRY_ID`)
) ENGINE=InnoDB DEFAULT CHARSET=utf8;
/*!40101 SET character_set_client = @saved_cs_client */;

--
-- Dumping data for table `country_description`
--

LOCK TABLES `country_description` WRITE;
/*!40000 ALTER TABLE `country_description` DISABLE KEYS */;
INSERT INTO `country_description` VALUES (73,'2020-06-02 21:26:14','2020-06-02 21:26:14',NULL,NULL,'India',NULL,1,37),(74,'2020-06-02 21:26:14','2020-06-02 21:26:14',NULL,NULL,'Inde',NULL,2,37);
/*!40000 ALTER TABLE `country_description` ENABLE KEYS */;
UNLOCK TABLES;

--
-- Table structure for table `currency`
--

DROP TABLE IF EXISTS `currency`;
/*!40101 SET @saved_cs_client     = @@character_set_client */;
/*!40101 SET character_set_client = utf8 */;
CREATE TABLE `currency` (
  `CURRENCY_ID` bigint(20) NOT NULL,
  `CURRENCY_CODE` varchar(255) DEFAULT NULL,
  `CURRENCY_CURRENCY_CODE` varchar(255) NOT NULL,
  `CURRENCY_NAME` varchar(255) DEFAULT NULL,
  `CURRENCY_SUPPORTED` bit(1) DEFAULT NULL,
  PRIMARY KEY (`CURRENCY_ID`),
  UNIQUE KEY `UK_m7ku15ekud52vp67ry73a36te` (`CURRENCY_CURRENCY_CODE`),
  UNIQUE KEY `UK_1ubr7n96hjajamtggqp090a4x` (`CURRENCY_CODE`),
  UNIQUE KEY `UK_7r1k69cbk5giewqr5c9r4v6f` (`CURRENCY_NAME`)
) ENGINE=InnoDB DEFAULT CHARSET=utf8;
/*!40101 SET character_set_client = @saved_cs_client */;

--
-- Dumping data for table `currency`
--

LOCK TABLES `currency` WRITE;
/*!40000 ALTER TABLE `currency` DISABLE KEYS */;
INSERT INTO `currency` VALUES (1,'FJD','FJD','FJD',''),(2,'MXN','MXN','MXN',''),(3,'STD','STD','STD',''),(4,'LVL','LVL','LVL',''),(5,'SCR','SCR','SCR',''),(6,'CDF','CDF','CDF',''),(7,'BBD','BBD','BBD',''),(8,'GTQ','GTQ','GTQ',''),(9,'CLP','CLP','CLP',''),(10,'HNL','HNL','HNL',''),(11,'UGX','UGX','UGX',''),(12,'ZAR','ZAR','ZAR',''),(13,'MXV','MXV','MXV',''),(14,'TND','TND','TND',''),(15,'BSD','BSD','BSD',''),(16,'SLL','SLL','SLL',''),(17,'SDG','SDG','SDG',''),(18,'IQD','IQD','IQD',''),(19,'CUP','CUP','CUP',''),(20,'GMD','GMD','GMD',''),(21,'TWD','TWD','TWD',''),(22,'RSD','RSD','RSD',''),(23,'DOP','DOP','DOP',''),(24,'KMF','KMF','KMF',''),(25,'MYR','MYR','MYR',''),(26,'FKP','FKP','FKP',''),(27,'XOF','XOF','XOF',''),(28,'GEL','GEL','GEL',''),(29,'UYU','UYU','UYU',''),(30,'MAD','MAD','MAD',''),(31,'CVE','CVE','CVE',''),(32,'AZN','AZN','AZN',''),(33,'OMR','OMR','OMR',''),(34,'PGK','PGK','PGK',''),(35,'KES','KES','KES',''),(36,'SEK','SEK','SEK',''),(37,'BTN','BTN','BTN',''),(38,'UAH','UAH','UAH',''),(39,'GNF','GNF','GNF',''),(40,'ERN','ERN','ERN',''),(41,'MZN','MZN','MZN',''),(42,'SVC','SVC','SVC',''),(43,'ARS','ARS','ARS',''),(44,'QAR','QAR','QAR',''),(45,'IRR','IRR','IRR',''),(46,'MRO','MRO','MRO',''),(47,'CNY','CNY','CNY',''),(48,'XPF','XPF','XPF',''),(49,'THB','THB','THB',''),(50,'UZS','UZS','UZS',''),(51,'BDT','BDT','BDT',''),(52,'LYD','LYD','LYD',''),(53,'BMD','BMD','BMD',''),(54,'KWD','KWD','KWD',''),(55,'PHP','PHP','PHP',''),(56,'RUB','RUB','RUB',''),(57,'PYG','PYG','PYG',''),(58,'ISK','ISK','ISK',''),(59,'JMD','JMD','JMD',''),(60,'COP','COP','COP',''),(61,'USD','USD','USD',''),(62,'MKD','MKD','MKD',''),(63,'DZD','DZD','DZD',''),(64,'PAB','PAB','PAB',''),(65,'SGD','SGD','SGD',''),(66,'ETB','ETB','ETB',''),(67,'KGS','KGS','KGS',''),(68,'SOS','SOS','SOS',''),(69,'VUV','VUV','VUV',''),(70,'VEF','VEF','VEF',''),(71,'LAK','LAK','LAK',''),(72,'BND','BND','BND',''),(73,'ZMK','ZMK','ZMK',''),(74,'XAF','XAF','XAF',''),(75,'LRD','LRD','LRD',''),(76,'HRK','HRK','HRK',''),(77,'CHF','CHF','CHF',''),(78,'ALL','ALL','ALL',''),(79,'DJF','DJF','DJF',''),(80,'TZS','TZS','TZS',''),(81,'VND','VND','VND',''),(82,'AUD','AUD','AUD',''),(83,'ILS','ILS','ILS',''),(84,'GHS','GHS','GHS',''),(85,'GYD','GYD','GYD',''),(86,'KPW','KPW','KPW',''),(87,'BOB','BOB','BOB',''),(88,'KHR','KHR','KHR',''),(89,'MDL','MDL','MDL',''),(90,'IDR','IDR','IDR',''),(91,'KYD','KYD','KYD',''),(92,'AMD','AMD','AMD',''),(93,'BWP','BWP','BWP',''),(94,'SHP','SHP','SHP',''),(95,'TRY','TRY','TRY',''),(96,'LBP','LBP','LBP',''),(97,'TJS','TJS','TJS',''),(98,'JOD','JOD','JOD',''),(99,'HKD','HKD','HKD',''),(100,'RWF','RWF','RWF',''),(101,'AED','AED','AED',''),(102,'EUR','EUR','EUR',''),(103,'LSL','LSL','LSL',''),(104,'DKK','DKK','DKK',''),(105,'CAD','CAD','CAD',''),(106,'BOV','BOV','BOV',''),(107,'BGN','BGN','BGN',''),(108,'MMK','MMK','MMK',''),(109,'NOK','NOK','NOK',''),(110,'MUR','MUR','MUR',''),(111,'SYP','SYP','SYP',''),(112,'GIP','GIP','GIP',''),(113,'RON','RON','RON',''),(114,'LKR','LKR','LKR',''),(115,'NGN','NGN','NGN',''),(116,'CRC','CRC','CRC',''),(117,'CZK','CZK','CZK',''),(118,'PKR','PKR','PKR',''),(119,'XCD','XCD','XCD',''),(120,'ANG','ANG','ANG',''),(121,'HTG','HTG','HTG',''),(122,'BHD','BHD','BHD',''),(123,'KZT','KZT','KZT',''),(124,'SRD','SRD','SRD',''),(125,'SZL','SZL','SZL',''),(126,'LTL','LTL','LTL',''),(127,'SAR','SAR','SAR',''),(128,'TTD','TTD','TTD',''),(129,'YER','YER','YER',''),(130,'MVR','MVR','MVR',''),(131,'AFN','AFN','AFN',''),(132,'INR','INR','INR',''),(133,'AWG','AWG','AWG',''),(134,'KRW','KRW','KRW',''),(135,'NPR','NPR','NPR',''),(136,'JPY','JPY','JPY',''),(137,'MNT','MNT','MNT',''),(138,'AOA','AOA','AOA',''),(139,'PLN','PLN','PLN',''),(140,'GBP','GBP','GBP',''),(141,'SBD','SBD','SBD',''),(142,'HUF','HUF','HUF',''),(143,'BYR','BYR','BYR',''),(144,'BIF','BIF','BIF',''),(145,'MWK','MWK','MWK',''),(146,'MGA','MGA','MGA',''),(147,'XDR','XDR','XDR',''),(148,'BZD','BZD','BZD',''),(149,'BAM','BAM','BAM',''),(150,'EGP','EGP','EGP',''),(151,'MOP','MOP','MOP',''),(152,'NAD','NAD','NAD',''),(153,'NIO','NIO','NIO',''),(154,'PEN','PEN','PEN',''),(155,'NZD','NZD','NZD',''),(156,'WST','WST','WST',''),(157,'CLF','CLF','CLF',''),(158,'BRL','BRL','BRL','');
/*!40000 ALTER TABLE `currency` ENABLE KEYS */;
UNLOCK TABLES;

--
-- Table structure for table `customer`
--

DROP TABLE IF EXISTS `customer`;
/*!40101 SET @saved_cs_client     = @@character_set_client */;
/*!40101 SET character_set_client = utf8 */;
CREATE TABLE `customer` (
  `CUSTOMER_ID` bigint(20) NOT NULL,
  `CUSTOMER_ANONYMOUS` bit(1) DEFAULT NULL,
  `DATE_CREATED` datetime DEFAULT NULL,
  `DATE_MODIFIED` datetime DEFAULT NULL,
  `UPDT_ID` varchar(20) DEFAULT NULL,
  `BILLING_STREET_ADDRESS` varchar(256) DEFAULT NULL,
  `BILLING_CITY` varchar(100) DEFAULT NULL,
  `BILLING_COMPANY` varchar(100) DEFAULT NULL,
  `BILLING_FIRST_NAME` varchar(64) NOT NULL,
  `BILLING_LAST_NAME` varchar(64) NOT NULL,
  `LATITUDE` varchar(100) DEFAULT NULL,
  `LONGITUDE` varchar(100) DEFAULT NULL,
  `BILLING_POSTCODE` varchar(20) DEFAULT NULL,
  `BILLING_STATE` varchar(100) DEFAULT NULL,
  `BILLING_TELEPHONE` varchar(32) DEFAULT NULL,
  `CUSTOMER_COMPANY` varchar(100) DEFAULT NULL,
  `REVIEW_AVG` decimal(19,2) DEFAULT NULL,
  `REVIEW_COUNT` int(11) DEFAULT NULL,
  `CUSTOMER_DOB` datetime DEFAULT NULL,
  `DELIVERY_STREET_ADDRESS` varchar(256) DEFAULT NULL,
  `DELIVERY_CITY` varchar(100) DEFAULT NULL,
  `DELIVERY_COMPANY` varchar(100) DEFAULT NULL,
  `DELIVERY_FIRST_NAME` varchar(64) DEFAULT NULL,
  `DELIVERY_LAST_NAME` varchar(64) DEFAULT NULL,
  `DELIVERY_POSTCODE` varchar(20) DEFAULT NULL,
  `DELIVERY_STATE` varchar(100) DEFAULT NULL,
  `DELIVERY_TELEPHONE` varchar(32) DEFAULT NULL,
  `CUSTOMER_EMAIL_ADDRESS` varchar(96) NOT NULL,
  `CUSTOMER_GENDER` varchar(1) DEFAULT NULL,
  `CUSTOMER_NICK` varchar(96) DEFAULT NULL,
  `CUSTOMER_PASSWORD` varchar(60) DEFAULT NULL,
  `PROVIDER` varchar(255) DEFAULT NULL,
  `BILLING_COUNTRY_ID` int(11) NOT NULL,
  `BILLING_ZONE_ID` bigint(20) DEFAULT NULL,
  `LANGUAGE_ID` int(11) NOT NULL,
  `DELIVERY_COUNTRY_ID` int(11) DEFAULT NULL,
  `DELIVERY_ZONE_ID` bigint(20) DEFAULT NULL,
  `MERCHANT_ID` int(11) NOT NULL,
  PRIMARY KEY (`CUSTOMER_ID`),
  KEY `FK5pas8t9mknk4kkin55t4v300l` (`BILLING_COUNTRY_ID`),
  KEY `FKp0xcpa3i2mgdr0kq43xiibx40` (`BILLING_ZONE_ID`),
  KEY `FKdgjqmj04qt89gmfloo4ofojcw` (`LANGUAGE_ID`),
  KEY `FKbxyooiceli2ko29bupdye6jgn` (`DELIVERY_COUNTRY_ID`),
  KEY `FK3k21jw28bbx043c2mnhevg9w4` (`DELIVERY_ZONE_ID`),
  KEY `FK8122nrpakxu3umk1od4v0xxoa` (`MERCHANT_ID`),
  CONSTRAINT `FK3k21jw28bbx043c2mnhevg9w4` FOREIGN KEY (`DELIVERY_ZONE_ID`) REFERENCES `zone` (`ZONE_ID`),
  CONSTRAINT `FK5pas8t9mknk4kkin55t4v300l` FOREIGN KEY (`BILLING_COUNTRY_ID`) REFERENCES `country` (`COUNTRY_ID`),
  CONSTRAINT `FK8122nrpakxu3umk1od4v0xxoa` FOREIGN KEY (`MERCHANT_ID`) REFERENCES `merchant_store` (`MERCHANT_ID`),
  CONSTRAINT `FKbxyooiceli2ko29bupdye6jgn` FOREIGN KEY (`DELIVERY_COUNTRY_ID`) REFERENCES `country` (`COUNTRY_ID`),
  CONSTRAINT `FKdgjqmj04qt89gmfloo4ofojcw` FOREIGN KEY (`LANGUAGE_ID`) REFERENCES `language` (`LANGUAGE_ID`),
  CONSTRAINT `FKp0xcpa3i2mgdr0kq43xiibx40` FOREIGN KEY (`BILLING_ZONE_ID`) REFERENCES `zone` (`ZONE_ID`)
) ENGINE=InnoDB DEFAULT CHARSET=utf8;
/*!40101 SET character_set_client = @saved_cs_client */;

--
-- Dumping data for table `customer`
--

LOCK TABLES `customer` WRITE;
/*!40000 ALTER TABLE `customer` DISABLE KEYS */;
INSERT INTO `customer` VALUES (400,'\0',NULL,'2020-05-26 19:04:46',NULL,'miami','BHOPAL','HSC','Ritesh','Kum',NULL,NULL,'462041','','3057207118',NULL,0.00,0,NULL,'miami','BHOPAL','HSC','Ritesh','Kum','462041','','3057207118','krsingh081206@gmail.com','M','rYufJM','$2a$11$yyd58UH.zi/KO41w6S5fyuTemnoPjE3ss93ua45CXUw2XHQVwDMGW',NULL,37,117,1,37,117,1),(450,'\0',NULL,'2020-05-28 13:22:43',NULL,'D-24','Bhopal','HSC','Ritesh','Kumar',NULL,NULL,'462022','','3057207118',NULL,0.00,0,NULL,'D-24','Bhopal','HSC','Ritesh','Kumar','462022','','3057207118','krsingh081206@gmail.com','M','lZEBks','$2a$11$jzKw9ORsKhhO5ESNMsdbYeygcQpvAOssZoCoK7RewVNUtyL3ImNZu',NULL,37,117,1,37,117,1),(500,'\0',NULL,'2020-05-29 08:42:08',NULL,'h.no. 33','Bhopal','HNS','WIX','COM',NULL,NULL,'462022','','3057207118',NULL,0.00,0,NULL,'h.no. 33','Bhopal','HNS','WIX','COM','462022','','3057207118','krsingh081206@gmail.com','M','erxlvA','$2a$11$ZjI9fWNnEX9v6cv/p2bunOIsT6bX/kFUPq2vXfoqeVrF8zPMocwKK',NULL,37,117,1,37,117,1),(550,'\0',NULL,'2020-05-29 08:55:05',NULL,'Zone-II','BHOPAL','HUGHES','Prantik','Mullick',NULL,NULL,'462023','','9555948813',NULL,0.00,0,NULL,'Zone-II','BHOPAL','HUGHES','Prantik','Mullick','462023','','9555948813','krsingh081206@gmail.com','M','HDrBAA','$2a$11$qaUI87KTw7vK8JacJuqxQeVjpPqfIG7EtRml8Xh4Y3gbJ2C6f5ymK',NULL,37,117,1,37,117,1),(600,'\0',NULL,'2020-06-03 13:52:39',NULL,'H.NO. 32 T.T. Nagar Road','Bhopal','HUGHES','Sugandha','Rani',NULL,NULL,'462002','','9582244441',NULL,0.00,0,NULL,'H.NO. 32 T.T. Nagar Road','Bhopal','HUGHES','Sugandha','Rani','462002','','9582244441','mini.kpw88@gmail.com','M','ZJYZZZ','$2a$11$gYhO0/iAYF9ugK/2TJU3QeknO3zM0vgecAqvKQi4GDvl1CyzRK/KW',NULL,37,117,1,37,117,1),(650,'\0',NULL,'2020-06-03 14:29:23',NULL,'H.No. 45 , AHINSA VIHAR','Bhopal','HSC','Ritesh','Kumar',NULL,NULL,'462041','','9891820992',NULL,0.00,0,NULL,'H.No. 45 , AHINSA VIHAR','Bhopal','HSC','Ritesh','Kumar','462041','','9891820992','riteshsingh.hcltech@gmail.com','M','mxazjt','$2a$11$lwKEE5zhWDVxgGDm2DQ9XurboftJlkCnvSTOpRmHpIaPVRL.bf.hi',NULL,37,117,1,37,117,1),(651,'\0',NULL,'2020-06-03 14:35:03',NULL,'H. No. 142','Bhopal','Hsc','Arvind','Chauhan',NULL,NULL,'462022','','9891820992',NULL,0.00,0,NULL,'H. No. 142','Bhopal','Hsc','Arvind','Chauhan','462022','','9891820992','krsingh081206@gmail.com','M','ZAEwhf','$2a$11$f7CsolzynaEAkAdmGt9FCuCfeMrEatlHxknOpRX9tvU1UDkIG7Mfe',NULL,37,117,1,37,117,1),(652,'\0',NULL,'2020-06-03 14:40:06',NULL,'H. No. 142 Govindpura','Bhopal','Hsc','Arvind','Tiwaari',NULL,NULL,'462023','','9891820992',NULL,0.00,0,NULL,'H. No. 142 Govindpura','Bhopal','Hsc','Arvind','Tiwaari','462023','','9891820992','krsingh081206@gmail.com','M','GCFgBt','$2a$11$EzieYhV34kfpiwqA4Ixw3u/gLnS92glMF.T2glzyNKCBLsPAEgT1m',NULL,37,117,1,37,117,1),(700,'\0',NULL,'2020-06-03 15:52:16',NULL,'32 ABHINAV HOMES','BHOPAL','HUGHES','Ritesh','Kumar',NULL,NULL,'462021','','9891820992',NULL,0.00,0,NULL,'32 ABHINAV HOMES','BHOPAL','HUGHES','Ritesh','Kumar','462021','','9891820992','riteshsingh.hcltech@gmail.com','M','vK_Fzj','$2a$11$ADhGnKy5q661xn6888H6VOZN.tuUh3twPGIuHLGn9Xl0Xdq4DpKGa',NULL,37,117,1,37,117,1),(701,'\0',NULL,'2020-06-03 15:58:44',NULL,'H. No. 142 Govindpura','Bhopal','Hsc','Ritesh','Kumar',NULL,NULL,'462021','','9891820992',NULL,0.00,0,NULL,'H. No. 142 Govindpura','Bhopal','Hsc','Ritesh','Kumar','462021','','9891820992','krsingh081206@gmail.com','M','hvmBtJ','$2a$11$awSOgiw9dutcVoWYv7RV9.Hhced3z/iyEE7N.9gWtZeoqggnfknD.',NULL,37,117,1,37,117,1),(750,'\0',NULL,'2020-06-03 21:24:52',NULL,'H. No. 142','Bhopal','Hsc','Ritesh','Kumar',NULL,NULL,'462022','','9891820992',NULL,0.00,0,NULL,'H. No. 142','Bhopal','Hsc','Ritesh','Kumar','462022','','9891820992','krsingh081206@gmail.com','M','ApRpmH','$2a$11$KFky7SEeu/NaHjU1OtxfheuhuwQG3dp4mcclBt58oejzCVZkUmnFa',NULL,37,117,1,37,117,1),(800,'\0',NULL,'2020-06-04 15:00:37',NULL,'H.NO. 45','Bhopal','HUGHES','Arving','Mullick',NULL,NULL,'462041','','98918209992',NULL,0.00,0,NULL,'H.NO. 45','Bhopal','HUGHES','Arving','Mullick','462041','','98918209992','krsingh081206@gmail.com','M','XFboWa','$2a$11$zvn6b.A1MZFLvXq0n4iYNuhsDzev5kMLvOOI2HD7Iq16We02iiT4u',NULL,37,117,1,37,117,1),(850,'\0',NULL,'2020-06-05 21:12:24',NULL,'H.NO. 45 INDRAPURI A- SECTOR','Bhopal','Singh','Ritesh','Kumar',NULL,NULL,'462022','','9899920992',NULL,0.00,0,NULL,'H.NO. 45 INDRAPURI A- SECTOR','Bhopal','Singh','Ritesh','Kumar','462022','','9899920992','riteshsingh.hcltech@gmail.com','M','ZpnOpE','$2a$11$UtVzUuh1Ebx24kOE7zTFjuAlziXJY4AVIzPZL3AcBRMX89yIBhCEa',NULL,37,117,1,37,117,1),(900,'\0',NULL,'2020-06-05 22:22:26',NULL,'BHEL Toy Train ','Bhopal','HUGHES','vintage','Mullick',NULL,NULL,'462022','','1234567891',NULL,0.00,0,NULL,'BHEL Toy Train ','Bhopal','HUGHES','vintage','Mullick','462022','','1234567891','riteshsingh.hcltech@gmail.com','M','Fuazxs','$2a$11$qkm3B5YFMVEDHzdFW3O5LuB7ML5w30fWE3/JcSvoQw0Ac.Qru1jFa',NULL,37,117,1,37,117,1),(901,'\0',NULL,'2020-06-05 22:30:35',NULL,'h.no. 32','Bhopal','carnival','luca','sullivan',NULL,NULL,'462022','','1234567891',NULL,0.00,0,NULL,'h.no. 32','Bhopal','carnival','luca','sullivan','462022','','1234567891','kriteshsingh.hcltech@gmail.com','M','VitGEq','$2a$11$JMTeE1NB6wBQ5wht84ae1O.aUkG1A.JkjCWgRZ8mFBrflhKddhClu',NULL,37,117,1,37,117,1),(902,'\0',NULL,'2020-06-05 22:35:11',NULL,'Bairagarh Road','Bhopal','HUGHES','ARUN','YADAV',NULL,NULL,'462030','','2342342342',NULL,0.00,0,NULL,'Bairagarh Road','Bhopal','HUGHES','ARUN','YADAV','462030','','2342342342','riteshsingh.hcltech@gmail.com','M','zoLhdX','$2a$11$WmHrQIo1JvEHpTsMyaWTPOITT77qMunEE5JjaI0LGar4FFbpaj8Sy',NULL,37,117,1,37,117,1),(950,'\0',NULL,'2020-09-30 18:09:37',NULL,'Piplani Gurudwara Square, Sector A, Berkheda','Bhopal','HSC','Ritesh','Kumar',NULL,NULL,'462022','','9555948813',NULL,0.00,0,NULL,'Piplani Gurudwara Square, Sector A, Berkheda','Bhopal','HSC','Ritesh','Kumar','462022','','9555948813','krsingh081206@gmail.com','M','krsingh081206@gmail.com','$2a$11$4Vgu5PR66ORws/EBKMaCG.m7W2z0AALFLKHLwK5YKVrv90UYHt3o.',NULL,37,117,1,37,117,1),(1000,'\0',NULL,'2020-06-07 16:23:32',NULL,'H.NO. 56 SECTOR-A','Bhopal','HSC','ARVIND','CHAUHAN',NULL,NULL,'462022','','9555948813',NULL,0.00,0,NULL,'H.NO. 56 SECTOR-A','Bhopal','HSC','ARVIND','CHAUHAN','462022','','9555948813','kriteshsingh.hcltech@gmail.com','M','uzyCBt','$2a$11$cGmjEttfHXBpl3fsu619FOQvvlsItzfwTCOH.JEuvoB4qlWPk5c4e',NULL,37,117,1,37,117,1),(1050,'\0',NULL,'2020-06-07 17:57:58',NULL,'H.NO. 54 A-SECTOR AWADHPURI','Bhopal','Carnival','Ritesh','Newman',NULL,NULL,'462022','','9582244441',NULL,0.00,0,NULL,'H.NO. 54 A-SECTOR AWADHPURI','Bhopal','Carnival','Ritesh','Newman','462022','','9582244441','krsingh081206@gmail.com','M','LXEAYW','$2a$11$LVIOn2KfaCrwLxGS/J212.I04V4CGgehycS8mEN.Nrm26cKdDMzEC',NULL,37,117,1,37,117,1),(1100,'\0',NULL,'2020-06-28 12:14:27',NULL,'Madhya Pradesh State Highway 23','Bhopal','HSC','Ritesh','Kuamr',NULL,NULL,'462022','','1234567891',NULL,0.00,0,NULL,'Madhya Pradesh State Highway 23','Bhopal','HSC','Ritesh','Kuamr','462022','','1234567891','RITESHSINGH.HCLTECH@gmail.com','M','vzcKsp','$2a$11$4udMFE3Fk4GxmrLAkShrP.ylJHmbTdtlVCtsmiSqI7NXW.PfrD3vC',NULL,37,117,1,37,117,1),(1150,'\0',NULL,'2020-07-25 23:36:10',NULL,'h.no. 54','Bhopal','HNS','Anonymous','Milo',NULL,NULL,'462022','','1234567891',NULL,0.00,0,NULL,'h.no. 54','Bhopal','HNS','Anonymous','Milo','462022','','1234567891','kumar.ritesh@hsc.com','M','YcthlY','$2a$11$mTK2Qn61w3XQqu8o.N9mIOyOBhCz5J9Qc2OsPH47.hreVpgAest3S',NULL,37,117,1,37,117,1),(1200,'\0',NULL,'2020-07-26 00:56:38',NULL,'h.no. 5467','Bhopal','FISERV','Navneet','Singh',NULL,NULL,'462041','','1234512345',NULL,0.00,0,NULL,'h.no. 5467','Bhopal','FISERV','Navneet','Singh','462041','','1234512345','kumar.ritesh@hsc.com','M','DIHTjv','$2a$11$57G5YteChJxwFeAiLYqGC.ql6BGssBOoKh8UMIex04VX6.eoiuv1e',NULL,37,117,1,37,117,1),(1201,'\0',NULL,'2020-07-26 01:29:06',NULL,'h.no. 45','Bhopal','HSC','Ritesh','Manik',NULL,NULL,'462041','','1234561234',NULL,0.00,0,NULL,'h.no. 45','Bhopal','HSC','Ritesh','Manik','462041','','1234561234','krsingh081206@gmail.com','M','JDCZbE','$2a$11$qF5ofbf5VnHwhZ2sbq9gV.WOMb58m8tC7SFhXuHxaHQ.ARfmML.AW',NULL,37,117,1,37,117,1),(1250,'\0',NULL,'2021-02-26 11:19:05',NULL,'H.No. 55, Abhinav Homes Phase II,Ayodhya Nagar,Bhopal','Bhopal','HSC','Ritesh','Singh',NULL,NULL,'462041','','+919555948813',NULL,0.00,0,NULL,'H.No. 55, Abhinav Homes Phase II,Ayodhya Nagar,Bhopal','Bhopal','HSC','Ritesh','Singh','462041','','+919555948813','riteshsingh.hcltech@gmail.com','M','riteshsingh.hcltech@gmail.com','$2a$11$ca2ma0rmeuK1aIj4lgYc4.UkWQ94z6w22HnufNz.n/ImqPjL2UOc2',NULL,37,117,1,37,117,1),(1300,'\0',NULL,'2020-08-09 17:56:13',NULL,'H.No. 545','Bhopal','HNS','Arvind','Beni',NULL,NULL,'462041','','1234567891',NULL,0.00,0,NULL,'H.No. 545','Bhopal','HNS','Arvind','Beni','462041','','1234567891','krsingh081206@gmail.com','M','tVLjBc','$2a$11$.4q6jl9Pc01nh/xNs9F3SulVMtcl6lULJObDrjHvnshzIu40V.IQe',NULL,37,117,1,37,117,1),(1301,'\0',NULL,'2021-02-26 11:10:56',NULL,'H.NO. 55, Piplani Gurudwara Square','Bhopal','HSC','Ritesh','Singh',NULL,NULL,'462022','','+918375940852',NULL,0.00,0,NULL,'H.NO. 55, Piplani Gurudwara Square','Bhopal','HSC','Ritesh','Singh','462022','','+918375940852','kriteshsingh.hcltech@gmail.com','M','kriteshsingh.hcltech@gmail.com','$2a$11$RFdVcVmNug1vnt4jLkDV2.EDGkifektzOhxq1w64fd4GLYVuFuPIq',NULL,37,117,1,37,117,1),(1350,'\0',NULL,'2020-08-10 10:53:50',NULL,'H.NO. 56, Bharat Nagar Rd, Karamveer Nagar, Bharat Nagar','Bhopal','HSC','ERIC','JOHNSON',NULL,NULL,'462022','','1234561234',NULL,0.00,0,NULL,'H.NO. 56, Bharat Nagar Rd, Karamveer Nagar, Bharat Nagar','Bhopal','HSC','ERIC','JOHNSON','462022','','1234561234','riteshsingh.hcltech@gmail.com','M','NHGzOZ','$2a$11$CkGBmmiQG0LKDIYaqsM5kethuymdTtArNyYLtYqd/m3UhhqDp7eja',NULL,37,117,1,37,117,1),(1400,'\0',NULL,'2020-08-16 12:55:17',NULL,'h.no. 45, Hazrat Nizamuddin Colony, Sector B, Ayodhya Nagar','Bhopal','HNS','Ritesh','Kumar',NULL,NULL,'462022','','1234512345',NULL,0.00,0,NULL,'h.no. 45, Hazrat Nizamuddin Colony, Sector B, Ayodhya Nagar','Bhopal','HNS','Ritesh','Kumar','462022','','1234512345','riteshsingh.hcltech@gmail.com','M','MsvyDw','$2a$11$PfekUVlL/HKzqliFgq0a5ulWXiUHTLrL31Ry05N9jVNMTqnf0koIO',NULL,37,117,1,37,117,1),(1450,'\0',NULL,'2020-08-23 18:28:48',NULL,'Ayodhya Nagar Sector D, ISRO Colony, Ayodhya Bypass','Bhopal','hsc','Ritesh','Sinh',NULL,NULL,'462041','','1234567123',NULL,0.00,0,NULL,'Ayodhya Nagar Sector D, ISRO Colony, Ayodhya Bypass','Bhopal','hsc','Ritesh','Sinh','462041','','1234567123','riteshsingh.hcltech@gmail.com','M','uaCCWQ','$2a$11$i6THMkDah6WiJwiMXuDOiuKP1gBiVMvUZaFqIwGWuODyMtrYiUV9G',NULL,37,117,1,37,117,1),(1451,'\0',NULL,'2020-08-23 18:32:21',NULL,'Ayodhya Nagar Sector D, ISRO Colony, Ayodhya Bypass','Bhopal','hsc','Ritesh','Sinh',NULL,NULL,'462041','','1234567123',NULL,0.00,0,NULL,'Ayodhya Nagar Sector D, ISRO Colony, Ayodhya Bypass','Bhopal','hsc','Ritesh','Sinh','462041','','1234567123','riteshsingh.hcltech@gmail.com','M','G_elHU','$2a$11$O5xf5hiJpFrYWQ6SjWUaEOySePZyUaNIZTAdxY42mIX4FonwlW2cy',NULL,37,117,1,37,117,1),(1500,'\0',NULL,'2020-08-23 18:39:48',NULL,'Rajsamrat Colony, Ayodhya Nagar, Bhopal','Bhopal','HSC','Vinayak','Kulkarni',NULL,NULL,'462041','','1234567123',NULL,0.00,0,NULL,'Rajsamrat Colony, Ayodhya Nagar, Bhopal','Bhopal','HSC','Vinayak','Kulkarni','462041','','1234567123','riteshsingh.hcltech@gmail.com','M','BHZOZQ','$2a$11$qlRHO5kWnNhyB95/uWpSLuLDZRAI68/l1rFFwpAPRiHc6wcvXVF9C',NULL,37,117,1,37,117,1),(1501,'\0',NULL,'2020-08-23 18:43:51',NULL,'Bhavna Nagar, Sector A, Rajeev Nagar','Bhopal','HSC','ERTD','Mullick',NULL,NULL,'462041','','1234567123',NULL,0.00,0,NULL,'Bhavna Nagar, Sector A, Rajeev Nagar','Bhopal','HSC','ERTD','Mullick','462041','','1234567123','riteshsingh.hcltech@gmail.com','M','taSOmC','$2a$11$rBZMRy.IPt4s.ufG/yKwgOyC7BlQ3.VOaGPBzttNlWByarPaURo.a',NULL,37,117,1,37,117,1),(1502,'\0',NULL,'2020-08-23 18:45:32',NULL,'Bhavna Nagar, Sector A, Rajeev Nagar','Bhopal','HSC','ERTD','Mullick',NULL,NULL,'462041','','1234567123',NULL,0.00,0,NULL,'Bhavna Nagar, Sector A, Rajeev Nagar','Bhopal','HSC','ERTD','Mullick','462041','','1234567123','riteshsingh.hcltech@gmail.com','M','CmGfBc','$2a$11$36aXin9IF2SfNm3RyqLSO.1cGA4qOb7yXMmSH3L3ORc/RwCD.ffke',NULL,37,117,1,37,117,1),(1550,'\0',NULL,'2020-08-23 18:54:04',NULL,'Rajsamrat Colony, Ayodhya Nagar, Bhopal','Bhopal','hsc','anay','verma',NULL,NULL,'462041','','1231231234',NULL,0.00,0,NULL,'Rajsamrat Colony, Ayodhya Nagar, Bhopal','Bhopal','hsc','anay','verma','462041','','1231231234','riteshsingh.hcltech@gmail.com','M','Wr_mQO','$2a$11$2Dlw2n.4smLk/YL.GNB1uONfqgoi/PG0WeK7vcrAdvdd/vGv8iyKa',NULL,37,117,1,37,117,1),(1551,'\0',NULL,'2020-08-23 18:57:49',NULL,'Bhavna Nagar, Sector A, Rajeev Nagar','Bhopal','fssff','Ritehs','wfwfsf',NULL,NULL,'462041','','1234561234',NULL,0.00,0,NULL,'Bhavna Nagar, Sector A, Rajeev Nagar','Bhopal','fssff','Ritehs','wfwfsf','462041','','1234561234','riteshsingh.hcltech@gmail.com','M','IrRBQE','$2a$11$eyqgOxoPcTZMvMOF0Mh.cek.GeS/qILHuQiDz7oTevrskXLliREj2',NULL,37,117,1,37,117,1),(1600,'\0',NULL,'2020-08-23 21:46:21',NULL,'Sonagiri Square,BHEL, Bhopal, Bhopal','Bhopal','hsc','viney','jian',NULL,NULL,'462022','','1234561234',NULL,0.00,0,NULL,'Sonagiri Square,BHEL, Bhopal, Bhopal','Bhopal','hsc','viney','jian','462022','','1234561234','riteshsingh.hcltech@gmail.com','M','aMogpj','$2a$11$UqvtNcNavGLZukZrgwhTX.AkVgYPbm8YR0oE8kmKsWJsE/9coJWzq',NULL,37,117,1,37,117,1),(1650,'\0',NULL,'2020-08-23 22:07:54',NULL,'Raj Samrat Colony, Durgesh Vihar, Ayodhya Nagar','Bhopal','hsd','Roy','ravan',NULL,NULL,'462022','','1234567891',NULL,0.00,0,NULL,'Raj Samrat Colony, Durgesh Vihar, Ayodhya Nagar','Bhopal','hsd','Roy','ravan','462022','','1234567891','riteshsingh.hcltech@gmail.com','M','YFR_pc','$2a$11$fgkLyRdLPC4P.VM3u3oLR.IJJ.MbgZ4szqiBySKtkpz3KFvakZPma',NULL,37,117,1,37,117,1),(1700,'\0',NULL,'2020-08-24 23:06:04',NULL,'h.no. 54 ,Phase - 2, Sector B, Ayodhya Nagar','Bhopal','HSC','RAVI','SONI',NULL,NULL,'462022','','1234561234',NULL,0.00,0,NULL,'h.no. 54 ,Phase - 2, Sector B, Ayodhya Nagar','Bhopal','HSC','RAVI','SONI','462022','','1234561234','riteshsingh.hcltech@gmail.com','M','unjzlZ','$2a$11$YEsKsT72PJ6k.cnwqvpSnezjpnHNK9VnHTL9fXBLmX24SIUKN1gP.',NULL,37,117,1,37,117,1),(1750,'\0',NULL,'2020-08-25 12:26:50',NULL,'h.no. 55, Bhawani Campus, Paras Nagar, Ayodhya Nagar','Bhopal','HNS','PESHWA','PURANIK',NULL,NULL,'462022','','1234512345',NULL,0.00,0,NULL,'h.no. 55, Bhawani Campus, Paras Nagar, Ayodhya Nagar','Bhopal','HNS','PESHWA','PURANIK','462022','','1234512345','riteshsingh.hcltech@gmail.com','M','hSveax','$2a$11$lMNZhTWXdaWY.7aLnsnNYeISzGMI.D7FX1yDmIGHEJIx3XVNPvVlW',NULL,37,117,1,37,117,1),(1800,'\0',NULL,'2020-08-25 12:34:38',NULL,'Phase - 2, Sector B, Ayodhya Nagar','Bhopal','HSC','ANAY','KAUSHIK',NULL,NULL,'462022','','1234512345',NULL,0.00,0,NULL,'Phase - 2, Sector B, Ayodhya Nagar','Bhopal','HSC','ANAY','KAUSHIK','462022','','1234512345','riteshsingh.hcltech@gmail.com','M','fqAABJ','$2a$11$veAnfDx3tImum6paDKt4D.h.fvB5pWiv09JEf5dV26TRYMD.BZNzi',NULL,37,117,1,37,117,1),(1850,'\0',NULL,'2020-08-25 13:03:11',NULL,'HIG -4, A Sector, Sonagiri, Bhopal','Bhopal','HSC','Ritesh','Kumar',NULL,NULL,'462022','','1234512345',NULL,0.00,0,NULL,'HIG -4, A Sector, Sonagiri, Bhopal','Bhopal','HSC','Ritesh','Kumar','462022','','1234512345','riteshsingh.hcltech@gmail.com','M','oxgSdw','$2a$11$vxUPOnl0zeRciHz38PbvAO7qYUysufwu2USqS5GHguNt8xSWODrPe',NULL,37,117,1,37,117,1),(1900,'\0',NULL,'2020-08-25 15:28:43',NULL,'H.NO. 567, Apsara Complex, Sector A, Indrapuri','Bhopal','HNS','Vinayak','Kulkarni',NULL,NULL,'462022','','1234123412',NULL,0.00,0,NULL,'H.NO. 567, Apsara Complex, Sector A, Indrapuri','Bhopal','HNS','Vinayak','Kulkarni','462022','','1234123412','riteshsingh.hcltech@gmail.com','M','OD_TPO','$2a$11$FQT.yk9VK8tj1PD1h7Q9ZuCbyG25RkWTff2ImNJB6oTg2KQB4/u1y',NULL,37,117,1,37,117,1),(1950,'\0',NULL,'2021-02-27 09:08:44',NULL,'H.NO. 567, Apsara Complex, Sector A, Indrapuri','Bhopal','HSC','NEIL','KHER',NULL,NULL,'462022','','+919555948813',NULL,0.00,0,NULL,'H.NO. 567, Apsara Complex, Sector A, Indrapuri','Bhopal','HSC','NEIL','KHER','462022','','+919555948813','ccshopizer@gmail.com','M','ccshopizer@gmail.com','$2a$11$TpDx9pCJScQgwRWs9DIESOcD0f0D84.MXgADzXxuD.wO58Fg3QoO.',NULL,37,117,1,37,117,1),(2000,'\0',NULL,'2020-08-25 23:10:40',NULL,'h.no. 53, Sonagiri Square,BHEL, Bhopal, Bhopal','Bhopal','HSC','Ritesh','Kumar',NULL,NULL,'462022','','1231231231',NULL,0.00,0,NULL,'h.no. 53, Sonagiri Square,BHEL, Bhopal, Bhopal','Bhopal','HSC','Ritesh','Kumar','462022','','1231231231','riteshsingh.hcltech@gmail.com','M','lbVZfy','$2a$11$IOhr2tMzVTM.GoHDpFQ/VuzZdOTbPOPtzPsNV10qZxy9v578.8uu2',NULL,37,117,1,37,117,1),(2050,'\0',NULL,'2020-08-27 12:10:19',NULL,'Bhavani Tower, Ayodhya Bypass Rd, Chhatrapati Nagar','Bhopal','HSC','Damodar','Das',NULL,NULL,'462022','','1231231231',NULL,0.00,0,NULL,'Bhavani Tower, Ayodhya Bypass Rd, Chhatrapati Nagar','Bhopal','HSC','Damodar','Das','462022','','1231231231','kriteshsingh.hcltech@gmail.com','M','PftdMi','$2a$11$rXugGEtOwhF9Z0B4kQPTGun5hPYNN4Y.3Hj26Kz5Lk.xLRf2Hd7v6',NULL,37,117,1,37,117,1),(2100,'\0',NULL,'2020-08-30 11:28:51',NULL,'H.No. 55, Phase - 2, Sector B, Ayodhya Nagar','Bhopal','HSC','WAYGNER','WILSON',NULL,NULL,'462022','','1234567123',NULL,0.00,0,NULL,'H.No. 55, Phase - 2, Sector B, Ayodhya Nagar','Bhopal','HSC','WAYGNER','WILSON','462022','','1234567123','kriteshsingh.hcltech@gmail.com','M','qtkotC','$2a$11$DGYILbcM9eqlDXDfCtDzE.8DnYw/wFvr0Smp6/CESyxmeqVRDQtIK',NULL,37,117,1,37,117,1),(2150,'\0',NULL,'2020-08-30 11:34:32',NULL,'B-1,Indrapuri C sector, Sector C, Indrapuri','Bhopal','HSC','Vinayak','Kulkarni',NULL,NULL,'462022','','1231231234',NULL,0.00,0,NULL,'B-1,Indrapuri C sector, Sector C, Indrapuri','Bhopal','HSC','Vinayak','Kulkarni','462022','','1231231234','kriteshsingh.hcltech@gmail.com','M','vVvUGH','$2a$11$QUYnAe22guX22mmW6OmA9.h94EP4DgAmfnZ9.ESavo4.lsiY7o3OW',NULL,37,117,1,37,117,1),(2200,'\0',NULL,'2020-08-30 11:49:41',NULL,'h.no. 56, Indrapuri B Sector, Sector B, Indrapuri','Bhopal','HNS','Damodar','Das',NULL,NULL,'462022','','1231234567',NULL,0.00,0,NULL,'h.no. 56, Indrapuri B Sector, Sector B, Indrapuri','Bhopal','HNS','Damodar','Das','462022','','1231234567','kriteshsingh.hcltech@gmail.com','M','ewpZVs','$2a$11$XgMfubylZVIpdEYe8c82SOB/sRJQ99Dwnwf3uHuTFl9pNvsPUZd/S',NULL,37,117,1,37,117,1),(2250,'\0',NULL,'2020-08-30 17:54:35',NULL,'Bhavani Tower, Ayodhya Bypass Rd, Chhatrapati Nagar','Bhopal','Yono','Ritesh','Singh',NULL,NULL,'462022','','9891820992',NULL,0.00,0,NULL,'Bhavani Tower, Ayodhya Bypass Rd, Chhatrapati Nagar','Bhopal','Yono','Ritesh','Singh','462022','','9891820992','kriteshsingh.hcltech@gmail.com','M','UShMGY','$2a$11$bfAYc/tPnrlk8P.ck4E8QeCB01/W3rpSJYumPcF8X8ErJHxbt7/vm',NULL,37,117,1,37,117,1),(2300,'\0',NULL,'2020-09-12 13:43:40',NULL,'H. No. 142 Govindpura','Bhopal','Hsc','Ritesh','Sachan',NULL,NULL,'462022','','9891820992',NULL,0.00,0,NULL,'H. No. 142 Govindpura','Bhopal','Hsc','Ritesh','Sachan','462022','','9891820992','krsingh081206@gmail.com','M','MWFIaF','$2a$11$FEsviJtosgLcmm3D3n08XOCCae40YEwWqhNYXHbIs8L7YK7p2nUW.',NULL,37,117,1,37,117,1),(2400,'\0',NULL,'2020-10-01 15:51:28',NULL,'Saket Nagar Main Rd, Saket Nagar, Habib Ganj','Bhopal','H.NO. 524B','Manav','Lal',NULL,NULL,'462024','','9899891234',NULL,0.00,0,NULL,'Saket Nagar Main Rd, Saket Nagar, Habib Ganj','Bhopal','H.NO. 524B','Manav','Lal','462024','','9899891234','medallionet.carnival@gmail.com','M','medallionet.carnival@gmail.com','$2a$11$cnGifO/h2LQEibPkartvxefju2BMivdP9LOQC8JkeK2ba3CxbgBlW',NULL,37,117,1,37,117,1),(2450,'\0',NULL,'2020-10-02 12:37:18',NULL,'Awadhpuri, Bhopal, Bhopal','Bhopal','32','reyansh','singh',NULL,NULL,'462022','','8891820992',NULL,0.00,0,NULL,'Awadhpuri, Bhopal, Bhopal','Bhopal','32','reyansh','singh','462022','','8891820992','krsingh081206@gmail.com','M','IoXKBK','$2a$11$ZOYdudEz.B1m3It7aHx2OOyqLBIQ9IQGnhwIRvvaJ10zvmG03oZ4m',NULL,37,117,1,37,117,1),(2500,'\0',NULL,'2020-10-02 12:45:43',NULL,'A Sector, Sonagiri, Bhopal','Bhopal','342','rachit','jain',NULL,NULL,'462022','','8891820992',NULL,0.00,0,NULL,'A Sector, Sonagiri, Bhopal','Bhopal','342','rachit','jain','462022','','8891820992','krsingh081206@gmail.com','M','_usFZT','$2a$11$WkB.d/JPYYuUJ9njfi7scODKhPxbN8g3/VsK2Ag0blEB40W2zhuKe',NULL,37,117,1,37,117,1),(2650,'\0',NULL,'2020-10-03 19:15:29',NULL,'AYODHYA BYPASS ROAD','BHOPAL','32','ritesh','vinayak',NULL,NULL,'462041','','9891820992',NULL,0.00,0,NULL,'AYODHYA BYPASS ROAD','BHOPAL','32','ritesh','vinayak','462041','','9891820992','krsingh081206@gmail.com','M','MAxlGu','$2a$11$DWoY6pHlQ4shWviZe/Ty5OKcYM3omBDzBhwdF1SY90tQGYgLoi/K.',NULL,37,117,1,37,117,1),(2700,'\0',NULL,'2020-10-04 12:43:06',NULL,'Phase - 2, Sector B, Ayodhya Nagar','Bhopal','22','anamika','sehjal',NULL,NULL,'462022','','9891820992',NULL,0.00,0,NULL,'Phase - 2, Sector B, Ayodhya Nagar','Bhopal','22','anamika','sehjal','462022','','9891820992','krsingh081206@gmail.com','M','hTyDJA','$2a$11$mPLAw6ne1reEVOrZBtOlxO9XVTrjjKEG0QwN3oLuJFHXuZ0XI4PgC',NULL,37,117,1,37,117,1),(2701,'\0',NULL,'2020-10-04 12:45:32',NULL,'A Sector, Sonagiri, Bhopal','Bhopal','21','adhir','ranjan',NULL,NULL,'462022','','9898989898',NULL,0.00,0,NULL,'A Sector, Sonagiri, Bhopal','Bhopal','21','adhir','ranjan','462022','','9898989898','krsingh081206@gmail.com','M','KeClo_','$2a$11$D7zy9VzOdXS1GSIJeuoTbeAop3NqF6XnfDFxKyvtR1HFSQgnIUoG2',NULL,37,117,1,37,117,1),(2702,'\0',NULL,'2020-10-04 12:48:31',NULL,'Ahinsa Vihar Colony, Ayodhya Nagar, Bhopal','Bhopal','23','sonam','wangchuk',NULL,NULL,'462041','','9891820992',NULL,0.00,0,NULL,'Ahinsa Vihar Colony, Ayodhya Nagar, Bhopal','Bhopal','23','sonam','wangchuk','462041','','9891820992','krsingh081206@gmail.com','M','Lc_QZB','$2a$11$NVBdC6xtNkZj7wAUQYHFiO.wCjKa6riiJOcpWAgFDjRZAuqcs.RtO',NULL,37,117,1,37,117,1),(2703,'\0',NULL,'2020-10-04 12:52:56',NULL,'Rajsamrat Colony, Ayodhya Nagar, Bhopal','Bhopal','323','Ritesh','Singh',NULL,NULL,'462041','','9891820992',NULL,0.00,0,NULL,'Rajsamrat Colony, Ayodhya Nagar, Bhopal','Bhopal','323','Ritesh','Singh','462041','','9891820992','krsingh081206@gmail.com','M','UOkpRg','$2a$11$pSt7DUL0Qmw8OuIokfr8MObpWpC9xXrpbHhFsQWXI1GYIBDVWhJVO',NULL,37,117,1,37,117,1),(2750,'\0',NULL,'2020-10-31 22:40:43',NULL,'Bhawani Campus, Paras Nagar, Ayodhya Nagar','Bhopal','45','shafiq','seth',NULL,NULL,'462022','','+919555948813',NULL,0.00,0,NULL,'Bhawani Campus, Paras Nagar, Ayodhya Nagar','Bhopal','45','shafiq','seth','462022','','+919555948813','krsingh081206@gmail.com','M','bWimCJ','$2a$11$wuVRvfxWmMO8zlzrF4Wxh.VMk1Pe8c1d1DhfthIggnAH9IHgrcmhO',NULL,37,117,1,37,117,1),(2800,'\0',NULL,'2020-10-31 23:14:34',NULL,'Bharat Nagar, Indrapuri, Bhopal','Bhopal','45','ARVINUM','ISTHIAG',NULL,NULL,'462022','','+919555948813',NULL,0.00,0,NULL,'Bharat Nagar, Indrapuri, Bhopal','Bhopal','45','ARVINUM','ISTHIAG','462022','','+919555948813','kriteshsingh.hcltech@gmail.com','M','VfFTus','$2a$11$fxq6oXVFuaYWV.pEohIMjeHT3XLEWf8RQzODk5gvvl4AAev/.gYHe',NULL,37,117,1,37,117,1),(2850,'\0',NULL,'2020-11-01 18:04:15',NULL,'Indrapuri C sector, Sector C, Indrapuri','Bhopal','H.NO. 567C','Ravindra','Pushpa',NULL,NULL,'462022','','+919555948813',NULL,0.00,0,NULL,'Indrapuri C sector, Sector C, Indrapuri','Bhopal','H.NO. 567C','Ravindra','Pushpa','462022','','+919555948813','kriteshsingh.hcltech@gmail.com','M','btunDG','$2a$11$v5B6CCdhpUPwRpbDtr347ugi85OtTJk6smhKzfclP558nfO5OfFNS',NULL,37,117,1,37,117,1),(2851,'\0',NULL,'2020-11-01 18:07:48',NULL,'Ankur Complex, Main Rd 1, 6 Number Bus Stop','Bhopal','H.NO. 432','Pushpendra','Thakur',NULL,NULL,'462016','','+918375940852',NULL,0.00,0,NULL,'Ankur Complex, Main Rd 1, 6 Number Bus Stop','Bhopal','H.NO. 432','Pushpendra','Thakur','462016','','+918375940852','kriteshsingh.hcltech@gmail.com','M','bBrjMO','$2a$11$WLjyJRvRVz55vGE8b2ivIutq322LUEgn88K2I.7mkWEIeaT3libYy',NULL,37,117,1,37,117,1),(2900,'\0',NULL,'2020-11-14 16:54:02',NULL,'Bhavani Tower, Ayodhya Bypass Rd, Chhatrapati Nagar','Bhopal','H.NO. 43','EAGLE','JAIN',NULL,NULL,'462022','','+919555948813',NULL,0.00,0,NULL,'Bhavani Tower, Ayodhya Bypass Rd, Chhatrapati Nagar','Bhopal','H.NO. 43','EAGLE','JAIN','462022','','+919555948813','krsingh081206@gmail.com','M','kGrZZK','$2a$11$Fel7ElBB2Isrx8eX8My3hOAcL5MPxjYHzhpEgy.O1L1r3vEl74INm',NULL,37,117,1,37,117,1),(2901,'\0',NULL,'2020-11-14 17:01:47',NULL,'Piplani Gurudwara Square, Sector A, Berkheda','Bhopal','4563','AYUSH','PANDIT',NULL,NULL,'462022','','+919582244441',NULL,0.00,0,NULL,'Piplani Gurudwara Square, Sector A, Berkheda','Bhopal','4563','AYUSH','PANDIT','462022','','+919582244441','krsiingh081206@gmail.com','M','zEvRMH','$2a$11$qmI9PgcFBurEJI6.SFL6wOhXGM3qYhbd3DxFify4Bb1.kqps3riL.',NULL,37,117,1,37,117,1),(2950,'\0',NULL,'2020-11-21 22:58:06',NULL,'Sonagiri Square,BHEL, Bhopal, Bhopal','Bhopal','HIG-4','SHAFIQ','QURESHI',NULL,NULL,'462022','','+919555948813',NULL,0.00,0,NULL,'Sonagiri Square,BHEL, Bhopal, Bhopal','Bhopal','HIG-4','SHAFIQ','QURESHI','462022','','+919555948813','krsingh081206@gmail.com','M','QqZzFE','$2a$11$BhgrwYRH4b3C2nyg2isYIua/pjeiLSY7Jlo74bMY/wYakZd9QlWCG',NULL,37,117,1,37,117,1),(2951,'\0',NULL,'2020-11-21 23:01:49',NULL,'LIG Sector-B, MIG, Sonagiri','Bhopal','345','Samir','Seth',NULL,NULL,'462022','','+919555948813',NULL,0.00,0,NULL,'LIG Sector-B, MIG, Sonagiri','Bhopal','345','Samir','Seth','462022','','+919555948813','krsingh081206@gmail.com','M','qvhKRQ','$2a$11$Kt9KC8fhL.ua0.YlWenQo.cu0uz49jdSsh1I8ViQot2fduSFmlt.y',NULL,37,117,1,37,117,1),(3000,'\0',NULL,'2020-12-20 21:44:05',NULL,'Bhavani Tower, Ayodhya Bypass Rd, Chhatrapati Nagar','Bhopal','453','INDER','SINGH',NULL,NULL,'462022','','+919555948813',NULL,0.00,0,NULL,'Bhavani Tower, Ayodhya Bypass Rd, Chhatrapati Nagar','Bhopal','453','INDER','SINGH','462022','','+919555948813','kriteshsingh.hcltech@gmail.com','M','_lFDfj','$2a$11$TljUfmqYwXhTVtLWhovLH.4j1hnUp914tHzdYr.MgejB4Gt/Legnm',NULL,37,117,1,37,117,1),(3001,'\0',NULL,'2020-12-20 21:48:31',NULL,'Bhavani Tower, Ayodhya Bypass Rd, Chhatrapati Nagar','Bhopal','HSC','ANAMIKA','YADAV',NULL,NULL,'462022','','+919555948813',NULL,0.00,0,NULL,'Bhavani Tower, Ayodhya Bypass Rd, Chhatrapati Nagar','Bhopal','HSC','ANAMIKA','YADAV','462022','','+919555948813','kriteshsingh.hcltech@gmail.com','M','OcnQrK','$2a$11$lguZHB7vKBkxwg4cbNMnDu3QzLARDdbziQxv4G.ISPmLD41u1.XOe',NULL,37,117,1,37,117,1),(3002,'\0',NULL,'2020-12-20 21:55:23',NULL,'A Sector, Sonagiri, Bhopal','Bhopal','HIG 4','Salim','Qureshi',NULL,NULL,'462022','','+919555948813',NULL,0.00,0,NULL,'A Sector, Sonagiri, Bhopal','Bhopal','HIG 4','Salim','Qureshi','462022','','+919555948813','krsingh081206@gmail.com','M','QoqydR','$2a$11$JU1CPbrNavQvHzSI/Vk0NeE/Bn1aoWz2Pr0uIOIjK3LxMXVwt8BP6',NULL,37,117,1,37,117,1),(3050,'\0',NULL,'2021-01-01 23:44:37',NULL,'Patel Nagar, Bhopal, Bhopal','Bhopal','323','abhilekh','raje',NULL,NULL,'462022','','+919555948813',NULL,0.00,0,NULL,'Patel Nagar, Bhopal, Bhopal','Bhopal','323','abhilekh','raje','462022','','+919555948813','kriteshsingh.hcltech@gmail.com','M','FKHkxA','$2a$11$q6XIwxd.rDdGfSdaTsRcGukdi2ArTu29Bwpt26N0mg3ZtbrLAglFa',NULL,37,117,1,37,117,1),(3100,'\0',NULL,'2021-01-02 00:03:00',NULL,'Idgah Hills Rd, PNB Colony, Neelkanth Colony','Bhopal','342','Rishabh','Sharma',NULL,NULL,'462001','','+919555948813',NULL,0.00,0,NULL,'Idgah Hills Rd, PNB Colony, Neelkanth Colony','Bhopal','342','Rishabh','Sharma','462001','','+919555948813','kriteshsingh.hlctech@gmail.com','M','imfeZi','$2a$11$SnNX.4kbVEsBzmQsvC/1Quta7TAzewxPtMq2Ob8HGJGAvskwOUWoa',NULL,37,117,1,37,117,1),(3150,'\0',NULL,'2021-01-02 00:17:03',NULL,'MP Nagar Zone-I, Zone-I, MP Nagar','Bhopal','3244','shakal','shakal',NULL,NULL,'462023','','+919555948813',NULL,0.00,0,NULL,'MP Nagar Zone-I, Zone-I, MP Nagar','Bhopal','3244','shakal','shakal','462023','','+919555948813','kriteshsingh.hcltech@gmail.com','M','NbmLVg','$2a$11$bA1B.ipZi15qcYXxKrxyXeTVCatMNOBqoCepz4XKsAjq.vaKLVA2K',NULL,37,117,1,37,117,1),(3200,'\0',NULL,'2021-01-02 00:27:40',NULL,'Regal Paradise Rd, Regal Town, Awadhpuri','Bhopal','4566','Aniket','Sharma',NULL,NULL,'462022','','+919555948813',NULL,0.00,0,NULL,'Regal Paradise Rd, Regal Town, Awadhpuri','Bhopal','4566','Aniket','Sharma','462022','','+919555948813','kriteshsingh.hcltech@gmail.com','M','rFmqiX','$2a$11$RfQQNtHjjoP2CPhgtNDHxe0EnMkZxC.RhHT.Pg6QggmhzqMHmchs2',NULL,37,117,1,37,117,1),(3201,'\0',NULL,'2021-01-02 00:32:03',NULL,'Ahinsa Vihar Colony, Ayodhya Nagar, Bhopal','Bhopal','B-1','Ritesh','Kumar',NULL,NULL,'462041','','+918375940852',NULL,0.00,0,NULL,'Ahinsa Vihar Colony, Ayodhya Nagar, Bhopal','Bhopal','B-1','Ritesh','Kumar','462041','','+918375940852','KRITESHSINGH.HCLTECH@gmail.com','M','AUMDOF','$2a$11$PUZPawRJYaEzhnyU6Lrbn.sjzsZb536MtiV.bmu20uRUEDfUYZNgm',NULL,37,117,1,37,117,1),(3250,'\0',NULL,'2021-01-03 13:31:55',NULL,'A Sector, Sonagiri, Bhopal','Bhopal','HIG-4','Salim','Qureshi',NULL,NULL,'462022','','+919555948813',NULL,0.00,0,NULL,'A Sector, Sonagiri, Bhopal','Bhopal','HIG-4','Salim','Qureshi','462022','','+919555948813','kriteshsingh.hcltech@gmail.com','M','dMRLCD','$2a$11$wtkJfZtTeE0.B0GQHwX4dutC3klzPYgB7MRHFvCIiET64DU7FgHbW',NULL,37,117,1,37,117,1),(3251,'\0',NULL,'2021-01-03 13:50:58',NULL,'Vrindavan Nagar, Rajeev Nagar, Ayodhya Bypass','Bhopal','3234','ANKIT','SAXENA',NULL,NULL,'462041','','+918375940852',NULL,0.00,0,NULL,'Vrindavan Nagar, Rajeev Nagar, Ayodhya Bypass','Bhopal','3234','ANKIT','SAXENA','462041','','+918375940852','kriteshsingh.hcltech@gmail.com','M','XbedTH','$2a$11$4Yi7O9shiym3dGA88WDA/.f0tjneHQeN9HxZMCqaNzfw8S/yx9nD.',NULL,37,117,1,37,117,1),(3300,'\0',NULL,'2021-01-03 18:09:42',NULL,'A Sector, Sonagiri, Bhopal','Bhopal','212','PFIZER','MODERNA',NULL,NULL,'462022','','+919555948813',NULL,0.00,0,NULL,'A Sector, Sonagiri, Bhopal','Bhopal','212','PFIZER','MODERNA','462022','','+919555948813','kriteshsingh.hcltech@gmail.com','M','iJEtlK','$2a$11$TrFH8nyJLZsXdUdpHUoD1OsFO9lbBdIFvf9k0pqQBnxOPrBmOj1ca',NULL,37,117,1,37,117,1),(3301,'\0',NULL,'2021-01-03 18:14:55',NULL,'A Sector, Sonagiri, Bhopal','Bhopal','HIG -4','SALIM','QURESHI',NULL,NULL,'462022','','+918375940852',NULL,0.00,0,NULL,'A Sector, Sonagiri, Bhopal','Bhopal','HIG -4','SALIM','QURESHI','462022','','+918375940852','kriteshsingh.hcltech@gmail.com','M','SGWhuE','$2a$11$l1jPGdpUu8SI7uf.en05FOi0kKJaradyb5T4aEJnL3nTTuOSVjFAa',NULL,37,117,1,37,117,1),(3350,'\0',NULL,'2021-01-07 18:11:46',NULL,'A Sector, Sonagiri, Bhopal','Bhopal','456','Arvind','Singh',NULL,NULL,'462022','','+918375940852',NULL,0.00,0,NULL,'A Sector, Sonagiri, Bhopal','Bhopal','456','Arvind','Singh','462022','','+918375940852','kriteshsingh.hcltech@gmail.com','M','FPCZWv','$2a$11$1l/QQb2M39INBgKdsDUnF.zSePER7FoRiKgZgVYyNdfI8BXUexYEK',NULL,37,117,1,37,117,1),(3351,'\0',NULL,'2021-01-07 18:17:53',NULL,'Ratnagiri Tiraha, Ashok Vihar, Anandnagar','Bhopal','324','ABHINAV','BINDRA',NULL,NULL,'462022','','+919555948813',NULL,0.00,0,NULL,'Ratnagiri Tiraha, Ashok Vihar, Anandnagar','Bhopal','324','ABHINAV','BINDRA','462022','','+919555948813','kriteshsingh.hcltech@gmail.com','M','xtexTa','$2a$11$714qBc04MvXLsvJr4mnbvukjO9Sw3tIwg6VWXfLm9ESQm5o3mGl.u',NULL,37,117,1,37,117,1),(3400,'\0',NULL,'2021-01-08 03:15:32',NULL,'A Sector, Sonagiri, Bhopal','Bhopal','Hig 4','Salim','Qureshi',NULL,NULL,'462022','','+919893696983',NULL,0.00,0,NULL,'A Sector, Sonagiri, Bhopal','Bhopal','Hig 4','Salim','Qureshi','462022','','+919893696983','krsingh081206@gmail.com','M','yiULBF','$2a$11$JqwZHqjktRAlBmIujVQs2OuzgiZyfEQol2NmRaU7pyXdNPxSrOKZW',NULL,37,117,1,37,117,1),(3450,'\0',NULL,'2021-01-10 08:32:25',NULL,'Phase - 2, Sector B, Ayodhya Nagar','Bhopal','B-345','VIDYA','SAGAR',NULL,NULL,'462022','','+918375940852',NULL,0.00,0,NULL,'Phase - 2, Sector B, Ayodhya Nagar','Bhopal','B-345','VIDYA','SAGAR','462022','','+918375940852','krsingh081206@gmail.com','M','kPexwS','$2a$11$tj7o1n11zdtt/EbLSNOeLOpvRQkR3JKFsoZvvCEnzgV/qFywUWtqO',NULL,37,117,1,37,117,1),(3500,'\0',NULL,'2021-01-10 12:17:18',NULL,'A Sector, Hazrat Nizamuddin Colony, Sector B','Bhopal','E-34522','Aditya','Kapoor',NULL,NULL,'462022','','+918375940852',NULL,0.00,0,NULL,'A Sector, Hazrat Nizamuddin Colony, Sector B','Bhopal','E-34522','Aditya','Kapoor','462022','','+918375940852','kriteshsingh.hcltech@gmail.com','M','AzMoCn','$2a$11$hG08c39/UDjJmuerOxed1ODaIQhz0GrP5onFoAYOt26rcCTK1q1iC',NULL,37,117,1,37,117,1),(3501,'\0',NULL,'2021-01-10 12:21:08',NULL,'Awadhpuri Rd, Samanvay Nagar, Awadhpuri','Bhopal','34333','Reva','Narang',NULL,NULL,'462022','','+919555948813',NULL,0.00,0,NULL,'Awadhpuri Rd, Samanvay Nagar, Awadhpuri','Bhopal','34333','Reva','Narang','462022','','+919555948813','kriteshsingh.hcltech@gmail.com','M','rRwuwv','$2a$11$O1pIJPd4s5MZqyqcafMoteuQXGe.dGa9qKu9ZvjwmGvT3kfM.in6i',NULL,37,117,1,37,117,1),(3550,'\0',NULL,'2021-01-16 08:25:28',NULL,'Phase - 2, Sector B, Ayodhya Nagar','Bhopal','B-345','VIDYA','SAGAR',NULL,NULL,'462022','','+918375940852',NULL,0.00,0,NULL,'Phase - 2, Sector B, Ayodhya Nagar','Bhopal','B-345','VIDYA','SAGAR','462022','','+918375940852','krsingh081206@gmail.com','M','gXvv_a','$2a$11$tHSZJe1H9MmO5KVzIjW73.EvtbVda2RjA1PArM/4oa.lkoZ2JhybC',NULL,37,117,1,37,117,1),(3600,'\0',NULL,'2021-01-16 09:09:53',NULL,'Piplani Rd, Sector C, Piplani','Bhopal','32','Vinod','Chadha',NULL,NULL,'462022','','+918375940852',NULL,0.00,0,NULL,'Piplani Rd, Sector C, Piplani','Bhopal','32','Vinod','Chadha','462022','','+918375940852','kriteshsingh.hcltech@gmail.com','M','HSFstI','$2a$11$0YFpzgeQob2fbMV3ukAQjeM3Bo88cLtmT4Dwclw23gg3DybLyqdKG',NULL,37,117,1,37,117,1),(3601,'\0',NULL,'2021-01-16 10:21:02',NULL,'Bhel Nagar, Chhattisgarh Colony, Prakash Nagar','Bhopal','Ayodhya ','Arun','Yadav',NULL,NULL,'462041','','+919039710346',NULL,0.00,0,NULL,'Bhel Nagar, Chhattisgarh Colony, Prakash Nagar','Bhopal','Ayodhya ','Arun','Yadav','462041','','+919039710346','arun.yadav92@GMAIL.COM','M','OaUL_u','$2a$11$jjJV53u.sWUoTMTFNNROI.R3WW51UyFrg8UA2Q4XCrU10Q796RJDi',NULL,37,117,1,37,117,1),(3602,'\0',NULL,'2021-01-16 11:20:27',NULL,'Sonagiri, Bhopal, Bhopal','Bhopal','Hig 4','Salim','Qureshi',NULL,NULL,'462022','','+919893696983',NULL,0.00,0,NULL,'Sonagiri, Bhopal, Bhopal','Bhopal','Hig 4','Salim','Qureshi','462022','','+919893696983','Salimqureshi220983@gmail.com','M','nD_Zew','$2a$11$bDWSeakrnugN6XgMIUNAzejvRMKoYW/yMJOGwJXFZXacqpFa6SjeC',NULL,37,117,1,37,117,1),(3603,'\0',NULL,'2021-01-16 11:23:15',NULL,NULL,NULL,NULL,'Salim','Qureshi',NULL,NULL,NULL,'',NULL,NULL,0.00,0,NULL,NULL,NULL,NULL,NULL,NULL,NULL,NULL,NULL,'Salimqureshi220983@gmail.com','M','Salimqureshi220983@gmail.com','$2a$11$u28CzMSKqqYCM2emLdgxmekB9tnhMVxp6a2TvOS1QI3fhubK4F2V.',NULL,37,117,1,NULL,NULL,1),(3650,'\0',NULL,'2021-01-16 17:04:40',NULL,'Bharat Nagar, Indrapuri, Bhopal','Bhopal','5677','Agyaat','Naval',NULL,NULL,'462022','','+918375940852',NULL,0.00,0,NULL,'Bharat Nagar, Indrapuri, Bhopal','Bhopal','5677','Agyaat','Naval','462022','','+918375940852','jantameats2209@gmail.com','M','jantameats2209@gmail.com','$2a$11$IaNkjN0VW6rBqRHRzvk.uO2IwZh9MV7aXR3NZO21HVy8HhQ9JmcZe',NULL,37,117,1,37,117,1),(3700,'\0',NULL,'2021-01-24 14:14:20',NULL,'A Sector, Sonagiri, Bhopal','Bhopal','Hig 4','Salim','Qureshi',NULL,NULL,'462022','','+918375940852',NULL,0.00,0,NULL,'A Sector, Sonagiri, Bhopal','Bhopal','Hig 4','Salim','Qureshi','462022','','+918375940852','kriteshsingh.hcltech@gmail.com','M','gAVLUW','$2a$11$kASd7.CRAEs.InDxF44wbevxHpC/2d8kgYRRtAevbp6AnaFO2xQ12',NULL,37,117,1,37,117,1),(3750,'\0',NULL,'2021-01-30 17:59:39',NULL,'A Sector, Sonagiri, Bhopal','Bhopal','H14','Xyz','Musk',NULL,NULL,'462022','','+919555948813',NULL,0.00,0,NULL,'A Sector, Sonagiri, Bhopal','Bhopal','H14','Xyz','Musk','462022','','+919555948813','krsingh081206@gmail.com','M','KwJmVv','$2a$11$f.gxhn.Z0jkYk0BM9Uwh8eYNBv9N/0C.cDqHqmkpSMU.UAchoflwC',NULL,37,117,1,37,117,1),(3800,'\0',NULL,'2021-01-31 13:40:43',NULL,'A Sector, Sonagiri, Bhopal','Bhopal','32','QASW','SAQW',NULL,NULL,'462022','','+918375940852',NULL,0.00,0,NULL,'A Sector, Sonagiri, Bhopal','Bhopal','32','QASW','SAQW','462022','','+918375940852','riteshsingh.hcltech@gmail.com','M','YtkjAp','$2a$11$7gN2ynT8SbGlgzhSqfLZdeve5CtzmYtGV2kmBTVkTEo8OE5PSFzgW',NULL,37,117,1,37,117,1),(3801,'\0',NULL,'2021-01-31 13:46:13',NULL,'Gandhi Market, , ','','524B','Aqws','Gcp',NULL,NULL,'462022','','+918375940852',NULL,0.00,0,NULL,'Gandhi Market, , ','','524B','Aqws','Gcp','462022','','+918375940852','Krsingh081206@gmail.com','M','umgCPr','$2a$11$TzU3GKpMaZBU2Uprn7pXNubyo5oJxfajdMbJ3XsxY1.bLpEP2cXPO',NULL,37,117,1,37,117,1),(3850,'\0',NULL,'2021-01-31 14:37:57',NULL,'Ankur Complex, Main Rd 1, 6 Number Bus Stop','Bhopal','F-24','Akshay','Bhatnagar',NULL,NULL,'462016','','+918375940852',NULL,0.00,0,NULL,'Ankur Complex, Main Rd 1, 6 Number Bus Stop','Bhopal','F-24','Akshay','Bhatnagar','462016','','+918375940852','ccshopizer@gmail.com','M','_DshFC','$2a$11$op4CmckIYHlXE6QpljW4sedPHLwtT0GgNpPdnyq.AtL0Qldeynovi',NULL,37,117,1,37,117,1),(3851,'\0',NULL,'2021-01-31 14:45:18',NULL,'Sector- 9/A Saket Nagar, Habib Ganj, Bhopal','Bhopal','F23','Vindya','Kumar',NULL,NULL,'462024','','+918375940852',NULL,0.00,0,NULL,'Sector- 9/A Saket Nagar, Habib Ganj, Bhopal','Bhopal','F23','Vindya','Kumar','462024','','+918375940852','krsingh081206@gmail.com','M','OUtGCu','$2a$11$En6x0iIoRL.0.TgVGt6E1eTkUPfUswQ1heXHGOunIIcbOcJsmTiHS',NULL,37,117,1,37,117,1),(3900,'\0',NULL,'2021-02-03 08:41:07',NULL,'Minal Residency Water Tank - 1, Minal & New Minal Residency, Minal Residency','Bhopal','F35','Digvijay','Kumar',NULL,NULL,'462023','','+918375940852',NULL,0.00,0,NULL,'Minal Residency Water Tank - 1, Minal & New Minal Residency, Minal Residency','Bhopal','F35','Digvijay','Kumar','462023','','+918375940852','krsingh081206@gmail.com','M','dC_mCg','$2a$11$KD6DpgSmTwIbrTke5CSSgeg3gulOR3FfE1pbsdpAaydbfRTThFgAO',NULL,37,117,1,37,117,1),(3950,'\0',NULL,'2021-02-04 03:16:43',NULL,'Minal Complex, JK Rd, Minal Residency','Bhopal','F345','Mini','Kpw',NULL,NULL,'462023','','+919582244441',NULL,0.00,0,NULL,'Minal Complex, JK Rd, Minal Residency','Bhopal','F345','Mini','Kpw','462023','','+919582244441','krsingh081206@gmail.com','M','ZpEGIb','$2a$11$sSpgrLlBjbL.lt/oaoztqep5y/R.dJRqvTNmTPX8/UnJYiRXCWIZW',NULL,37,117,1,37,117,1),(4000,'\0',NULL,'2021-02-05 08:46:31',NULL,'A Sector, Sonagiri, Bhopal','Bhopal','Janta Shop','Salim','Qureshi',NULL,NULL,'462022','','+919555948813',NULL,0.00,0,NULL,'A Sector, Sonagiri, Bhopal','Bhopal','Janta Shop','Salim','Qureshi','462022','','+919555948813','kriteshsingh.hcltech@gmail.com','M','ZkxNia','$2a$11$cLFWU9uOGGAC5Jm9TkZnWuW8Vu/SsjFpAMXQozYOvGToUUN7wgQeC',NULL,37,117,1,37,117,1),(4001,'\0',NULL,'2021-02-05 10:13:37',NULL,'A Sector, Sonagiri, Bhopal','Bhopal','HIG 4','Salim','Qureshi',NULL,NULL,'462022','','+919555948813',NULL,0.00,0,NULL,'A Sector, Sonagiri, Bhopal','Bhopal','HIG 4','Salim','Qureshi','462022','','+919555948813','krsingh081206@gmail.com','M','xjbilw','$2a$11$VrUe.aCEIfb7gZ4q8QIFDOo.6YROB5eIfxj.QvSwnMg3HB.1L8Xde',NULL,37,117,1,37,117,1),(4002,'\0',NULL,'2021-02-05 10:15:55',NULL,'A Sector, Sonagiri, Bhopal','Bhopal','HIG 4','Salim','Qureshi',NULL,NULL,'462022','','+919555948813',NULL,0.00,0,NULL,'A Sector, Sonagiri, Bhopal','Bhopal','HIG 4','Salim','Qureshi','462022','','+919555948813','krsingh081206@gmail.com','M','zay_ha','$2a$11$EMfFjHARpmWNlzmRyt9jl.W4YxQK4tL92LZiEhgTgrhIk3nNi6/S6',NULL,37,117,1,37,117,1),(4050,'\0',NULL,'2021-02-13 11:02:49',NULL,'Vrindavan Nagar, Rajeev Nagar, Ayodhya Bypass','Bhopal','F-45','YASH','VERMA',NULL,NULL,'462041','','+919555948813',NULL,0.00,0,NULL,'Vrindavan Nagar, Rajeev Nagar, Ayodhya Bypass','Bhopal','F-45','YASH','VERMA','462041','','+919555948813','krsingh081206@gmail.com','M','BQBmcK','$2a$11$N247Ez69HheRyelE9ugzhuaT3ROR0jVVjw5H./mLgRjWWqK2RoBoq',NULL,37,117,1,37,117,1),(4051,'\0',NULL,'2021-02-13 12:03:57',NULL,'Indrapuri C sector, Sector C, Indrapuri','Bhopal','F-456','ABHINAV','SAXENA',NULL,NULL,'462022','','+918375940852',NULL,0.00,0,NULL,'Indrapuri C sector, Sector C, Indrapuri','Bhopal','F-456','ABHINAV','SAXENA','462022','','+918375940852','krsingh081206@gmail.com','M','FcChvH','$2a$11$bsmC5TUVjCCmmtYoI/iL7ubCf6hdXUrZkIgExB3m0s3D1wazT5lTW',NULL,37,117,1,37,117,1),(4100,'\0',NULL,'2021-02-13 13:26:47',NULL,'Sonagiri, Bhopal, Bhopal','Bhopal','Hig 4','Salim','Qureshi',NULL,NULL,'462022','','+919893696983',NULL,0.00,0,NULL,'Sonagiri, Bhopal, Bhopal','Bhopal','Hig 4','Salim','Qureshi','462022','','+919893696983','Salimqureshi220983@gmail.com','M','ZVw_TY','$2a$11$nuWHB.RNsoGkU5AuHpI6ceQ1h1PLXkS/cMz2lCVmtZETD/IlB/LS.',NULL,37,117,1,37,117,1),(4101,'\0',NULL,'2021-02-13 13:33:15',NULL,'Sonagiri, Bhopal, Bhopal','Bhopal','Hig 4','Salim','Qureshi',NULL,NULL,'462022','','+919893696983',NULL,0.00,0,NULL,'Sonagiri, Bhopal, Bhopal','Bhopal','Hig 4','Salim','Qureshi','462022','','+919893696983','Salimqureshi220983@gmail.com','M','CxAKXm','$2a$11$qmng3fuN.6503XpTVgS90Oy5KF8m9cMOamWxafNJ/kZ4.YalIxgK6',NULL,37,117,1,37,117,1),(4150,'\0',NULL,'2021-02-16 03:52:04',NULL,'LIG Sector-B, MIG, Sonagiri','Bhopal','456','Gagan','Kumar',NULL,NULL,'462022','','+919960779004',NULL,0.00,0,NULL,'LIG Sector-B, MIG, Sonagiri','Bhopal','456','Gagan','Kumar','462022','','+919960779004','gaganrajkaushal@gmail.com','M','obcjmd','$2a$11$rk.3wR5w5f.94/gIjUAP.eTyDMTmxatssdp13.aRl0PuyNPns01NC',NULL,37,117,1,37,117,1),(4200,'\0',NULL,'2021-02-16 10:13:56',NULL,'Vrindavan Nagar, Rajeev Nagar, Ayodhya Bypass','Bhopal','32','Ritesh','Singh',NULL,NULL,'462041','','+919555948813',NULL,0.00,0,NULL,'Vrindavan Nagar, Rajeev Nagar, Ayodhya Bypass','Bhopal','32','Ritesh','Singh','462041','','+919555948813','krsingh081206@gmail.com','M','rPmAqZ','$2a$11$eCnaAs/c33tTwF4o3H3kSOWVXYsfd6sRkGrjwSxBqLatWxlfaO2J.',NULL,37,117,1,37,117,1),(4201,'\0',NULL,'2021-02-16 10:26:33',NULL,'Phase - 2, Sector B, Ayodhya Nagar','Bhopal','B-345','VIDYA','SAGAR',NULL,NULL,'462022','','+918375940852',NULL,0.00,0,NULL,'Phase - 2, Sector B, Ayodhya Nagar','Bhopal','B-345','VIDYA','SAGAR','462022','','+918375940852','krsingh081206@gmail.com','M','BZSWB_','$2a$11$zU/DhHV5dmZItsWrBGcibuxLSA/87tc4/JHvDTgbZ7xNtC/H98Cq.',NULL,37,117,1,37,117,1),(4250,'\0',NULL,'2021-02-16 10:53:53',NULL,'Phase - 2, Sector B, Ayodhya Nagar','Bhopal','B-345','VIDYA','SAGAR',NULL,NULL,'462022','','+919555948813',NULL,0.00,0,NULL,'Phase - 2, Sector B, Ayodhya Nagar','Bhopal','B-345','VIDYA','SAGAR','462022','','+919555948813','krsingh081206@gmail.com','M','NScYgH','$2a$11$rP8CRUps6udDRNFPLgGrJe8XDOsRYYtldp5dvR2rwpNR2EX7z/aTi',NULL,37,117,1,37,117,1),(4251,'\0',NULL,'2021-02-16 11:04:21',NULL,'Vrindavan Nagar, Rajeev Nagar, Ayodhya Bypass','Bhopal','F235','Vidya','Shukla',NULL,NULL,'462041','','+919555948813',NULL,0.00,0,NULL,'Vrindavan Nagar, Rajeev Nagar, Ayodhya Bypass','Bhopal','F235','Vidya','Shukla','462041','','+919555948813','krsingh081206@gmail.com','M','kWGQup','$2a$11$S0z6EIqG21gZ3AL1ESj7m.YJow3lqAB1ln4gFXj2QouBaGsEH1yG6',NULL,37,117,1,37,117,1),(4300,'\0',NULL,'2021-02-16 11:25:47',NULL,'Abhinav Homes Phase II, Ayodhya Nagar, Bhopal','Bhopal','342','Vinay','Gupta',NULL,NULL,'462041','','+919555948813',NULL,0.00,0,NULL,'Abhinav Homes Phase II, Ayodhya Nagar, Bhopal','Bhopal','342','Vinay','Gupta','462041','','+919555948813','krsingh081206@gmail.com','M','RyhbKh','$2a$11$vPimpSDChMF5udOCMKgBheyXlwa.GeGbfcwqkDD.GDahMQRjbQV/K',NULL,37,117,1,37,117,1),(4301,'\0',NULL,'2021-02-16 11:32:10',NULL,'Abhinav Homes Phase II, Ayodhya Nagar, Bhopal','Bhopal','32','Vinay','Gupta',NULL,NULL,'462041','','+919555948813',NULL,0.00,0,NULL,'Abhinav Homes Phase II, Ayodhya Nagar, Bhopal','Bhopal','32','Vinay','Gupta','462041','','+919555948813','krsingh081206@gmail.com','M','ZPputH','$2a$11$.u6ONDcSmwJqB.GnrEWRWuPdvS7V6aTho73uMRd.aAbq3rg8rhda6',NULL,37,117,1,37,117,1),(4350,'\0',NULL,'2021-02-16 11:41:30',NULL,'Abhinav Homes Phase 4, ISRO Colony, Ayodhya Nagar','Bhopal','32','Vinay','Gupta',NULL,NULL,'462041','','+919555948813',NULL,0.00,0,NULL,'Abhinav Homes Phase 4, ISRO Colony, Ayodhya Nagar','Bhopal','32','Vinay','Gupta','462041','','+919555948813','krsingh081206@gmail.com','M','AhgVah','$2a$11$lr6F0DtP6C/lWPgs3CEb9.wtqEUrRB/mKiMMq5pUcDIodeM0GmrKi',NULL,37,117,1,37,117,1),(4400,'\0',NULL,'2021-02-17 17:22:47',NULL,'Berkheda BHEL, Sector A, Berkheda','Bhopal','FIG4','Indeek','Shrivastav',NULL,NULL,'462022','','+918375940852',NULL,0.00,0,NULL,'Berkheda BHEL, Sector A, Berkheda','Bhopal','FIG4','Indeek','Shrivastav','462022','','+918375940852','krsingh081206@gmail.com','M','HKylap','$2a$11$AEONEu9ikOzxkmqt1TYqI.Oqva6JQ5WOfJiFC.ks5amSuAPIaIyU6',NULL,37,117,1,37,117,1),(4450,'\0',NULL,'2021-02-27 14:33:53',NULL,'A Sector, Sonagiri, Bhopal','Bhopal','HIG 4','Salim','Qureshi',NULL,NULL,'462022','','+919893696983',NULL,0.00,0,NULL,'A Sector, Sonagiri, Bhopal','Bhopal','HIG 4','Salim','Qureshi','462022','','+919893696983','krsingh081206@gmail.com','M','ZNfilt','$2a$11$71YVI1WH/u6dzTfoehtee.Bsi3BEOlwKfM/NUXststAYgy/OfELRG',NULL,37,117,1,37,117,1);
/*!40000 ALTER TABLE `customer` ENABLE KEYS */;
UNLOCK TABLES;

--
-- Table structure for table `customer_attribute`
--

DROP TABLE IF EXISTS `customer_attribute`;
/*!40101 SET @saved_cs_client     = @@character_set_client */;
/*!40101 SET character_set_client = utf8 */;
CREATE TABLE `customer_attribute` (
  `CUSTOMER_ATTRIBUTE_ID` bigint(20) NOT NULL,
  `CUSTOMER_ATTR_TXT_VAL` varchar(255) DEFAULT NULL,
  `CUSTOMER_ID` bigint(20) NOT NULL,
  `OPTION_ID` bigint(20) NOT NULL,
  `OPTION_VALUE_ID` bigint(20) NOT NULL,
  PRIMARY KEY (`CUSTOMER_ATTRIBUTE_ID`),
  UNIQUE KEY `UK46kbpre88yh963gewm3kmdni1` (`OPTION_ID`,`CUSTOMER_ID`),
  KEY `FKc3318o13i2bpxkci1bh52we5a` (`CUSTOMER_ID`),
  KEY `FK9fl7iexvdeeeoch9fh35o5vw4` (`OPTION_VALUE_ID`),
  CONSTRAINT `FK4xugs9yd9w4o3sw11fisb8tj5` FOREIGN KEY (`OPTION_ID`) REFERENCES `customer_option` (`CUSTOMER_OPTION_ID`),
  CONSTRAINT `FK9fl7iexvdeeeoch9fh35o5vw4` FOREIGN KEY (`OPTION_VALUE_ID`) REFERENCES `customer_option_value` (`CUSTOMER_OPTION_VALUE_ID`),
  CONSTRAINT `FKc3318o13i2bpxkci1bh52we5a` FOREIGN KEY (`CUSTOMER_ID`) REFERENCES `customer` (`CUSTOMER_ID`)
) ENGINE=InnoDB DEFAULT CHARSET=utf8;
/*!40101 SET character_set_client = @saved_cs_client */;

--
-- Dumping data for table `customer_attribute`
--

LOCK TABLES `customer_attribute` WRITE;
/*!40000 ALTER TABLE `customer_attribute` DISABLE KEYS */;
/*!40000 ALTER TABLE `customer_attribute` ENABLE KEYS */;
UNLOCK TABLES;

--
-- Table structure for table `customer_group`
--

DROP TABLE IF EXISTS `customer_group`;
/*!40101 SET @saved_cs_client     = @@character_set_client */;
/*!40101 SET character_set_client = utf8 */;
CREATE TABLE `customer_group` (
  `CUSTOMER_ID` bigint(20) NOT NULL,
  `GROUP_ID` int(11) NOT NULL,
  KEY `FKgrr5v89l1m9sl2qol62bbctq4` (`GROUP_ID`),
  KEY `FK257h3e27f4ujw08doqtq46hho` (`CUSTOMER_ID`),
  CONSTRAINT `FK257h3e27f4ujw08doqtq46hho` FOREIGN KEY (`CUSTOMER_ID`) REFERENCES `customer` (`CUSTOMER_ID`),
  CONSTRAINT `FKgrr5v89l1m9sl2qol62bbctq4` FOREIGN KEY (`GROUP_ID`) REFERENCES `sm_group` (`GROUP_ID`)
) ENGINE=InnoDB DEFAULT CHARSET=utf8;
/*!40101 SET character_set_client = @saved_cs_client */;

--
-- Dumping data for table `customer_group`
--

LOCK TABLES `customer_group` WRITE;
/*!40000 ALTER TABLE `customer_group` DISABLE KEYS */;
/*!40000 ALTER TABLE `customer_group` ENABLE KEYS */;
UNLOCK TABLES;

--
-- Table structure for table `customer_opt_val_description`
--

DROP TABLE IF EXISTS `customer_opt_val_description`;
/*!40101 SET @saved_cs_client     = @@character_set_client */;
/*!40101 SET character_set_client = utf8 */;
CREATE TABLE `customer_opt_val_description` (
  `DESCRIPTION_ID` bigint(20) NOT NULL,
  `DATE_CREATED` datetime DEFAULT NULL,
  `DATE_MODIFIED` datetime DEFAULT NULL,
  `UPDT_ID` varchar(20) DEFAULT NULL,
  `DESCRIPTION` longtext DEFAULT NULL,
  `NAME` varchar(120) NOT NULL,
  `TITLE` varchar(100) DEFAULT NULL,
  `LANGUAGE_ID` int(11) NOT NULL,
  `CUSTOMER_OPT_VAL_ID` bigint(20) DEFAULT NULL,
  PRIMARY KEY (`DESCRIPTION_ID`),
  UNIQUE KEY `UKge7f2t1d31r87wnk09h9u1tnv` (`CUSTOMER_OPT_VAL_ID`,`LANGUAGE_ID`),
  KEY `FK6rfssi3qfx4pswicxrfb18c1` (`LANGUAGE_ID`),
  CONSTRAINT `FK6rfssi3qfx4pswicxrfb18c1` FOREIGN KEY (`LANGUAGE_ID`) REFERENCES `language` (`LANGUAGE_ID`),
  CONSTRAINT `FKhwrs6fyqk6vh11yvcflu42yef` FOREIGN KEY (`CUSTOMER_OPT_VAL_ID`) REFERENCES `customer_option_value` (`CUSTOMER_OPTION_VALUE_ID`)
) ENGINE=InnoDB DEFAULT CHARSET=utf8;
/*!40101 SET character_set_client = @saved_cs_client */;

--
-- Dumping data for table `customer_opt_val_description`
--

LOCK TABLES `customer_opt_val_description` WRITE;
/*!40000 ALTER TABLE `customer_opt_val_description` DISABLE KEYS */;
/*!40000 ALTER TABLE `customer_opt_val_description` ENABLE KEYS */;
UNLOCK TABLES;

--
-- Table structure for table `customer_optin`
--

DROP TABLE IF EXISTS `customer_optin`;
/*!40101 SET @saved_cs_client     = @@character_set_client */;
/*!40101 SET character_set_client = utf8 */;
CREATE TABLE `customer_optin` (
  `CUSTOMER_OPTIN_ID` bigint(20) NOT NULL,
  `EMAIL` varchar(255) NOT NULL,
  `FIRST` varchar(255) DEFAULT NULL,
  `LAST` varchar(255) DEFAULT NULL,
  `OPTIN_DATE` datetime DEFAULT NULL,
  `VALUE` longtext DEFAULT NULL,
  `MERCHANT_ID` int(11) NOT NULL,
  `OPTIN_ID` bigint(20) DEFAULT NULL,
  PRIMARY KEY (`CUSTOMER_OPTIN_ID`),
  UNIQUE KEY `UKc4fnyu0pvxxtrbko10rm1jqyw` (`EMAIL`,`OPTIN_ID`),
  KEY `FKk5v94dvhsgibaw89hv4m8o5yw` (`MERCHANT_ID`),
  KEY `FK7qym878m07cwvs4foe68lvqjt` (`OPTIN_ID`),
  CONSTRAINT `FK7qym878m07cwvs4foe68lvqjt` FOREIGN KEY (`OPTIN_ID`) REFERENCES `optin` (`OPTIN_ID`),
  CONSTRAINT `FKk5v94dvhsgibaw89hv4m8o5yw` FOREIGN KEY (`MERCHANT_ID`) REFERENCES `merchant_store` (`MERCHANT_ID`)
) ENGINE=InnoDB DEFAULT CHARSET=utf8;
/*!40101 SET character_set_client = @saved_cs_client */;

--
-- Dumping data for table `customer_optin`
--

LOCK TABLES `customer_optin` WRITE;
/*!40000 ALTER TABLE `customer_optin` DISABLE KEYS */;
/*!40000 ALTER TABLE `customer_optin` ENABLE KEYS */;
UNLOCK TABLES;

--
-- Table structure for table `customer_option`
--

DROP TABLE IF EXISTS `customer_option`;
/*!40101 SET @saved_cs_client     = @@character_set_client */;
/*!40101 SET character_set_client = utf8 */;
CREATE TABLE `customer_option` (
  `CUSTOMER_OPTION_ID` bigint(20) NOT NULL,
  `CUSTOMER_OPT_ACTIVE` bit(1) DEFAULT NULL,
  `CUSTOMER_OPT_CODE` varchar(255) NOT NULL,
  `CUSTOMER_OPTION_TYPE` varchar(10) DEFAULT NULL,
  `CUSTOMER_OPT_PUBLIC` bit(1) DEFAULT NULL,
  `SORT_ORDER` int(11) DEFAULT NULL,
  `MERCHANT_ID` int(11) NOT NULL,
  PRIMARY KEY (`CUSTOMER_OPTION_ID`),
  UNIQUE KEY `UKrov34a6g4dhhiqukvhp1ggm0u` (`MERCHANT_ID`,`CUSTOMER_OPT_CODE`),
  KEY `CUST_OPT_CODE_IDX` (`CUSTOMER_OPT_CODE`),
  CONSTRAINT `FKcmqnh0rn2hukdfowean5tdy8k` FOREIGN KEY (`MERCHANT_ID`) REFERENCES `merchant_store` (`MERCHANT_ID`)
) ENGINE=InnoDB DEFAULT CHARSET=utf8;
/*!40101 SET character_set_client = @saved_cs_client */;

--
-- Dumping data for table `customer_option`
--

LOCK TABLES `customer_option` WRITE;
/*!40000 ALTER TABLE `customer_option` DISABLE KEYS */;
/*!40000 ALTER TABLE `customer_option` ENABLE KEYS */;
UNLOCK TABLES;

--
-- Table structure for table `customer_option_desc`
--

DROP TABLE IF EXISTS `customer_option_desc`;
/*!40101 SET @saved_cs_client     = @@character_set_client */;
/*!40101 SET character_set_client = utf8 */;
CREATE TABLE `customer_option_desc` (
  `DESCRIPTION_ID` bigint(20) NOT NULL,
  `DATE_CREATED` datetime DEFAULT NULL,
  `DATE_MODIFIED` datetime DEFAULT NULL,
  `UPDT_ID` varchar(20) DEFAULT NULL,
  `DESCRIPTION` longtext DEFAULT NULL,
  `NAME` varchar(120) NOT NULL,
  `TITLE` varchar(100) DEFAULT NULL,
  `CUSTOMER_OPTION_COMMENT` longtext DEFAULT NULL,
  `LANGUAGE_ID` int(11) NOT NULL,
  `CUSTOMER_OPTION_ID` bigint(20) NOT NULL,
  PRIMARY KEY (`DESCRIPTION_ID`),
  UNIQUE KEY `UK6ovl4t1ciag1wubtcebaoo7vi` (`CUSTOMER_OPTION_ID`,`LANGUAGE_ID`),
  KEY `FKm4iu7v9db17wk2a03xqbqdlfa` (`LANGUAGE_ID`),
  CONSTRAINT `FKc2yiucjbw0wjha8ww7a01qfeo` FOREIGN KEY (`CUSTOMER_OPTION_ID`) REFERENCES `customer_option` (`CUSTOMER_OPTION_ID`),
  CONSTRAINT `FKm4iu7v9db17wk2a03xqbqdlfa` FOREIGN KEY (`LANGUAGE_ID`) REFERENCES `language` (`LANGUAGE_ID`)
) ENGINE=InnoDB DEFAULT CHARSET=utf8;
/*!40101 SET character_set_client = @saved_cs_client */;

--
-- Dumping data for table `customer_option_desc`
--

LOCK TABLES `customer_option_desc` WRITE;
/*!40000 ALTER TABLE `customer_option_desc` DISABLE KEYS */;
/*!40000 ALTER TABLE `customer_option_desc` ENABLE KEYS */;
UNLOCK TABLES;

--
-- Table structure for table `customer_option_set`
--

DROP TABLE IF EXISTS `customer_option_set`;
/*!40101 SET @saved_cs_client     = @@character_set_client */;
/*!40101 SET character_set_client = utf8 */;
CREATE TABLE `customer_option_set` (
  `CUSTOMER_OPTIONSET_ID` bigint(20) NOT NULL,
  `SORT_ORDER` int(11) DEFAULT NULL,
  `CUSTOMER_OPTION_ID` bigint(20) NOT NULL,
  `CUSTOMER_OPTION_VALUE_ID` bigint(20) NOT NULL,
  PRIMARY KEY (`CUSTOMER_OPTIONSET_ID`),
  UNIQUE KEY `UK4peli2ritnnq2xqpyq188srm6` (`CUSTOMER_OPTION_ID`,`CUSTOMER_OPTION_VALUE_ID`),
  KEY `FKj9vnvyh6hhhftjbcsymgiodm9` (`CUSTOMER_OPTION_VALUE_ID`),
  CONSTRAINT `FK1y5qtsuabhpwft3dyhqrgmtb4` FOREIGN KEY (`CUSTOMER_OPTION_ID`) REFERENCES `customer_option` (`CUSTOMER_OPTION_ID`),
  CONSTRAINT `FKj9vnvyh6hhhftjbcsymgiodm9` FOREIGN KEY (`CUSTOMER_OPTION_VALUE_ID`) REFERENCES `customer_option_value` (`CUSTOMER_OPTION_VALUE_ID`)
) ENGINE=InnoDB DEFAULT CHARSET=utf8;
/*!40101 SET character_set_client = @saved_cs_client */;

--
-- Dumping data for table `customer_option_set`
--

LOCK TABLES `customer_option_set` WRITE;
/*!40000 ALTER TABLE `customer_option_set` DISABLE KEYS */;
/*!40000 ALTER TABLE `customer_option_set` ENABLE KEYS */;
UNLOCK TABLES;

--
-- Table structure for table `customer_option_value`
--

DROP TABLE IF EXISTS `customer_option_value`;
/*!40101 SET @saved_cs_client     = @@character_set_client */;
/*!40101 SET character_set_client = utf8 */;
CREATE TABLE `customer_option_value` (
  `CUSTOMER_OPTION_VALUE_ID` bigint(20) NOT NULL,
  `CUSTOMER_OPT_VAL_CODE` varchar(255) NOT NULL,
  `CUSTOMER_OPT_VAL_IMAGE` varchar(255) DEFAULT NULL,
  `SORT_ORDER` int(11) DEFAULT NULL,
  `MERCHANT_ID` int(11) NOT NULL,
  PRIMARY KEY (`CUSTOMER_OPTION_VALUE_ID`),
  UNIQUE KEY `UKcb1fmv71nrx7m1rlx1ff5qvdt` (`MERCHANT_ID`,`CUSTOMER_OPT_VAL_CODE`),
  KEY `CUST_OPT_VAL_CODE_IDX` (`CUSTOMER_OPT_VAL_CODE`),
  CONSTRAINT `FKho87ssg5rnvwauj3y690a96g6` FOREIGN KEY (`MERCHANT_ID`) REFERENCES `merchant_store` (`MERCHANT_ID`)
) ENGINE=InnoDB DEFAULT CHARSET=utf8;
/*!40101 SET character_set_client = @saved_cs_client */;

--
-- Dumping data for table `customer_option_value`
--

LOCK TABLES `customer_option_value` WRITE;
/*!40000 ALTER TABLE `customer_option_value` DISABLE KEYS */;
/*!40000 ALTER TABLE `customer_option_value` ENABLE KEYS */;
UNLOCK TABLES;

--
-- Table structure for table `customer_review`
--

DROP TABLE IF EXISTS `customer_review`;
/*!40101 SET @saved_cs_client     = @@character_set_client */;
/*!40101 SET character_set_client = utf8 */;
CREATE TABLE `customer_review` (
  `CUSTOMER_REVIEW_ID` bigint(20) NOT NULL,
  `DATE_CREATED` datetime DEFAULT NULL,
  `DATE_MODIFIED` datetime DEFAULT NULL,
  `UPDT_ID` varchar(20) DEFAULT NULL,
  `REVIEW_DATE` datetime DEFAULT NULL,
  `REVIEWS_RATING` double DEFAULT NULL,
  `REVIEWS_READ` bigint(20) DEFAULT NULL,
  `STATUS` int(11) DEFAULT NULL,
  `CUSTOMERS_ID` bigint(20) DEFAULT NULL,
  `REVIEWED_CUSTOMER_ID` bigint(20) DEFAULT NULL,
  PRIMARY KEY (`CUSTOMER_REVIEW_ID`),
  UNIQUE KEY `UK2momthbfrtgico2yyod8w18pk` (`CUSTOMERS_ID`,`REVIEWED_CUSTOMER_ID`),
  KEY `FK7pmqdk9od2af7cl6alx82fkek` (`REVIEWED_CUSTOMER_ID`),
  CONSTRAINT `FK7pmqdk9od2af7cl6alx82fkek` FOREIGN KEY (`REVIEWED_CUSTOMER_ID`) REFERENCES `customer` (`CUSTOMER_ID`),
  CONSTRAINT `FKayt6tbxp7d4g1qyg8crw2n73p` FOREIGN KEY (`CUSTOMERS_ID`) REFERENCES `customer` (`CUSTOMER_ID`)
) ENGINE=InnoDB DEFAULT CHARSET=utf8;
/*!40101 SET character_set_client = @saved_cs_client */;

--
-- Dumping data for table `customer_review`
--

LOCK TABLES `customer_review` WRITE;
/*!40000 ALTER TABLE `customer_review` DISABLE KEYS */;
/*!40000 ALTER TABLE `customer_review` ENABLE KEYS */;
UNLOCK TABLES;

--
-- Table structure for table `customer_review_description`
--

DROP TABLE IF EXISTS `customer_review_description`;
/*!40101 SET @saved_cs_client     = @@character_set_client */;
/*!40101 SET character_set_client = utf8 */;
CREATE TABLE `customer_review_description` (
  `DESCRIPTION_ID` bigint(20) NOT NULL,
  `DATE_CREATED` datetime DEFAULT NULL,
  `DATE_MODIFIED` datetime DEFAULT NULL,
  `UPDT_ID` varchar(20) DEFAULT NULL,
  `DESCRIPTION` longtext DEFAULT NULL,
  `NAME` varchar(120) NOT NULL,
  `TITLE` varchar(100) DEFAULT NULL,
  `LANGUAGE_ID` int(11) NOT NULL,
  `CUSTOMER_REVIEW_ID` bigint(20) DEFAULT NULL,
  PRIMARY KEY (`DESCRIPTION_ID`),
  UNIQUE KEY `UK1va9q0nhoe3wli25ktpmouvyh` (`CUSTOMER_REVIEW_ID`,`LANGUAGE_ID`),
  KEY `FK5pkgrlk32uqaxkrbve5mws1hj` (`LANGUAGE_ID`),
  CONSTRAINT `FK5pkgrlk32uqaxkrbve5mws1hj` FOREIGN KEY (`LANGUAGE_ID`) REFERENCES `language` (`LANGUAGE_ID`),
  CONSTRAINT `FKhf88oagf6t62k28afn8uaijc7` FOREIGN KEY (`CUSTOMER_REVIEW_ID`) REFERENCES `customer_review` (`CUSTOMER_REVIEW_ID`)
) ENGINE=InnoDB DEFAULT CHARSET=utf8;
/*!40101 SET character_set_client = @saved_cs_client */;

--
-- Dumping data for table `customer_review_description`
--

LOCK TABLES `customer_review_description` WRITE;
/*!40000 ALTER TABLE `customer_review_description` DISABLE KEYS */;
/*!40000 ALTER TABLE `customer_review_description` ENABLE KEYS */;
UNLOCK TABLES;

--
-- Table structure for table `file_history`
--

DROP TABLE IF EXISTS `file_history`;
/*!40101 SET @saved_cs_client     = @@character_set_client */;
/*!40101 SET character_set_client = utf8 */;
CREATE TABLE `file_history` (
  `FILE_HISTORY_ID` bigint(20) NOT NULL,
  `ACCOUNTED_DATE` datetime DEFAULT NULL,
  `DATE_ADDED` datetime NOT NULL,
  `DATE_DELETED` datetime DEFAULT NULL,
  `DOWNLOAD_COUNT` int(11) NOT NULL,
  `FILE_ID` bigint(20) DEFAULT NULL,
  `FILESIZE` int(11) NOT NULL,
  `MERCHANT_ID` int(11) NOT NULL,
  PRIMARY KEY (`FILE_HISTORY_ID`),
  UNIQUE KEY `UKav35sb3v4nxq8v1n1rkxufir` (`MERCHANT_ID`,`FILE_ID`),
  CONSTRAINT `FK2k8h4penkjlbtc23vamwyek2g` FOREIGN KEY (`MERCHANT_ID`) REFERENCES `merchant_store` (`MERCHANT_ID`)
) ENGINE=InnoDB DEFAULT CHARSET=utf8;
/*!40101 SET character_set_client = @saved_cs_client */;

--
-- Dumping data for table `file_history`
--

LOCK TABLES `file_history` WRITE;
/*!40000 ALTER TABLE `file_history` DISABLE KEYS */;
/*!40000 ALTER TABLE `file_history` ENABLE KEYS */;
UNLOCK TABLES;

--
-- Table structure for table `geozone`
--

DROP TABLE IF EXISTS `geozone`;
/*!40101 SET @saved_cs_client     = @@character_set_client */;
/*!40101 SET character_set_client = utf8 */;
CREATE TABLE `geozone` (
  `GEOZONE_ID` bigint(20) NOT NULL,
  `GEOZONE_CODE` varchar(255) DEFAULT NULL,
  `GEOZONE_NAME` varchar(255) DEFAULT NULL,
  PRIMARY KEY (`GEOZONE_ID`)
) ENGINE=InnoDB DEFAULT CHARSET=utf8;
/*!40101 SET character_set_client = @saved_cs_client */;

--
-- Dumping data for table `geozone`
--

LOCK TABLES `geozone` WRITE;
/*!40000 ALTER TABLE `geozone` DISABLE KEYS */;
/*!40000 ALTER TABLE `geozone` ENABLE KEYS */;
UNLOCK TABLES;

--
-- Table structure for table `geozone_description`
--

DROP TABLE IF EXISTS `geozone_description`;
/*!40101 SET @saved_cs_client     = @@character_set_client */;
/*!40101 SET character_set_client = utf8 */;
CREATE TABLE `geozone_description` (
  `DESCRIPTION_ID` bigint(20) NOT NULL,
  `DATE_CREATED` datetime DEFAULT NULL,
  `DATE_MODIFIED` datetime DEFAULT NULL,
  `UPDT_ID` varchar(20) DEFAULT NULL,
  `DESCRIPTION` longtext DEFAULT NULL,
  `NAME` varchar(120) NOT NULL,
  `TITLE` varchar(100) DEFAULT NULL,
  `LANGUAGE_ID` int(11) NOT NULL,
  `GEOZONE_ID` bigint(20) DEFAULT NULL,
  PRIMARY KEY (`DESCRIPTION_ID`),
  UNIQUE KEY `UKsoq8o99w3c8ys3ntamt5i4mat` (`GEOZONE_ID`,`LANGUAGE_ID`),
  KEY `FK1t2hp628edebe5d6co2whbla9` (`LANGUAGE_ID`),
  CONSTRAINT `FK1t2hp628edebe5d6co2whbla9` FOREIGN KEY (`LANGUAGE_ID`) REFERENCES `language` (`LANGUAGE_ID`),
  CONSTRAINT `FKn82te2yb2st4hk2qlhl8ileb9` FOREIGN KEY (`GEOZONE_ID`) REFERENCES `geozone` (`GEOZONE_ID`)
) ENGINE=InnoDB DEFAULT CHARSET=utf8;
/*!40101 SET character_set_client = @saved_cs_client */;

--
-- Dumping data for table `geozone_description`
--

LOCK TABLES `geozone_description` WRITE;
/*!40000 ALTER TABLE `geozone_description` DISABLE KEYS */;
/*!40000 ALTER TABLE `geozone_description` ENABLE KEYS */;
UNLOCK TABLES;

--
-- Table structure for table `hibernate_sequence`
--

DROP TABLE IF EXISTS `hibernate_sequence`;
/*!40101 SET @saved_cs_client     = @@character_set_client */;
/*!40101 SET character_set_client = utf8 */;
CREATE TABLE `hibernate_sequence` (
  `next_val` bigint(20) DEFAULT NULL
) ENGINE=InnoDB DEFAULT CHARSET=utf8;
/*!40101 SET character_set_client = @saved_cs_client */;

--
-- Dumping data for table `hibernate_sequence`
--

LOCK TABLES `hibernate_sequence` WRITE;
/*!40000 ALTER TABLE `hibernate_sequence` DISABLE KEYS */;
INSERT INTO `hibernate_sequence` VALUES (1),(1);
/*!40000 ALTER TABLE `hibernate_sequence` ENABLE KEYS */;
UNLOCK TABLES;

--
-- Table structure for table `language`
--

DROP TABLE IF EXISTS `language`;
/*!40101 SET @saved_cs_client     = @@character_set_client */;
/*!40101 SET character_set_client = utf8 */;
CREATE TABLE `language` (
  `LANGUAGE_ID` int(11) NOT NULL,
  `DATE_CREATED` datetime DEFAULT NULL,
  `DATE_MODIFIED` datetime DEFAULT NULL,
  `UPDT_ID` varchar(20) DEFAULT NULL,
  `CODE` varchar(255) NOT NULL,
  `SORT_ORDER` int(11) DEFAULT NULL,
  PRIMARY KEY (`LANGUAGE_ID`),
  KEY `CODE_IDX2` (`CODE`)
) ENGINE=InnoDB DEFAULT CHARSET=utf8;
/*!40101 SET character_set_client = @saved_cs_client */;

--
-- Dumping data for table `language`
--

LOCK TABLES `language` WRITE;
/*!40000 ALTER TABLE `language` DISABLE KEYS */;
INSERT INTO `language` VALUES (1,'2020-06-02 21:26:14','2020-06-02 21:26:14',NULL,'en',NULL),(2,'2020-06-02 21:26:14','2020-06-02 21:26:14',NULL,'fr',NULL);
/*!40000 ALTER TABLE `language` ENABLE KEYS */;
UNLOCK TABLES;

--
-- Table structure for table `manufacturer`
--

DROP TABLE IF EXISTS `manufacturer`;
/*!40101 SET @saved_cs_client     = @@character_set_client */;
/*!40101 SET character_set_client = utf8 */;
CREATE TABLE `manufacturer` (
  `MANUFACTURER_ID` bigint(20) NOT NULL,
  `DATE_CREATED` datetime DEFAULT NULL,
  `DATE_MODIFIED` datetime DEFAULT NULL,
  `UPDT_ID` varchar(20) DEFAULT NULL,
  `CODE` varchar(100) NOT NULL,
  `MANUFACTURER_IMAGE` varchar(255) DEFAULT NULL,
  `SORT_ORDER` int(11) DEFAULT NULL,
  `MERCHANT_ID` int(11) NOT NULL,
  PRIMARY KEY (`MANUFACTURER_ID`),
  UNIQUE KEY `UK6brqfdkga7jc78n8dh3v595y3` (`MERCHANT_ID`,`CODE`),
  CONSTRAINT `FKhswph4nthrqwffjekccudsrt2` FOREIGN KEY (`MERCHANT_ID`) REFERENCES `merchant_store` (`MERCHANT_ID`)
) ENGINE=InnoDB DEFAULT CHARSET=utf8;
/*!40101 SET character_set_client = @saved_cs_client */;

--
-- Dumping data for table `manufacturer`
--

LOCK TABLES `manufacturer` WRITE;
/*!40000 ALTER TABLE `manufacturer` DISABLE KEYS */;
INSERT INTO `manufacturer` VALUES (1,'2020-06-02 21:26:33','2020-06-02 21:26:33',NULL,'DEFAULT',NULL,0,1),(52,'2019-03-06 21:59:20','2019-03-06 21:59:20',NULL,'vintage',NULL,0,1),(54,'2019-03-06 22:02:28','2019-03-06 22:02:28',NULL,'beach',NULL,0,1),(55,'2019-03-06 22:02:42','2019-03-06 22:02:42',NULL,'courier',NULL,0,1),(100,'2020-09-14 22:58:59','2020-09-14 22:58:59',NULL,'JM',NULL,0,1);
/*!40000 ALTER TABLE `manufacturer` ENABLE KEYS */;
UNLOCK TABLES;

--
-- Table structure for table `manufacturer_description`
--

DROP TABLE IF EXISTS `manufacturer_description`;
/*!40101 SET @saved_cs_client     = @@character_set_client */;
/*!40101 SET character_set_client = utf8 */;
CREATE TABLE `manufacturer_description` (
  `DESCRIPTION_ID` bigint(20) NOT NULL,
  `DATE_CREATED` datetime DEFAULT NULL,
  `DATE_MODIFIED` datetime DEFAULT NULL,
  `UPDT_ID` varchar(20) DEFAULT NULL,
  `DESCRIPTION` longtext DEFAULT NULL,
  `NAME` varchar(120) NOT NULL,
  `TITLE` varchar(100) DEFAULT NULL,
  `DATE_LAST_CLICK` datetime DEFAULT NULL,
  `MANUFACTURERS_URL` varchar(255) DEFAULT NULL,
  `URL_CLICKED` int(11) DEFAULT NULL,
  `LANGUAGE_ID` int(11) NOT NULL,
  `MANUFACTURER_ID` bigint(20) NOT NULL,
  PRIMARY KEY (`DESCRIPTION_ID`),
  UNIQUE KEY `UKlpv09p83sc887clxe04nroup6` (`MANUFACTURER_ID`,`LANGUAGE_ID`),
  KEY `FK20t33wr4tp1kt1uyw7s8a3afl` (`LANGUAGE_ID`),
  CONSTRAINT `FK20t33wr4tp1kt1uyw7s8a3afl` FOREIGN KEY (`LANGUAGE_ID`) REFERENCES `language` (`LANGUAGE_ID`),
  CONSTRAINT `FKre4iys57n5cfbgpg3qqgewtrh` FOREIGN KEY (`MANUFACTURER_ID`) REFERENCES `manufacturer` (`MANUFACTURER_ID`)
) ENGINE=InnoDB DEFAULT CHARSET=utf8;
/*!40101 SET character_set_client = @saved_cs_client */;

--
-- Dumping data for table `manufacturer_description`
--

LOCK TABLES `manufacturer_description` WRITE;
/*!40000 ALTER TABLE `manufacturer_description` DISABLE KEYS */;
INSERT INTO `manufacturer_description` VALUES (600,'2020-06-02 21:26:33','2020-06-02 21:26:33',NULL,'DEFAULT','DEFAULT',NULL,NULL,NULL,NULL,1,1),(750,'2019-03-06 21:51:38','2019-03-06 21:51:38',NULL,'','Chic','chic',NULL,'chic',NULL,1,52),(751,'2019-03-06 21:54:02','2019-03-06 21:54:02',NULL,'','Retro','',NULL,'retro',NULL,2,52),(752,'2019-03-06 21:59:20','2019-03-06 21:59:20',NULL,'','Vintage','',NULL,'vintage',NULL,2,54),(754,'2019-03-06 22:02:28','2019-03-06 22:02:28',NULL,'','Beach','',NULL,'beach',NULL,1,54),(755,'2019-03-06 22:02:42','2019-03-06 22:02:42',NULL,'','Courier','',NULL,'courier',NULL,1,55),(1800,'2020-09-14 22:58:59','2020-09-14 22:58:59',NULL,'<p>\r\n	Janta Meat Shop</p>\r\n','Janta Meats','Janta Meats',NULL,'janta-meats',NULL,1,100);
/*!40000 ALTER TABLE `manufacturer_description` ENABLE KEYS */;
UNLOCK TABLES;

--
-- Table structure for table `merchant_configuration`
--

DROP TABLE IF EXISTS `merchant_configuration`;
/*!40101 SET @saved_cs_client     = @@character_set_client */;
/*!40101 SET character_set_client = utf8 */;
CREATE TABLE `merchant_configuration` (
  `MERCHANT_CONFIG_ID` bigint(20) NOT NULL,
  `ACTIVE` bit(1) DEFAULT NULL,
  `DATE_CREATED` datetime DEFAULT NULL,
  `DATE_MODIFIED` datetime DEFAULT NULL,
  `UPDT_ID` varchar(20) DEFAULT NULL,
  `CONFIG_KEY` varchar(255) DEFAULT NULL,
  `TYPE` varchar(255) DEFAULT NULL,
  `VALUE` longtext DEFAULT NULL,
  `MERCHANT_ID` int(11) DEFAULT NULL,
  PRIMARY KEY (`MERCHANT_CONFIG_ID`),
  UNIQUE KEY `UKj0c3h8onw3m6hjcr3yylst9fb` (`MERCHANT_ID`,`CONFIG_KEY`),
  CONSTRAINT `FKf9bkgf0ysbp5fo9j69shm0pri` FOREIGN KEY (`MERCHANT_ID`) REFERENCES `merchant_store` (`MERCHANT_ID`)
) ENGINE=InnoDB DEFAULT CHARSET=utf8;
/*!40101 SET character_set_client = @saved_cs_client */;

--
-- Dumping data for table `merchant_configuration`
--

LOCK TABLES `merchant_configuration` WRITE;
/*!40000 ALTER TABLE `merchant_configuration` DISABLE KEYS */;
INSERT INTO `merchant_configuration` VALUES (1,'\0','2019-03-06 19:55:22','2020-10-10 22:50:18',NULL,'CONFIG','CONFIG','{\"allowPurchaseItems\":true,\"displayContactUs\":true,\"displayCustomerAgreement\":false,\"defaultSearchConfigPath\":{},\"displayCustomerSection\":true,\"displayAddToCartOnFeaturedItems\":false,\"testMode\":false,\"displayStoreAddress\":true,\"displaySearchBox\":true,\"debugMode\":false,\"useDefaultSearchConfig\":{}}',1),(50,'\0','2019-03-06 21:32:15','2019-03-06 21:32:15',NULL,'facebook_page_url','SOCIAL','https://www.facebook.com/Shopizer/',1),(51,'\0','2019-03-06 22:05:56','2021-02-18 16:21:35',NULL,'PAYMENT','INTEGRATION','df02614ab6600db0eb4d78e2c4df5574ce172c6d7f959eddfac2dd2de680dec3adf3483aea96b37f23df2033b89a0c828d51359acdbfbbf2cb8be89aa7bf0640678b66f9ad3fcab7205e3319aca5c3c2c740b55c659abfb028d1d99b3e54124f9035b79b5a174f0d3113adec9d9254b423dc0fdf1c448f52e34da8efab6cdbf091773742bf3086716163be8353dda3dc7cbf79ad927b8926bcbe7951474357bd8053cb4d657933872f083e0cd478e4fca12e9aab7dba5d43450911e7be9f50d0a97c8c5decc6ba8969259010051f5c80a6131934195e8e9a2a8e33a1bb3c5adffc3e535f81273821f0c3ce741103bfc1cb1e35b50d41916fef9faad48c3c9dffbf25198e4cc1c05834dd3f6c76020356950fbdf7514476a99425498de70a0ed6119be54bd2db5436ced219dbaafd0f2d299f356bb1ddee49116b35cde25d0d67c410498bda6f679b484ebcac016e2a9d37b896ba71b153e5e9544f2f1a2d355dd252c694348e5837234dfd277bf4b7c2c78078067e15356e945158943a8f854b97dfd67a5493d2fd2480d4da3298d2c771ce9c296aa73a78065d4bfdb54cbaf6edc8510a860755db78cbb5bc5e571d1d1191978853752d8f198d5f8d628befacb6b039450c1bd41e421865832bf63e4156f14eb53d500097b06d352203b7f53c76bea92a8b35c5467ff8bdcb2a7e9376e1852f639389344780bf1cad0f525cf816469c4a96a90a28dda73ff0b5051ef6fb44cdd4ce94e1c7b8e704c8584c44b4ec4847be046df981de1ecd9f1161da1a677b440f871c53cb711a6d6c5da8cf5b78af8a9e16ca3dc1696ef40364429967573bad46e0bfcdc8b0c9959f1cf19f79ea9cc05eebf63ce35cb6681c23c1a9753b1eeb5f98e14231fb6ee3b861cc6496',1),(52,'\0','2019-03-06 22:06:35','2021-01-03 18:17:07',NULL,'SHIPPING_CONFIG','INTEGRATION','{\"boxLength\":0,\"orderTotalFreeShipping\":500.00,\"shipBaseType\":\"SHIPPING\",\"shipOptionPriceType\":\"ALL\",\"maxWeight\":0.0,\"boxHeight\":0,\"shipFreeType\":\"INTERNATIONAL\",\"taxOnShipping\":false,\"shipPackageType\":\"ITEM\",\"freeShippingEnabled\":true,\"boxWeight\":0.0,\"shipType\":\"NATIONAL\",\"boxWidth\":0,\"handlingFees\":null,\"shipDescription\":\"SHORT_DESCRIPTION\"}',1),(53,'\0','2019-03-06 22:06:50','2020-05-26 12:01:01',NULL,'SUPPORTED_CNTR','INTEGRATION','[\"FI\",\"IN\",\"US\",\"GB\"]',1),(54,'\0','2019-03-06 22:09:20','2020-05-28 19:05:50',NULL,'SHIPPING','INTEGRATION','df02614ab6600db0eb4d78e2c4df5574d39373be3033e33a59bf2c0453f2136a9c780c58d7ac3e12942d4db1a94d621a44ae9a3c24e3ceb6061a31ca585217c24b9c159657be50bbbee29321df0503a95226e632586f0e9e5320a5e69d11e290876ce8ee30542aa237bea95640d13f01ffe9fde22d6a6710a9a323815f30b9c91e3c5931140948cb14c3645bc60850a6648d0ab4637bcc8862ed17dc94a785c6d2ab6a778c2b409948f21170235ffcbc437e729585d5c83c8e91bcebc3c6a44f6358dae4332e8a32910aabe22bc7dbad3df2716648cbe624326930c9c2b56663b81638dedd283a3aaf892164a10e78f997078195e0e088a41ef9ea7ad3a481d73e45420aa8e4e2847c124affae9527ce',1),(55,'\0','2019-03-06 22:09:44','2020-05-28 19:05:50',NULL,'weightBased','INTEGRATION','{\"moduleCode\":\"weightBased\",\"active\":false,\"regions\":[{\"customRegionName\":\"US\",\"countries\":[\"US\"],\"quoteItems\":[{\"price\":12.00,\"maximumWeight\":200}]},{\"customRegionName\":\"INDIA\",\"countries\":[\"IN\"],\"quoteItems\":[{\"price\":19.00,\"maximumWeight\":200}]},{\"customRegionName\":\"CHINA\",\"countries\":[\"CN\"],\"quoteItems\":[{\"price\":26.00,\"maximumWeight\":200}]},{\"customRegionName\":\"CANADA\",\"countries\":[\"CA\"],\"quoteItems\":[{\"price\":14.00,\"maximumWeight\":200}]}]}',1),(100,'\0','2020-06-05 21:06:40','2021-01-10 08:28:28',NULL,'EMAIL_CONFIG','INTEGRATION','{\"protocol\":\"smtp\",\"password\":\"Linux123#\",\"smtpAuth\":true,\"starttls\":true,\"port\":\"587\",\"host\":\"smtp.gmail.com\",\"username\":\"ccbhopalmeats@gmail.com\"}',1);
/*!40000 ALTER TABLE `merchant_configuration` ENABLE KEYS */;
UNLOCK TABLES;

--
-- Table structure for table `merchant_language`
--

DROP TABLE IF EXISTS `merchant_language`;
/*!40101 SET @saved_cs_client     = @@character_set_client */;
/*!40101 SET character_set_client = utf8 */;
CREATE TABLE `merchant_language` (
  `stores_MERCHANT_ID` int(11) NOT NULL,
  `languages_LANGUAGE_ID` int(11) NOT NULL,
  KEY `FKjwy0pjijh1qmcoivq50o2jgec` (`languages_LANGUAGE_ID`),
  KEY `FKiisj0tmoujv6n3iqmytvo39kn` (`stores_MERCHANT_ID`),
  CONSTRAINT `FKiisj0tmoujv6n3iqmytvo39kn` FOREIGN KEY (`stores_MERCHANT_ID`) REFERENCES `merchant_store` (`MERCHANT_ID`),
  CONSTRAINT `FKjwy0pjijh1qmcoivq50o2jgec` FOREIGN KEY (`languages_LANGUAGE_ID`) REFERENCES `language` (`LANGUAGE_ID`)
) ENGINE=InnoDB DEFAULT CHARSET=utf8;
/*!40101 SET character_set_client = @saved_cs_client */;

--
-- Dumping data for table `merchant_language`
--

LOCK TABLES `merchant_language` WRITE;
/*!40000 ALTER TABLE `merchant_language` DISABLE KEYS */;
INSERT INTO `merchant_language` VALUES (1,1);
/*!40000 ALTER TABLE `merchant_language` ENABLE KEYS */;
UNLOCK TABLES;

--
-- Table structure for table `merchant_log`
--

DROP TABLE IF EXISTS `merchant_log`;
/*!40101 SET @saved_cs_client     = @@character_set_client */;
/*!40101 SET character_set_client = utf8 */;
CREATE TABLE `merchant_log` (
  `MERCHANT_LOG_ID` bigint(20) NOT NULL,
  `LOG` longtext DEFAULT NULL,
  `MODULE` varchar(25) DEFAULT NULL,
  `MERCHANT_ID` int(11) NOT NULL,
  PRIMARY KEY (`MERCHANT_LOG_ID`),
  KEY `FKto727b9r68qrtn2vvdqdvd4ic` (`MERCHANT_ID`),
  CONSTRAINT `FKto727b9r68qrtn2vvdqdvd4ic` FOREIGN KEY (`MERCHANT_ID`) REFERENCES `merchant_store` (`MERCHANT_ID`)
) ENGINE=InnoDB DEFAULT CHARSET=utf8;
/*!40101 SET character_set_client = @saved_cs_client */;

--
-- Dumping data for table `merchant_log`
--

LOCK TABLES `merchant_log` WRITE;
/*!40000 ALTER TABLE `merchant_log` DISABLE KEYS */;
INSERT INTO `merchant_log` VALUES (50,'Check shipping box configuration, it has a volume of 0.0 and a maximum weight of 0.0. Those values must be greater than 0.','shipping',1),(51,'Check shipping box configuration, it has a volume of 0.0 and a maximum weight of 0.0. Those values must be greater than 0.','shipping',1),(52,'Check shipping box configuration, it has a volume of 0.0 and a maximum weight of 0.0. Those values must be greater than 0.','shipping',1),(53,'Check shipping box configuration, it has a volume of 0.0 and a maximum weight of 0.0. Those values must be greater than 0.','shipping',1);
/*!40000 ALTER TABLE `merchant_log` ENABLE KEYS */;
UNLOCK TABLES;

--
-- Table structure for table `merchant_store`
--

DROP TABLE IF EXISTS `merchant_store`;
/*!40101 SET @saved_cs_client     = @@character_set_client */;
/*!40101 SET character_set_client = utf8 */;
CREATE TABLE `merchant_store` (
  `MERCHANT_ID` int(11) NOT NULL,
  `DATE_CREATED` datetime DEFAULT NULL,
  `DATE_MODIFIED` datetime DEFAULT NULL,
  `UPDT_ID` varchar(20) DEFAULT NULL,
  `STORE_CODE` varchar(100) NOT NULL,
  `CONTINUESHOPPINGURL` varchar(150) DEFAULT NULL,
  `CURRENCY_FORMAT_NATIONAL` bit(1) DEFAULT NULL,
  `DOMAIN_NAME` varchar(80) DEFAULT NULL,
  `IN_BUSINESS_SINCE` date DEFAULT NULL,
  `INVOICE_TEMPLATE` varchar(25) DEFAULT NULL,
  `IS_RETAILER` bit(1) DEFAULT NULL,
  `SEIZEUNITCODE` varchar(5) DEFAULT NULL,
  `STORE_EMAIL` varchar(60) NOT NULL,
  `STORE_LOGO` varchar(100) DEFAULT NULL,
  `STORE_TEMPLATE` varchar(25) DEFAULT NULL,
  `STORE_ADDRESS` varchar(255) DEFAULT NULL,
  `STORE_CITY` varchar(100) NOT NULL,
  `STORE_NAME` varchar(100) NOT NULL,
  `STORE_PHONE` varchar(50) NOT NULL,
  `STORE_POSTAL_CODE` varchar(15) NOT NULL,
  `STORE_STATE_PROV` varchar(100) DEFAULT NULL,
  `USE_CACHE` bit(1) DEFAULT NULL,
  `WEIGHTUNITCODE` varchar(5) DEFAULT NULL,
  `COUNTRY_ID` int(11) NOT NULL,
  `CURRENCY_ID` bigint(20) NOT NULL,
  `LANGUAGE_ID` int(11) NOT NULL,
  `PARENT_ID` int(11) DEFAULT NULL,
  `ZONE_ID` bigint(20) DEFAULT NULL,
  PRIMARY KEY (`MERCHANT_ID`),
  UNIQUE KEY `UK_4pvtsnqv4nlao8725n9ldpguf` (`STORE_CODE`),
  KEY `FK2gn7vpkd9x832urw7c6jlawnn` (`COUNTRY_ID`),
  KEY `FK63hlw9wp1k1x3f5tke7t2us7s` (`CURRENCY_ID`),
  KEY `FKdnemo9tl8tjhkxko83psvkv19` (`LANGUAGE_ID`),
  KEY `FKgkoele515h76u39b9defibkm9` (`PARENT_ID`),
  KEY `FK5o24aky9161jyofyxmg0g53vv` (`ZONE_ID`),
  CONSTRAINT `FK2gn7vpkd9x832urw7c6jlawnn` FOREIGN KEY (`COUNTRY_ID`) REFERENCES `country` (`COUNTRY_ID`),
  CONSTRAINT `FK5o24aky9161jyofyxmg0g53vv` FOREIGN KEY (`ZONE_ID`) REFERENCES `zone` (`ZONE_ID`),
  CONSTRAINT `FK63hlw9wp1k1x3f5tke7t2us7s` FOREIGN KEY (`CURRENCY_ID`) REFERENCES `currency` (`CURRENCY_ID`),
  CONSTRAINT `FKdnemo9tl8tjhkxko83psvkv19` FOREIGN KEY (`LANGUAGE_ID`) REFERENCES `language` (`LANGUAGE_ID`),
  CONSTRAINT `FKgkoele515h76u39b9defibkm9` FOREIGN KEY (`PARENT_ID`) REFERENCES `merchant_store` (`MERCHANT_ID`)
) ENGINE=InnoDB DEFAULT CHARSET=utf8;
/*!40101 SET character_set_client = @saved_cs_client */;

--
-- Dumping data for table `merchant_store`
--

LOCK TABLES `merchant_store` WRITE;
/*!40000 ALTER TABLE `merchant_store` DISABLE KEYS */;
INSERT INTO `merchant_store` VALUES (1,NULL,NULL,NULL,'DEFAULT',NULL,'','jantameat.com','2020-06-02',NULL,'\0','IN','jantameats2209@gmail.com','logo.png','december',' Khan Meat Shop, Gandhi Market,, 19, Gandhi Market, Piplani, BHEL,','BHOPAL','New Janta Meat Shop','+919893696983','462021','','\0','KG',37,132,1,NULL,117);
/*!40000 ALTER TABLE `merchant_store` ENABLE KEYS */;
UNLOCK TABLES;

--
-- Table structure for table `module_configuration`
--

DROP TABLE IF EXISTS `module_configuration`;
/*!40101 SET @saved_cs_client     = @@character_set_client */;
/*!40101 SET character_set_client = utf8 */;
CREATE TABLE `module_configuration` (
  `MODULE_CONF_ID` bigint(20) NOT NULL,
  `DATE_CREATED` datetime DEFAULT NULL,
  `DATE_MODIFIED` datetime DEFAULT NULL,
  `UPDT_ID` varchar(20) DEFAULT NULL,
  `CODE` varchar(255) NOT NULL,
  `DETAILS` longtext DEFAULT NULL,
  `CONFIGURATION` longtext DEFAULT NULL,
  `CUSTOM_IND` bit(1) DEFAULT NULL,
  `IMAGE` varchar(255) DEFAULT NULL,
  `MODULE` varchar(255) DEFAULT NULL,
  `REGIONS` varchar(255) DEFAULT NULL,
  `TYPE` varchar(255) DEFAULT NULL,
  PRIMARY KEY (`MODULE_CONF_ID`),
  KEY `MODULE_CONFIGURATION_MODULE` (`MODULE`)
) ENGINE=InnoDB DEFAULT CHARSET=utf8;
/*!40101 SET character_set_client = @saved_cs_client */;

--
-- Dumping data for table `module_configuration`
--

LOCK TABLES `module_configuration` WRITE;
/*!40000 ALTER TABLE `module_configuration` DISABLE KEYS */;
INSERT INTO `module_configuration` VALUES (1,'2019-03-06 19:55:21','2019-03-06 19:55:21',NULL,'usps',NULL,'[{\"scheme\":\"http\",\"host\":\"testing.shippingapis.com\",\"port\":\"80\",\"uri\":\"/ShippingAPI.dll\",\"env\":\"TEST\",\"config1\":null,\"config2\":null},{\"scheme\":\"http\",\"host\":\"production.shippingapis.com\",\"port\":\"80\",\"uri\":\"/ShippingAPI.dll\",\"env\":\"PROD\",\"config1\":null,\"config2\":null}]','\0','usps.jpg','SHIPPING','[\"US\"]',NULL),(2,'2019-03-06 19:55:21','2019-03-06 19:55:21',NULL,'canadapost',NULL,'[{\"scheme\":\"https\",\"host\":\"ct.soa-gw.canadapost.ca\",\"port\":\"443\",\"uri\":\"/rs/ship/price\",\"env\":\"TEST\",\"config1\":null,\"config2\":null},{\"scheme\":\"https\",\"host\":\"soa-gw.canadapost.ca\",\"port\":\"443\",\"uri\":\"/rs/ship/price\",\"env\":\"PROD\",\"config1\":null,\"config2\":null}]','\0','canadapost.jpg','SHIPPING','[\"CA\"]',NULL),(3,'2019-03-06 19:55:21','2019-03-06 19:55:21',NULL,'ups','{\"01\":\"UPS Next Day Air\",\"02\":\"UPS Second Day Air\",\"03\":\"UPS Ground\",\"07\":\"UPS Worldwide Express\",\"08\":\"UPS Worldwide Expedited\",\"11\":\"UPS Standard\",\"12\":\"UPS Three-Day Select\",\"13\":\"UPS Next Day Air Saver\",\"14\":\"UPS Next Day Air Early A.M.\",\"54\":\"UPS Worldwide Express Plus\",\"59\":\"UPS Second Day Air A.M.\",\"69\":\"UPS Saver\"}','[{\"scheme\":\"https\",\"host\":\"wwwcie.ups.com\",\"port\":\"443\",\"uri\":\"/ups.app/xml/Rate\",\"env\":\"TEST\",\"config1\":null,\"config2\":null},{\"scheme\":\"https\",\"host\":\"onlinetools.ups.com\",\"port\":\"443\",\"uri\":\"/xml/Rate\",\"env\":\"PROD\",\"config1\":null,\"config2\":null}]','\0','ups.jpg','SHIPPING','[\"US\",\"CA\",\"FR\",\"GB\"]',NULL),(4,'2019-03-06 19:55:21','2019-03-06 19:55:21',NULL,'weightBased',NULL,NULL,'',NULL,'SHIPPING','[\"*\"]',NULL),(5,'2019-03-06 19:55:21','2019-03-06 19:55:21',NULL,'customQuotesRules',NULL,NULL,'\0',NULL,'SHIPPING','[\"*\"]',NULL),(6,'2019-03-06 19:55:21','2019-03-06 19:55:21',NULL,'priceByDistance',NULL,NULL,'\0',NULL,'SHIPPING','[\"*\"]',NULL),(7,'2019-03-06 19:55:21','2019-03-06 19:55:21',NULL,'storePickUp',NULL,NULL,'\0',NULL,'SHIPPING','[\"*\"]',NULL),(8,'2019-03-06 19:55:21','2019-03-06 19:55:21',NULL,'moneyorder',NULL,NULL,'\0','moneyorder.gif','PAYMENT','[\"*\"]','moneyorder'),(9,'2019-03-06 19:55:21','2019-03-06 19:55:21',NULL,'paypal-express-checkout',NULL,'[{\"scheme\":\"\",\"host\":\"\",\"port\":\"\",\"uri\":\"\",\"env\":\"TEST\",\"config1\":\"https://www.sandbox.paypal.com/cgi-bin/webscr?cmd=_express-checkout&token=\",\"config2\":null},{\"scheme\":\"\",\"host\":\"\",\"port\":\"\",\"uri\":\"\",\"env\":\"PROD\",\"config1\":\"https://www.paypal.com/cgi-bin/webscr?cmd=_express-checkout&token=\",\"config2\":null}]','\0','paytm_new.png','PAYMENT','[\"*\"]','paypal'),(10,'2019-03-06 19:55:21','2019-03-06 19:55:21',NULL,'beanstream',NULL,'[{\"scheme\":\"https\",\"host\":\"www.beanstream.com\",\"port\":\"443\",\"uri\":\"/scripts/process_transaction.asp\",\"env\":\"TEST\",\"config1\":null,\"config2\":null},{\"scheme\":\"https\",\"host\":\"www.beanstream.com\",\"port\":\"443\",\"uri\":\"/scripts/process_transaction.asp\",\"env\":\"PROD\",\"config1\":null,\"config2\":null}]','\0','beanstream.gif','PAYMENT','[\"US\",\"CA\",\"GB\"]','creditcard'),(11,'2019-03-06 19:55:21','2019-03-06 19:55:21',NULL,'stripe',NULL,'[{\"scheme\":\"https\",\"host\":\"www.stripe.com\",\"port\":\"443\",\"uri\":\"/\",\"env\":\"TEST\",\"config1\":null,\"config2\":null},{\"scheme\":\"https\",\"host\":\"www.stripe.com\",\"port\":\"443\",\"uri\":\"/\",\"env\":\"PROD\",\"config1\":null,\"config2\":null}]','\0','stripe.png','PAYMENT','[\"US\",\"CA\",\"GB\",\"AU\",\"FI\",\"DK\",\"IE\",\"NO\",\"SE\"]','creditcard'),(12,'2019-03-06 19:55:21','2019-03-06 19:55:21',NULL,'braintree',NULL,'[{\"scheme\":\"https\",\"host\":\"NOTREQUIRED\",\"port\":\"NOTREQUIRED\",\"uri\":\"NOTREQUIRED\",\"env\":\"TEST\",\"config1\":null,\"config2\":null},{\"scheme\":\"https\",\"host\":\"NOTREQUIRED\",\"port\":\"NOTREQUIRED\",\"uri\":\"NOTREQUIRED\",\"env\":\"PROD\",\"config1\":null,\"config2\":null}]','\0','braintree.jpg','PAYMENT','[\"US\",\"CA\",\"GB\",\"AU\",\"FI\",\"DK\",\"IE\",\"NO\",\"SE\",\"AL\",\"AD\",\"AT\",\"BY\",\"BE\",\"BG\",\"HY\",\"CY\",\"CZ\",\"FR\",\"GR\",\"IS\",\"IE\",\"IM\",\"IT\",\"PL\",\"LU\",\"CH\",\"RS\",\"SG\",\"MY\",\"HK\",\"NZ\"]','creditcard');
/*!40000 ALTER TABLE `module_configuration` ENABLE KEYS */;
UNLOCK TABLES;

--
-- Table structure for table `optin`
--

DROP TABLE IF EXISTS `optin`;
/*!40101 SET @saved_cs_client     = @@character_set_client */;
/*!40101 SET character_set_client = utf8 */;
CREATE TABLE `optin` (
  `OPTIN_ID` bigint(20) NOT NULL,
  `CODE` varchar(255) NOT NULL,
  `DESCRIPTION` varchar(255) DEFAULT NULL,
  `END_DATE` datetime DEFAULT NULL,
  `TYPE` varchar(255) NOT NULL,
  `START_DATE` datetime DEFAULT NULL,
  `MERCHANT_ID` int(11) DEFAULT NULL,
  PRIMARY KEY (`OPTIN_ID`),
  UNIQUE KEY `UKmanlx6siq6ddf14cud40k8gw6` (`MERCHANT_ID`,`CODE`),
  CONSTRAINT `FK37xvfo4the20avv7f1e1771fh` FOREIGN KEY (`MERCHANT_ID`) REFERENCES `merchant_store` (`MERCHANT_ID`)
) ENGINE=InnoDB DEFAULT CHARSET=utf8;
/*!40101 SET character_set_client = @saved_cs_client */;

--
-- Dumping data for table `optin`
--

LOCK TABLES `optin` WRITE;
/*!40000 ALTER TABLE `optin` DISABLE KEYS */;
INSERT INTO `optin` VALUES (1,'NEWSLETTER',NULL,NULL,'NEWSLETTER',NULL,1);
/*!40000 ALTER TABLE `optin` ENABLE KEYS */;
UNLOCK TABLES;

--
-- Table structure for table `order_account`
--

DROP TABLE IF EXISTS `order_account`;
/*!40101 SET @saved_cs_client     = @@character_set_client */;
/*!40101 SET character_set_client = utf8 */;
CREATE TABLE `order_account` (
  `ORDER_ACCOUNT_ID` bigint(20) NOT NULL,
  `ORDER_ACCOUNT_BILL_DAY` int(11) NOT NULL,
  `ORDER_ACCOUNT_END_DATE` date DEFAULT NULL,
  `ORDER_ACCOUNT_START_DATE` date NOT NULL,
  `ORDER_ID` bigint(20) NOT NULL,
  PRIMARY KEY (`ORDER_ACCOUNT_ID`),
  KEY `FKi6l5isodh81m5hy8ua06hx73n` (`ORDER_ID`),
  CONSTRAINT `FKi6l5isodh81m5hy8ua06hx73n` FOREIGN KEY (`ORDER_ID`) REFERENCES `orders` (`ORDER_ID`)
) ENGINE=InnoDB DEFAULT CHARSET=utf8;
/*!40101 SET character_set_client = @saved_cs_client */;

--
-- Dumping data for table `order_account`
--

LOCK TABLES `order_account` WRITE;
/*!40000 ALTER TABLE `order_account` DISABLE KEYS */;
/*!40000 ALTER TABLE `order_account` ENABLE KEYS */;
UNLOCK TABLES;

--
-- Table structure for table `order_account_product`
--

DROP TABLE IF EXISTS `order_account_product`;
/*!40101 SET @saved_cs_client     = @@character_set_client */;
/*!40101 SET character_set_client = utf8 */;
CREATE TABLE `order_account_product` (
  `ORDER_ACCOUNT_PRODUCT_ID` bigint(20) NOT NULL,
  `ORDER_ACCOUNT_PRODUCT_ACCNT_DT` date DEFAULT NULL,
  `ORDER_ACCOUNT_PRODUCT_END_DT` date DEFAULT NULL,
  `ORDER_ACCOUNT_PRODUCT_EOT` datetime DEFAULT NULL,
  `ORDER_ACCOUNT_PRODUCT_L_ST_DT` datetime DEFAULT NULL,
  `ORDER_ACCOUNT_PRODUCT_L_TRX_ST` int(11) NOT NULL,
  `ORDER_ACCOUNT_PRODUCT_PM_FR_TY` int(11) NOT NULL,
  `ORDER_ACCOUNT_PRODUCT_ST_DT` date NOT NULL,
  `ORDER_ACCOUNT_PRODUCT_STATUS` int(11) NOT NULL,
  `ORDER_ACCOUNT_ID` bigint(20) NOT NULL,
  `ORDER_PRODUCT_ID` bigint(20) NOT NULL,
  PRIMARY KEY (`ORDER_ACCOUNT_PRODUCT_ID`),
  KEY `FK7oxc8ygov7vd2ajt185jhiwts` (`ORDER_ACCOUNT_ID`),
  KEY `FK5kiyyb8ekqi9bfowytww8atcx` (`ORDER_PRODUCT_ID`),
  CONSTRAINT `FK5kiyyb8ekqi9bfowytww8atcx` FOREIGN KEY (`ORDER_PRODUCT_ID`) REFERENCES `order_product` (`ORDER_PRODUCT_ID`),
  CONSTRAINT `FK7oxc8ygov7vd2ajt185jhiwts` FOREIGN KEY (`ORDER_ACCOUNT_ID`) REFERENCES `order_account` (`ORDER_ACCOUNT_ID`)
) ENGINE=InnoDB DEFAULT CHARSET=utf8;
/*!40101 SET character_set_client = @saved_cs_client */;

--
-- Dumping data for table `order_account_product`
--

LOCK TABLES `order_account_product` WRITE;
/*!40000 ALTER TABLE `order_account_product` DISABLE KEYS */;
/*!40000 ALTER TABLE `order_account_product` ENABLE KEYS */;
UNLOCK TABLES;

--
-- Table structure for table `order_attribute`
--

DROP TABLE IF EXISTS `order_attribute`;
/*!40101 SET @saved_cs_client     = @@character_set_client */;
/*!40101 SET character_set_client = utf8 */;
CREATE TABLE `order_attribute` (
  `ORDER_ATTRIBUTE_ID` bigint(20) NOT NULL,
  `IDENTIFIER` varchar(255) NOT NULL,
  `VALUE` varchar(255) NOT NULL,
  `ORDER_ID` bigint(20) NOT NULL,
  PRIMARY KEY (`ORDER_ATTRIBUTE_ID`),
  KEY `FK4nw5yrtgb4in6leve76bmdnua` (`ORDER_ID`),
  CONSTRAINT `FK4nw5yrtgb4in6leve76bmdnua` FOREIGN KEY (`ORDER_ID`) REFERENCES `orders` (`ORDER_ID`)
) ENGINE=InnoDB DEFAULT CHARSET=utf8;
/*!40101 SET character_set_client = @saved_cs_client */;

--
-- Dumping data for table `order_attribute`
--

LOCK TABLES `order_attribute` WRITE;
/*!40000 ALTER TABLE `order_attribute` DISABLE KEYS */;
/*!40000 ALTER TABLE `order_attribute` ENABLE KEYS */;
UNLOCK TABLES;

--
-- Table structure for table `order_product`
--

DROP TABLE IF EXISTS `order_product`;
/*!40101 SET @saved_cs_client     = @@character_set_client */;
/*!40101 SET character_set_client = utf8 */;
CREATE TABLE `order_product` (
  `ORDER_PRODUCT_ID` bigint(20) NOT NULL,
  `ONETIME_CHARGE` decimal(19,2) NOT NULL,
  `PRODUCT_NAME` varchar(64) NOT NULL,
  `PRODUCT_QUANTITY` int(11) DEFAULT NULL,
  `PRODUCT_SKU` varchar(255) DEFAULT NULL,
  `ORDER_ID` bigint(20) NOT NULL,
  PRIMARY KEY (`ORDER_PRODUCT_ID`),
  KEY `FKf0sghmn59s14cxrjtrvkvi5yk` (`ORDER_ID`),
  CONSTRAINT `FKf0sghmn59s14cxrjtrvkvi5yk` FOREIGN KEY (`ORDER_ID`) REFERENCES `orders` (`ORDER_ID`)
) ENGINE=InnoDB DEFAULT CHARSET=utf8;
/*!40101 SET character_set_client = @saved_cs_client */;

--
-- Dumping data for table `order_product`
--

LOCK TABLES `order_product` WRITE;
/*!40000 ALTER TABLE `order_product` DISABLE KEYS */;
INSERT INTO `order_product` VALUES (550,48.00,'Sac look retro',1,'NK071',550),(600,48.00,'Retro style bag',1,'NK071',600),(601,60.00,'Vintage beach bag',1,'NK095',601),(602,48.00,'Sac look retro',1,'NK071',602),(650,60.00,'Chic vintage DeVille',1,'NK035',650),(651,60.00,'Chic vintage DeVille',1,'NK035',651),(652,60.00,'Sac de plage vintage',1,'NK095',651),(700,95.00,'BALCK BAG',1,'SKU12345',700),(750,62.00,'Sac exotique style vintage',1,'NK125',750),(800,55.00,'Bata Black Shoes',1,'SKU67897',800),(850,69.00,'Sac vintage',1,'NK089',850),(851,69.00,'Vintage bag',1,'NK089',851),(852,48.00,'Retro style bag',1,'NK071',852),(900,205.00,'Bata Black Shoes',1,'SKU67897',900),(901,175.00,'Bata Black Shoes',1,'SKU67897',900),(902,48.00,'Sac look retro',2,'NK071',900),(950,48.00,'Retro style bag',1,'NK071',950),(951,60.00,'Vintage beach bag',1,'NK095',950),(1000,48.00,'Sac look retro',1,'NK071',1000),(1050,48.00,'Sac look retro',1,'NK071',1050),(1100,69.00,'Sac vintage',1,'NK089',1100),(1150,69.00,'Sac vintage',1,'NK089',1150),(1151,69.00,'Vintage bag',1,'NK089',1151),(1200,175.00,'Bata Black Shoes',1,'SKU67897',1200),(1250,69.00,'Vintage bag',1,'NK089',1250),(1251,55.00,'Bata Black Shoes',1,'SKU67897',1251),(1300,55.00,'Bata Black Shoes',1,'SKU67897',1300),(1301,69.00,'Sac vintage',2,'NK089',1300),(1302,69.00,'Sac vintage',1,'NK089',1301),(1303,69.00,'Sac vintage',1,'NK089',1302),(1304,69.00,'Sac vintage',1,'NK089',1303),(1305,48.00,'Sac look retro',1,'NK071',1304),(1350,55.00,'Bata Black Shoes',1,'SKU67897',1350),(1400,69.00,'Sac vintage',1,'NK089',1400),(1450,69.00,'Sac vintage',1,'NK089',1450),(1500,69.00,'Sac vintage',1,'NK089',1500),(1550,69.00,'Sac vintage',1,'NK089',1550),(1551,69.00,'Vintage bag',1,'NK089',1551),(1600,69.00,'Vintage bag',1,'NK089',1600),(1650,55.00,'Bata Black Shoes',1,'SKU67897',1650),(1700,55.00,'Bata Black Shoes',1,'SKU67897',1700),(1750,55.00,'Bata Black Shoes',1,'SKU67897',1750),(1800,60.00,'Chic vintage DeVille',1,'NK035',1800),(1801,60.00,'Chic vintage DeVille',1,'NK035',1801),(1850,60.00,'Chic vintage DeVille',1,'NK035',1850),(1900,60.00,'Chic vintage DeVille',1,'NK035',1900),(1950,60.00,'Chic vintage DeVille',2,'NK035',1950),(2000,69.00,'Sac vintage',1,'NK089',2000),(2001,69.00,'Sac vintage',1,'NK089',2001),(2002,95.00,'BALCK BAG',1,'SKU12345',2002),(2050,69.00,'Sac vintage',1,'NK089',2050),(2100,69.00,'Sac vintage',1,'NK089',2100),(2150,69.00,'Sac vintage',1,'NK089',2150),(2200,40.00,'Vintage laptop bag',1,'NK124',2200),(2201,95.00,'BALCK BAG',1,'SKU12345',2201),(2250,60.00,'Vintage beach bag',2,'NK095',2250),(2300,69.00,'Vintage bag',1,'NK089',2300),(2350,95.00,'BALCK BAG',1,'SKU12345',2350),(2400,95.00,'BALCK BAG',1,'SKU12345',2400),(2450,48.00,'Retro style bag',1,'NK071',2450),(2500,48.00,'Retro style bag',1,'NK071',2500),(2550,68.00,'Sac vintage bandouilleres de cuir',1,'NK033',2550),(2600,70.00,'Haldiram Rasgulla 500 Grams',1,'HR_001',2600),(2601,70.00,'Haldiram Rasgulla 500 Grams',1,'HR_001',2601),(2602,180.00,'Haldiram Rasgulla 500 Grams',1,'HR_001',2602),(2603,205.00,'Bata Black Shoes',1,'SKU67897',2603),(2650,75.00,'Haldiram Rasgulla 500 Grams',1,'HR_001',2650),(2700,75.00,'Haldiram Rasgulla 500 Grams',1,'HR_001',2700),(2701,75.00,'Haldiram Rasgulla 500 Grams',1,'HR_001',2700),(2750,75.00,'Haldiram Rasgulla 500 Grams',1,'HR_001',2750),(2751,75.00,'Haldiram Rasgulla 500 Grams',1,'HR_001',2751),(2800,105.00,'Haldiram Rasgulla 500 Grams',1,'HR_001',2800),(2801,210.00,'Haldiram Rasgulla 500 Grams',1,'HR_001',2801),(2850,105.00,'Haldiram Rasgulla 500 Grams',1,'HR_001',2850),(2900,48.00,'Sac look retro',1,'NK071',2900),(2901,210.00,'Haldiram Rasgulla 500 Grams',1,'HR_001',2901),(2902,160.00,'Haldiram Rasgulla 500 Grams',2,'HR_001',2902),(2950,105.00,'Haldiram Rasgulla 500 Grams',1,'HR_001',2950),(3000,105.00,'Haldiram Rasgulla 500 Grams',1,'HR_001',3000),(3050,105.00,'Haldiram Rasgulla 500 Grams',1,'HR_001',3050),(3100,105.00,'Haldiram Rasgulla 500 Grams',1,'HR_001',3100),(3101,105.00,'Haldiram Rasgulla 500 Grams',1,'HR_001',3101),(3150,675.00,'Boneless Chicken ',3,'JM1001',3150),(3151,715.00,'Chicken Keema',1,'JM1002',3151),(3200,700.00,'Goat Mutton Shoulder Cuts',1,'JM2009',3200),(3201,340.00,'Goat Liver',1,'JM2006',3201),(3250,175.00,'Boneless Chicken ',1,'JM1001',3250),(3251,195.00,'Chicken Keema',1,'JM1002',3251),(3300,675.00,'Boneless Chicken ',1,'JM1001',3300),(3350,195.00,'Chicken Keema',1,'JM1002',3350),(3400,95.00,'Chicken Leg-Whole',3,'JM1004',3400),(3401,350.00,'Boneless Chicken ',1,'JM1001',3401),(3402,350.00,'Boneless Chicken ',1,'JM1001',3402),(3403,390.00,'Chicken Keema',1,'JM1002',3403),(3450,315.00,'Chicken Lollipop',1,'JM1005',3450),(3451,675.00,'Boneless Chicken ',1,'JM1001',3451),(3500,390.00,'Chicken Keema',1,'JM1002',3500),(3550,350.00,'Boneless Chicken ',1,'JM1001',3550),(3600,350.00,'Boneless Chicken ',1,'JM1001',3600),(3601,390.00,'Chicken Keema',1,'JM1002',3601),(3602,360.00,'Goat Mutton Leg Whole',1,'JM2008',3602),(3650,340.00,'Goat Liver',1,'JM2006',3650),(3700,700.00,'Goat Mutton Shoulder Cuts',1,'JM2009',3700),(3750,350.00,'Boneless Chicken ',1,'JM1001',3750),(3800,195.00,'Chicken Keema',1,'JM1002',3800),(3801,95.00,'Chicken Leg-Whole',1,'JM1004',3801),(3850,95.00,'Chicken Leg-Whole',1,'JM1004',3850),(3851,350.00,'Boneless Chicken ',1,'JM1001',3850),(3852,350.00,'Boneless Chicken ',1,'JM1001',3851),(3900,175.00,'Chicken Curry Cut Skinless',1,'JM1003',3900),(3950,340.00,'Goat Liver',1,'JM2006',3950),(4000,170.00,'Chicken Leg-Whole',1,'JM1004',4000),(4001,355.00,'Goat Mutton Shoulder Cuts',5,'JM2009',4001),(4002,655.00,'Goat Curry Cut',1,'JM2001',4002),(4050,110.00,'Chicken Whole (Skinless) ',1,'JM1008',4050),(4051,360.00,'Chicken Leg-Whole',1,'JM1004',4050),(4052,390.00,'Chicken Keema',1,'JM1002',4051),(4100,380.00,'Boneless Mutton',1,'JM2003',4100),(4101,175.00,'Boneless Chicken ',1,'JM1001',4100),(4102,195.00,'Chicken Keema',1,'JM1002',4101),(4150,675.00,'Boneless Chicken ',1,'JM1001',4150),(4200,315.00,'Chicken Lollipop',1,'JM1005',4200),(4201,195.00,'Chicken Keema',1,'JM1002',4201),(4250,180.00,'Chicken Leg-Whole',1,'JM1004',4250),(4251,350.00,'Chicken Curry Cut Skinless',1,'JM1003',4251),(4300,205.00,'Chicken Whole (Skin On) ',1,'JM1006',4300),(4301,340.00,'Goat Mutton Biryani Cuts',1,'JM2007',4301),(4350,675.00,'Boneless Chicken ',1,'JM1001',4350),(4400,115.00,'Chicken Wings Skinless',2,'JM1007',4400),(4401,380.00,'Boneless Mutton',1,'JM2003',4401),(4402,390.00,'Chicken Keema',1,'JM1002',4402),(4450,350.00,'Boneless Chicken ',1,'JM1001',4450),(4451,350.00,'Chicken Curry Cut Skinless',1,'JM1003',4451),(4500,715.00,'Chicken Keema',1,'JM1002',4500),(4501,715.00,'Chicken Keema',1,'JM1002',4501),(4502,675.00,'Boneless Chicken ',1,'JM1001',4501),(4503,315.00,'Chicken Lollipop',1,'JM1005',4502),(4504,350.00,'Chicken Curry Cut Skinless',1,'JM1003',4503),(4550,310.00,'Goat Mutton Keema',1,'JM2002',4550),(4551,340.00,'Goat Paya (Trotters)',1,'JM2004',4550),(4552,160.00,'Chicken Lollipop',1,'JM1005',4551),(4600,195.00,'Chicken Keema',1,'JM1002',4600),(4601,315.00,'Goat Curry Cut',1,'JM2001',4601),(4602,340.00,'Goat Rib Chops',1,'JM2005',4602),(4603,180.00,'Goat Liver',1,'JM2006',4603),(4604,400.00,'Chicken Whole (Skin On) ',1,'JM1006',4604),(4650,160.00,'Chicken Lollipop',1,'JM1005',4650),(4651,340.00,'Goat Mutton Biryani Cuts',1,'JM2007',4651),(4652,360.00,'Chicken Leg-Whole',1,'JM1004',4652),(4700,350.00,'Boneless Chicken ',1,'JM1001',4700);
/*!40000 ALTER TABLE `order_product` ENABLE KEYS */;
UNLOCK TABLES;

--
-- Table structure for table `order_product_attribute`
--

DROP TABLE IF EXISTS `order_product_attribute`;
/*!40101 SET @saved_cs_client     = @@character_set_client */;
/*!40101 SET character_set_client = utf8 */;
CREATE TABLE `order_product_attribute` (
  `ORDER_PRODUCT_ATTRIBUTE_ID` bigint(20) NOT NULL,
  `PRODUCT_ATTRIBUTE_IS_FREE` bit(1) NOT NULL,
  `PRODUCT_ATTRIBUTE_NAME` varchar(255) DEFAULT NULL,
  `PRODUCT_ATTRIBUTE_PRICE` decimal(15,4) NOT NULL,
  `PRODUCT_ATTRIBUTE_VAL_NAME` varchar(255) DEFAULT NULL,
  `PRODUCT_ATTRIBUTE_WEIGHT` decimal(15,4) DEFAULT NULL,
  `PRODUCT_OPTION_ID` bigint(20) NOT NULL,
  `PRODUCT_OPTION_VALUE_ID` bigint(20) NOT NULL,
  `ORDER_PRODUCT_ID` bigint(20) NOT NULL,
  PRIMARY KEY (`ORDER_PRODUCT_ATTRIBUTE_ID`),
  KEY `FK7j86rvwaysbok1nuofrnmhmkx` (`ORDER_PRODUCT_ID`),
  CONSTRAINT `FK7j86rvwaysbok1nuofrnmhmkx` FOREIGN KEY (`ORDER_PRODUCT_ID`) REFERENCES `order_product` (`ORDER_PRODUCT_ID`)
) ENGINE=InnoDB DEFAULT CHARSET=utf8;
/*!40101 SET character_set_client = @saved_cs_client */;

--
-- Dumping data for table `order_product_attribute`
--

LOCK TABLES `order_product_attribute` WRITE;
/*!40000 ALTER TABLE `order_product_attribute` DISABLE KEYS */;
INSERT INTO `order_product_attribute` VALUES (50,'\0','SIZE',150.0000,'MEDIUM',0.0000,50,51,900),(51,'\0','Gender',0.0000,'Man',0.0000,51,52,901),(52,'\0','SIZE',120.0000,'SMALL',0.0000,50,50,901),(100,'\0','Gender',0.0000,'Man',0.0000,51,52,1200),(101,'\0','SIZE',120.0000,'SMALL',0.0000,50,50,1200),(150,'\0','Colour',40.0000,'Red',0.0000,1,1,2200),(200,'\0','Weight',10.0000,'0.5 KG',0.0000,100,100,2600),(201,'\0','Weight',10.0000,'0.5 KG',0.0000,100,100,2601),(202,'\0','Weight',120.0000,'2 KG',0.0000,100,102,2602),(203,'\0','SIZE',150.0000,'MEDIUM',0.0000,50,51,2603),(204,'\0','Gender',0.0000,'Women',0.0000,51,53,2603),(250,'\0','Weight',15.0000,'0.5 KG',0.0000,100,100,2650),(300,'\0','Weight',15.0000,'0.5 KG',0.0000,100,100,2700),(301,'\0','Weight',15.0000,'0.5 KG',0.0000,100,100,2701),(350,'\0','Weight',15.0000,'0.5 KG',0.0000,100,100,2750),(351,'\0','Weight',15.0000,'0.5 KG',0.0000,100,100,2751),(400,'\0','Weight',15.0000,'0.5 KG',0.0000,100,100,2800),(401,'\0','Weight',120.0000,'2 KG',0.0000,100,102,2801),(450,'\0','Weight',15.0000,'0.5 KG',0.0000,100,100,2850),(500,'\0','Weight',120.0000,'2 KG',0.0000,100,102,2901),(501,'\0','Weight',70.0000,'1 KG',500.0000,100,101,2902),(550,'\0','Weight',15.0000,'0.5 KG',0.0000,100,100,2950),(600,'\0','Weight',15.0000,'0.5 KG',0.0000,100,100,3000),(650,'\0','Weight',15.0000,'0.5 KG',0.0000,100,100,3050),(700,'\0','Weight',15.0000,'0.5 KG',0.0000,100,100,3100),(701,'\0','Weight',15.0000,'0.5 KG',0.0000,100,100,3101),(750,'\0','Weight',575.0000,'2 KG',1500.0000,100,102,3150),(751,'\0','Weight',595.0000,'2 KG',1500.0000,100,102,3151),(800,'\0','Weight',520.0000,'2 KG',1500.0000,100,102,3200),(801,'\0','Weight',250.0000,'2 KG',1500.0000,100,102,3201),(850,'\0','Weight',75.0000,'0.5 KG',0.0000,100,100,3250),(851,'\0','Weight',75.0000,'0.5 KG',0.0000,100,100,3251),(900,'\0','Weight',575.0000,'2 KG',1500.0000,100,102,3300),(950,'\0','Weight',75.0000,'0.5 KG',0.0000,100,100,3350),(1000,'\0','Weight',15.0000,'0.5 KG',0.0000,100,100,3400),(1001,'\0','Weight',250.0000,'1 KG',500.0000,100,101,3401),(1002,'\0','Weight',250.0000,'1 KG',500.0000,100,101,3402),(1003,'\0','Weight',270.0000,'1 KG',500.0000,100,101,3403),(1050,'\0','Weight',240.0000,'2 KG',1500.0000,100,102,3450),(1051,'\0','Weight',575.0000,'2 KG',1500.0000,100,102,3451),(1100,'\0','Weight',270.0000,'1 KG',500.0000,100,101,3500),(1150,'\0','Weight',250.0000,'1 KG',500.0000,100,101,3550),(1200,'\0','Weight',250.0000,'1 KG',500.0000,100,101,3600),(1201,'\0','Weight',270.0000,'1 KG',500.0000,100,101,3601),(1202,'\0','Weight',250.0000,'2 KG',1500.0000,100,102,3602),(1250,'\0','Weight',250.0000,'2 KG',1500.0000,100,102,3650),(1300,'\0','Weight',520.0000,'2 KG',1500.0000,100,102,3700),(1350,'\0','Weight',250.0000,'1 KG',500.0000,100,101,3750),(1400,'\0','Weight',75.0000,'0.5 KG',0.0000,100,100,3800),(1401,'\0','Weight',15.0000,'0.5 KG',0.0000,100,100,3801),(1450,'\0','Weight',15.0000,'0.5 KG',0.0000,100,100,3850),(1451,'\0','Weight',250.0000,'1 KG',500.0000,100,101,3851),(1452,'\0','Weight',250.0000,'1 KG',500.0000,100,101,3852),(1500,'\0','Weight',75.0000,'0.5 KG',0.0000,100,100,3900),(1550,'\0','Weight',250.0000,'2 KG',1500.0000,100,102,3950),(1600,'\0','Weight',90.0000,'1 KG',500.0000,100,101,4000),(1601,'\0','Weight',175.0000,'1 KG',500.0000,100,101,4001),(1602,'\0','Weight',550.0000,'2 KG',1500.0000,100,102,4002),(1650,'\0','Weight',5.0000,'0.5 KG',0.0000,100,100,4050),(1651,'\0','Weight',360.0000,'2 KG',1500.0000,100,102,4051),(1652,'\0','Weight',270.0000,'1 KG',500.0000,100,101,4052),(1700,'\0','Weight',190.0000,'1 KG',500.0000,100,101,4100),(1701,'\0','Weight',75.0000,'0.5 KG',0.0000,100,100,4101),(1702,'\0','Weight',75.0000,'0.5 KG',0.0000,100,100,4102),(1750,'\0','Weight',575.0000,'2 KG',1500.0000,100,102,4150),(1800,'\0','Weight',240.0000,'2 KG',1500.0000,100,102,4200),(1801,'\0','Weight',75.0000,'0.5 KG',0.0000,100,100,4201),(1850,'\0','Weight',180.0000,'1 KG',500.0000,100,101,4250),(1851,'\0','Weight',250.0000,'1 KG',500.0000,100,101,4251),(1900,'\0','Weight',105.0000,'1 KG',500.0000,100,101,4300),(1901,'\0','Weight',250.0000,'2 KG',1500.0000,100,102,4301),(1950,'\0','Weight',575.0000,'2 KG',1500.0000,100,102,4350),(2000,'\0','Weight',15.0000,'0.5 KG',0.0000,100,100,4400),(2001,'\0','Weight',190.0000,'1 KG',500.0000,100,101,4401),(2002,'\0','Weight',270.0000,'1 KG',500.0000,100,101,4402),(2050,'\0','Weight',250.0000,'1 KG',500.0000,100,101,4450),(2051,'\0','Weight',250.0000,'1 KG',500.0000,100,101,4451),(2100,'\0','Weight',595.0000,'2 KG',1500.0000,100,102,4500),(2101,'\0','Weight',595.0000,'2 KG',1500.0000,100,102,4501),(2102,'\0','Weight',575.0000,'2 KG',1500.0000,100,102,4502),(2103,'\0','Weight',240.0000,'2 KG',1500.0000,100,102,4503),(2104,'\0','Weight',250.0000,'1 KG',500.0000,100,101,4504),(2150,'\0','Weight',160.0000,'1 KG',500.0000,100,101,4550),(2151,'\0','Weight',250.0000,'2 KG',1500.0000,100,102,4551),(2152,'\0','Weight',85.0000,'1 KG',500.0000,100,101,4552),(2200,'\0','Weight',75.0000,'0.5 KG',0.0000,100,100,4600),(2201,'\0','Weight',210.0000,'1 KG',500.0000,100,101,4601),(2202,'\0','Weight',250.0000,'2 KG',1500.0000,100,102,4602),(2203,'\0','Weight',90.0000,'1 KG',500.0000,100,101,4603),(2204,'\0','Weight',300.0000,'2 KG',1500.0000,100,102,4604),(2250,'\0','Weight',85.0000,'1 KG',500.0000,100,101,4650),(2251,'\0','Weight',250.0000,'2 KG',1500.0000,100,102,4651),(2252,'\0','Weight',360.0000,'2 KG',1500.0000,100,102,4652),(2300,'\0','Weight',250.0000,'1 KG',500.0000,100,101,4700);
/*!40000 ALTER TABLE `order_product_attribute` ENABLE KEYS */;
UNLOCK TABLES;

--
-- Table structure for table `order_product_download`
--

DROP TABLE IF EXISTS `order_product_download`;
/*!40101 SET @saved_cs_client     = @@character_set_client */;
/*!40101 SET character_set_client = utf8 */;
CREATE TABLE `order_product_download` (
  `ORDER_PRODUCT_DOWNLOAD_ID` bigint(20) NOT NULL,
  `DOWNLOAD_COUNT` int(11) NOT NULL,
  `DOWNLOAD_MAXDAYS` int(11) NOT NULL,
  `ORDER_PRODUCT_FILENAME` varchar(255) NOT NULL,
  `ORDER_PRODUCT_ID` bigint(20) NOT NULL,
  PRIMARY KEY (`ORDER_PRODUCT_DOWNLOAD_ID`),
  KEY `FKstrda0eweharld63j8pxa2o2r` (`ORDER_PRODUCT_ID`),
  CONSTRAINT `FKstrda0eweharld63j8pxa2o2r` FOREIGN KEY (`ORDER_PRODUCT_ID`) REFERENCES `order_product` (`ORDER_PRODUCT_ID`)
) ENGINE=InnoDB DEFAULT CHARSET=utf8;
/*!40101 SET character_set_client = @saved_cs_client */;

--
-- Dumping data for table `order_product_download`
--

LOCK TABLES `order_product_download` WRITE;
/*!40000 ALTER TABLE `order_product_download` DISABLE KEYS */;
/*!40000 ALTER TABLE `order_product_download` ENABLE KEYS */;
UNLOCK TABLES;

--
-- Table structure for table `order_product_price`
--

DROP TABLE IF EXISTS `order_product_price`;
/*!40101 SET @saved_cs_client     = @@character_set_client */;
/*!40101 SET character_set_client = utf8 */;
CREATE TABLE `order_product_price` (
  `ORDER_PRODUCT_PRICE_ID` bigint(20) NOT NULL,
  `DEFAULT_PRICE` bit(1) NOT NULL,
  `PRODUCT_PRICE` decimal(19,2) NOT NULL,
  `PRODUCT_PRICE_CODE` varchar(64) NOT NULL,
  `PRODUCT_PRICE_NAME` varchar(255) DEFAULT NULL,
  `PRODUCT_PRICE_SPECIAL` decimal(19,2) DEFAULT NULL,
  `PRD_PRICE_SPECIAL_END_DT` datetime DEFAULT NULL,
  `PRD_PRICE_SPECIAL_ST_DT` datetime DEFAULT NULL,
  `ORDER_PRODUCT_ID` bigint(20) NOT NULL,
  PRIMARY KEY (`ORDER_PRODUCT_PRICE_ID`),
  KEY `FKnkukiqxrieonyulercgnh857s` (`ORDER_PRODUCT_ID`),
  CONSTRAINT `FKnkukiqxrieonyulercgnh857s` FOREIGN KEY (`ORDER_PRODUCT_ID`) REFERENCES `order_product` (`ORDER_PRODUCT_ID`)
) ENGINE=InnoDB DEFAULT CHARSET=utf8;
/*!40101 SET character_set_client = @saved_cs_client */;

--
-- Dumping data for table `order_product_price`
--

LOCK TABLES `order_product_price` WRITE;
/*!40000 ALTER TABLE `order_product_price` DISABLE KEYS */;
INSERT INTO `order_product_price` VALUES (550,'',48.00,'base','DEFAULT',NULL,NULL,NULL,550),(600,'',48.00,'base','DEFAULT',NULL,NULL,NULL,600),(601,'',60.00,'base','DEFAULT',NULL,NULL,NULL,601),(602,'',48.00,'base','DEFAULT',NULL,NULL,NULL,602),(650,'',60.00,'base','DEFAULT',60.00,NULL,NULL,650),(651,'',60.00,'base','DEFAULT',60.00,NULL,NULL,651),(652,'',60.00,'base','DEFAULT',NULL,NULL,NULL,652),(700,'',95.00,'base','DEFAULT',NULL,NULL,NULL,700),(750,'',62.00,'base','DEFAULT',NULL,NULL,NULL,750),(800,'',55.00,'base','DEFAULT',NULL,NULL,NULL,800),(850,'',69.00,'base','DEFAULT',NULL,NULL,NULL,850),(851,'',69.00,'base','DEFAULT',NULL,NULL,NULL,851),(852,'',48.00,'base','DEFAULT',NULL,NULL,NULL,852),(900,'',205.00,'base','DEFAULT',NULL,NULL,NULL,900),(901,'',175.00,'base','DEFAULT',NULL,NULL,NULL,901),(902,'',48.00,'base','DEFAULT',NULL,NULL,NULL,902),(950,'',48.00,'base','DEFAULT',NULL,NULL,NULL,950),(951,'',60.00,'base','DEFAULT',NULL,NULL,NULL,951),(1000,'',48.00,'base','DEFAULT',NULL,NULL,NULL,1000),(1050,'',48.00,'base','DEFAULT',NULL,NULL,NULL,1050),(1100,'',69.00,'base','DEFAULT',NULL,NULL,NULL,1100),(1150,'',69.00,'base','DEFAULT',NULL,NULL,NULL,1150),(1151,'',69.00,'base','DEFAULT',NULL,NULL,NULL,1151),(1200,'',175.00,'base','DEFAULT',NULL,NULL,NULL,1200),(1250,'',69.00,'base','DEFAULT',NULL,NULL,NULL,1250),(1251,'',55.00,'base','DEFAULT',NULL,NULL,NULL,1251),(1300,'',55.00,'base','DEFAULT',NULL,NULL,NULL,1300),(1301,'',69.00,'base','DEFAULT',NULL,NULL,NULL,1301),(1302,'',69.00,'base','DEFAULT',NULL,NULL,NULL,1302),(1303,'',69.00,'base','DEFAULT',NULL,NULL,NULL,1303),(1304,'',69.00,'base','DEFAULT',NULL,NULL,NULL,1304),(1305,'',48.00,'base','DEFAULT',NULL,NULL,NULL,1305),(1350,'',55.00,'base','DEFAULT',NULL,NULL,NULL,1350),(1400,'',69.00,'base','DEFAULT',NULL,NULL,NULL,1400),(1450,'',69.00,'base','DEFAULT',NULL,NULL,NULL,1450),(1500,'',69.00,'base','DEFAULT',NULL,NULL,NULL,1500),(1550,'',69.00,'base','DEFAULT',NULL,NULL,NULL,1550),(1551,'',69.00,'base','DEFAULT',NULL,NULL,NULL,1551),(1600,'',69.00,'base','DEFAULT',NULL,NULL,NULL,1600),(1650,'',55.00,'base','DEFAULT',NULL,NULL,NULL,1650),(1700,'',55.00,'base','DEFAULT',NULL,NULL,NULL,1700),(1750,'',55.00,'base','DEFAULT',NULL,NULL,NULL,1750),(1800,'',60.00,'base','DEFAULT',60.00,NULL,NULL,1800),(1801,'',60.00,'base','DEFAULT',60.00,NULL,NULL,1801),(1850,'',60.00,'base','DEFAULT',60.00,NULL,NULL,1850),(1900,'',60.00,'base','DEFAULT',60.00,NULL,NULL,1900),(1950,'',60.00,'base','DEFAULT',60.00,NULL,NULL,1950),(2000,'',69.00,'base','DEFAULT',NULL,NULL,NULL,2000),(2001,'',69.00,'base','DEFAULT',NULL,NULL,NULL,2001),(2002,'',95.00,'base','DEFAULT',NULL,NULL,NULL,2002),(2050,'',69.00,'base','DEFAULT',NULL,NULL,NULL,2050),(2100,'',69.00,'base','DEFAULT',NULL,NULL,NULL,2100),(2150,'',69.00,'base','DEFAULT',NULL,NULL,NULL,2150),(2200,'',40.00,'base','NEW',NULL,NULL,NULL,2200),(2201,'',95.00,'base','DEFAULT',NULL,NULL,NULL,2201),(2250,'',60.00,'base','DEFAULT',NULL,NULL,NULL,2250),(2300,'',69.00,'base','DEFAULT',NULL,NULL,NULL,2300),(2350,'',95.00,'base','DEFAULT',NULL,NULL,NULL,2350),(2400,'',95.00,'base','DEFAULT',NULL,NULL,NULL,2400),(2450,'',48.00,'base','DEFAULT',NULL,NULL,NULL,2450),(2500,'',48.00,'base','DEFAULT',NULL,NULL,NULL,2500),(2550,'',68.00,'base','DEFAULT',NULL,NULL,NULL,2550),(2600,'',70.00,'base','DEFAULT',60.00,'2020-11-04 00:00:00','2020-10-04 00:00:00',2600),(2601,'\0',180.00,'base','1KGPRICE',180.00,'2020-11-04 00:00:00','2020-10-04 00:00:00',2600),(2602,'\0',180.00,'base','1KGPRICE',180.00,'2020-11-04 00:00:00','2020-10-04 00:00:00',2601),(2603,'',70.00,'base','DEFAULT',60.00,'2020-11-04 00:00:00','2020-10-04 00:00:00',2601),(2604,'',180.00,'base','DEFAULT',60.00,'2020-11-04 00:00:00','2020-10-04 00:00:00',2602),(2605,'\0',180.00,'base','1KGPRICE',180.00,'2020-11-04 00:00:00','2020-10-04 00:00:00',2602),(2606,'',205.00,'base','DEFAULT',NULL,NULL,NULL,2603),(2650,'',75.00,'base','DEFAULT',60.00,'2020-11-04 00:00:00','2020-10-04 00:00:00',2650),(2651,'\0',180.00,'base','1KGPRICE',180.00,'2020-11-04 00:00:00','2020-10-04 00:00:00',2650),(2700,'',75.00,'base','DEFAULT',60.00,'2020-11-04 00:00:00','2020-10-04 00:00:00',2700),(2701,'\0',180.00,'base','1KGPRICE',180.00,'2020-11-04 00:00:00','2020-10-04 00:00:00',2700),(2702,'',75.00,'base','DEFAULT',60.00,'2020-11-04 00:00:00','2020-10-04 00:00:00',2701),(2703,'\0',180.00,'base','1KGPRICE',180.00,'2020-11-04 00:00:00','2020-10-04 00:00:00',2701),(2750,'',75.00,'base','DEFAULT',60.00,'2020-11-04 00:00:00','2020-10-04 00:00:00',2750),(2751,'\0',180.00,'base','1KGPRICE',180.00,'2020-11-04 00:00:00','2020-10-04 00:00:00',2750),(2752,'',75.00,'base','DEFAULT',60.00,'2020-11-04 00:00:00','2020-10-04 00:00:00',2751),(2753,'\0',180.00,'base','1KGPRICE',180.00,'2020-11-04 00:00:00','2020-10-04 00:00:00',2751),(2800,'',105.00,'base','DEFAULT',NULL,NULL,NULL,2800),(2801,'\0',200.00,'base','1KGPRICE',NULL,NULL,NULL,2800),(2802,'\0',200.00,'base','1KGPRICE',NULL,NULL,NULL,2801),(2803,'',210.00,'base','DEFAULT',NULL,NULL,NULL,2801),(2850,'\0',200.00,'base','1KGPRICE',NULL,NULL,NULL,2850),(2851,'',105.00,'base','DEFAULT',NULL,NULL,NULL,2850),(2900,'',48.00,'base','DEFAULT',NULL,NULL,NULL,2900),(2901,'\0',200.00,'base','1KGPRICE',NULL,NULL,NULL,2901),(2902,'',210.00,'base','DEFAULT',NULL,NULL,NULL,2901),(2903,'',160.00,'base','DEFAULT',NULL,NULL,NULL,2902),(2904,'\0',200.00,'base','1KGPRICE',NULL,NULL,NULL,2902),(2950,'\0',200.00,'base','1KGPRICE',NULL,NULL,NULL,2950),(2951,'',105.00,'base','DEFAULT',NULL,NULL,NULL,2950),(3000,'\0',200.00,'base','1KGPRICE',NULL,NULL,NULL,3000),(3001,'',105.00,'base','DEFAULT',NULL,NULL,NULL,3000),(3050,'\0',200.00,'base','1KGPRICE',NULL,NULL,NULL,3050),(3051,'',105.00,'base','DEFAULT',NULL,NULL,NULL,3050),(3100,'',105.00,'base','DEFAULT',NULL,NULL,NULL,3100),(3101,'\0',200.00,'base','1KGPRICE',NULL,NULL,NULL,3100),(3102,'',105.00,'base','DEFAULT',NULL,NULL,NULL,3101),(3103,'\0',200.00,'base','1KGPRICE',NULL,NULL,NULL,3101),(3150,'',675.00,'base','DEFAULT',NULL,NULL,NULL,3150),(3151,'',715.00,'base','DEFAULT',NULL,NULL,NULL,3151),(3200,'',700.00,'base','DEFAULT',NULL,NULL,NULL,3200),(3201,'',340.00,'base','DEFAULT',NULL,NULL,NULL,3201),(3250,'',175.00,'base','DEFAULT',NULL,NULL,NULL,3250),(3251,'',195.00,'base','DEFAULT',NULL,NULL,NULL,3251),(3300,'',675.00,'base','DEFAULT',NULL,NULL,NULL,3300),(3350,'',195.00,'base','DEFAULT',NULL,NULL,NULL,3350),(3400,'',95.00,'base','DEFAULT',NULL,NULL,NULL,3400),(3401,'',350.00,'base','DEFAULT',NULL,NULL,NULL,3401),(3402,'',350.00,'base','DEFAULT',NULL,NULL,NULL,3402),(3403,'',390.00,'base','DEFAULT',NULL,NULL,NULL,3403),(3450,'',315.00,'base','DEFAULT',NULL,NULL,NULL,3450),(3451,'',675.00,'base','DEFAULT',NULL,NULL,NULL,3451),(3500,'',390.00,'base','DEFAULT',NULL,NULL,NULL,3500),(3550,'',350.00,'base','DEFAULT',NULL,NULL,NULL,3550),(3600,'',350.00,'base','DEFAULT',NULL,NULL,NULL,3600),(3601,'',390.00,'base','DEFAULT',NULL,NULL,NULL,3601),(3602,'',360.00,'base','DEFAULT',NULL,NULL,NULL,3602),(3650,'',340.00,'base','DEFAULT',NULL,NULL,NULL,3650),(3700,'',700.00,'base','DEFAULT',NULL,NULL,NULL,3700),(3750,'',350.00,'base','DEFAULT',NULL,NULL,NULL,3750),(3800,'',195.00,'base','DEFAULT',NULL,NULL,NULL,3800),(3801,'',95.00,'base','DEFAULT',NULL,NULL,NULL,3801),(3850,'',95.00,'base','DEFAULT',NULL,NULL,NULL,3850),(3851,'',350.00,'base','DEFAULT',NULL,NULL,NULL,3851),(3852,'',350.00,'base','DEFAULT',NULL,NULL,NULL,3852),(3900,'',175.00,'base','DEFAULT',NULL,NULL,NULL,3900),(3950,'',340.00,'base','DEFAULT',NULL,NULL,NULL,3950),(4000,'',170.00,'base','DEFAULT',NULL,NULL,NULL,4000),(4001,'',355.00,'base','DEFAULT',NULL,NULL,NULL,4001),(4002,'',655.00,'base','DEFAULT',NULL,NULL,NULL,4002),(4050,'',110.00,'base','DEFAULT',NULL,NULL,NULL,4050),(4051,'',360.00,'base','DEFAULT',NULL,NULL,NULL,4051),(4052,'',390.00,'base','DEFAULT',NULL,NULL,NULL,4052),(4100,'',380.00,'base','DEFAULT',NULL,NULL,NULL,4100),(4101,'',175.00,'base','DEFAULT',NULL,NULL,NULL,4101),(4102,'',195.00,'base','DEFAULT',NULL,NULL,NULL,4102),(4150,'',675.00,'base','DEFAULT',NULL,NULL,NULL,4150),(4200,'',315.00,'base','DEFAULT',NULL,NULL,NULL,4200),(4201,'',195.00,'base','DEFAULT',NULL,NULL,NULL,4201),(4250,'',180.00,'base','DEFAULT',NULL,NULL,NULL,4250),(4251,'',350.00,'base','DEFAULT',NULL,NULL,NULL,4251),(4300,'',205.00,'base','DEFAULT',NULL,NULL,NULL,4300),(4301,'',340.00,'base','DEFAULT',NULL,NULL,NULL,4301),(4350,'',675.00,'base','DEFAULT',NULL,NULL,NULL,4350),(4400,'',115.00,'base','DEFAULT',NULL,NULL,NULL,4400),(4401,'',380.00,'base','DEFAULT',NULL,NULL,NULL,4401),(4402,'',390.00,'base','DEFAULT',NULL,NULL,NULL,4402),(4450,'',350.00,'base','DEFAULT',NULL,NULL,NULL,4450),(4451,'',350.00,'base','DEFAULT',NULL,NULL,NULL,4451),(4500,'',715.00,'base','DEFAULT',NULL,NULL,NULL,4500),(4501,'',715.00,'base','DEFAULT',NULL,NULL,NULL,4501),(4502,'',675.00,'base','DEFAULT',NULL,NULL,NULL,4502),(4503,'',315.00,'base','DEFAULT',NULL,NULL,NULL,4503),(4504,'',350.00,'base','DEFAULT',NULL,NULL,NULL,4504),(4550,'',310.00,'base','DEFAULT',NULL,NULL,NULL,4550),(4551,'',340.00,'base','DEFAULT',NULL,NULL,NULL,4551),(4552,'',160.00,'base','DEFAULT',NULL,NULL,NULL,4552),(4600,'',195.00,'base','DEFAULT',NULL,NULL,NULL,4600),(4601,'',315.00,'base','DEFAULT',NULL,NULL,NULL,4601),(4602,'',340.00,'base','DEFAULT',NULL,NULL,NULL,4602),(4603,'',180.00,'base','DEFAULT',NULL,NULL,NULL,4603),(4604,'',400.00,'base','DEFAULT',NULL,NULL,NULL,4604),(4650,'',160.00,'base','DEFAULT',NULL,NULL,NULL,4650),(4651,'',340.00,'base','DEFAULT',NULL,NULL,NULL,4651),(4652,'',360.00,'base','DEFAULT',NULL,NULL,NULL,4652),(4700,'',350.00,'base','DEFAULT',NULL,NULL,NULL,4700);
/*!40000 ALTER TABLE `order_product_price` ENABLE KEYS */;
UNLOCK TABLES;

--
-- Table structure for table `order_status_history`
--

DROP TABLE IF EXISTS `order_status_history`;
/*!40101 SET @saved_cs_client     = @@character_set_client */;
/*!40101 SET character_set_client = utf8 */;
CREATE TABLE `order_status_history` (
  `ORDER_STATUS_HISTORY_ID` bigint(20) NOT NULL,
  `COMMENTS` longtext DEFAULT NULL,
  `CUSTOMER_NOTIFIED` int(11) DEFAULT NULL,
  `DATE_ADDED` datetime NOT NULL,
  `status` varchar(255) DEFAULT NULL,
  `ORDER_ID` bigint(20) NOT NULL,
  PRIMARY KEY (`ORDER_STATUS_HISTORY_ID`),
  KEY `FKmhghgf1xy3o0npsp8xkj6wyvq` (`ORDER_ID`),
  CONSTRAINT `FKmhghgf1xy3o0npsp8xkj6wyvq` FOREIGN KEY (`ORDER_ID`) REFERENCES `orders` (`ORDER_ID`)
) ENGINE=InnoDB DEFAULT CHARSET=utf8;
/*!40101 SET character_set_client = @saved_cs_client */;

--
-- Dumping data for table `order_status_history`
--

LOCK TABLES `order_status_history` WRITE;
/*!40000 ALTER TABLE `order_status_history` DISABLE KEYS */;
INSERT INTO `order_status_history` VALUES (550,NULL,NULL,'2020-06-03 13:52:40','PROCESSED',550),(600,NULL,NULL,'2020-06-03 14:29:23','PROCESSED',600),(601,NULL,NULL,'2020-06-03 14:35:03','PROCESSED',601),(602,NULL,NULL,'2020-06-03 14:40:06','PROCESSED',602),(650,NULL,NULL,'2020-06-03 15:52:16','PROCESSED',650),(651,NULL,NULL,'2020-06-03 15:58:44','PROCESSED',651),(700,NULL,NULL,'2020-06-03 21:24:52','PROCESSED',700),(750,NULL,NULL,'2020-06-04 15:00:38','PROCESSED',750),(800,NULL,NULL,'2020-06-05 21:12:25','PROCESSED',800),(850,NULL,NULL,'2020-06-05 22:22:27','ORDERED',850),(851,NULL,NULL,'2020-06-05 22:30:35','ORDERED',851),(852,NULL,NULL,'2020-06-05 22:35:11','ORDERED',852),(900,NULL,NULL,'2020-06-06 22:30:08','PROCESSED',900),(950,'Deliver in early morning',NULL,'2020-06-07 16:23:32','ORDERED',950),(1000,'Please deliver today',NULL,'2020-06-07 17:57:58','ORDERED',1000),(1050,NULL,NULL,'2020-06-28 12:14:28','PROCESSED',1050),(1100,NULL,NULL,'2020-07-25 23:36:10','PROCESSED',1100),(1150,NULL,NULL,'2020-07-26 00:56:39','ORDERED',1150),(1151,NULL,NULL,'2020-07-26 01:29:06','PROCESSED',1151),(1200,NULL,NULL,'2020-08-01 17:08:08','ORDERED',1200),(1250,NULL,NULL,'2020-08-01 17:46:09','PROCESSED',1250),(1251,NULL,NULL,'2020-08-01 17:49:44','PROCESSED',1251),(1300,NULL,NULL,'2020-08-09 17:49:00','PROCESSED',1300),(1301,NULL,NULL,'2020-08-09 17:56:13','PROCESSED',1301),(1302,NULL,NULL,'2020-08-09 17:58:42','PROCESSED',1302),(1303,NULL,NULL,'2020-08-09 18:44:09','PROCESSED',1303),(1304,NULL,NULL,'2020-08-09 19:07:50','PROCESSED',1304),(1350,NULL,NULL,'2020-08-10 09:30:56','PROCESSED',1350),(1400,'Please deliver by 9:00 AM',NULL,'2020-08-10 10:53:50','ORDERED',1400),(1450,NULL,NULL,'2020-08-16 12:55:17','ORDERED',1450),(1500,NULL,NULL,'2020-08-23 22:10:00','ORDERED',1500),(1550,NULL,NULL,'2020-08-24 23:06:04','ORDERED',1550),(1551,NULL,NULL,'2020-08-24 23:13:17','ORDERED',1551),(1600,NULL,NULL,'2020-08-25 12:01:28','ORDERED',1600),(1650,NULL,NULL,'2020-08-25 12:26:51','ORDERED',1650),(1700,NULL,NULL,'2020-08-25 12:34:38','ORDERED',1700),(1750,NULL,NULL,'2020-08-25 13:03:11','ORDERED',1750),(1800,NULL,NULL,'2020-08-25 15:28:44','ORDERED',1800),(1801,NULL,NULL,'2020-08-25 15:30:51','ORDERED',1801),(1850,NULL,NULL,'2020-08-25 17:17:06','ORDERED',1850),(1900,NULL,NULL,'2020-08-25 23:10:41','ORDERED',1900),(1950,NULL,NULL,'2020-08-26 11:38:56','ORDERED',1950),(2000,NULL,NULL,'2020-08-27 12:10:20','ORDERED',2000),(2001,NULL,NULL,'2020-08-27 12:15:32','ORDERED',2001),(2002,NULL,NULL,'2020-08-27 12:18:29','ORDERED',2002),(2050,NULL,NULL,'2020-08-30 11:28:51','ORDERED',2050),(2100,NULL,NULL,'2020-08-30 11:34:32','ORDERED',2100),(2150,NULL,NULL,'2020-08-30 11:49:41','ORDERED',2150),(2200,NULL,NULL,'2020-08-30 17:54:35','ORDERED',2200),(2201,NULL,NULL,'2020-08-30 17:58:04','ORDERED',2201),(2250,NULL,NULL,'2020-09-12 13:43:41','ORDERED',2250),(2300,NULL,NULL,'2020-09-30 18:09:37','ORDERED',2300),(2350,NULL,NULL,'2020-10-01 15:09:11','ORDERED',2350),(2400,NULL,NULL,'2020-10-01 15:51:28','ORDERED',2400),(2450,NULL,NULL,'2020-10-02 12:37:19','ORDERED',2450),(2500,NULL,NULL,'2020-10-02 12:45:43','ORDERED',2500),(2550,NULL,NULL,'2020-10-03 19:15:29','ORDERED',2550),(2600,NULL,NULL,'2020-10-04 12:43:07','ORDERED',2600),(2601,NULL,NULL,'2020-10-04 12:45:32','ORDERED',2601),(2602,NULL,NULL,'2020-10-04 12:48:32','ORDERED',2602),(2603,NULL,NULL,'2020-10-04 12:52:56','ORDERED',2603),(2650,NULL,NULL,'2020-10-31 22:40:43','ORDERED',2650),(2700,NULL,NULL,'2020-10-31 23:14:34','ORDERED',2700),(2750,NULL,NULL,'2020-11-01 18:04:16','ORDERED',2750),(2751,NULL,NULL,'2020-11-01 18:07:48','ORDERED',2751),(2800,NULL,NULL,'2020-11-14 16:54:03','ORDERED',2800),(2801,NULL,NULL,'2020-11-14 17:01:47','ORDERED',2801),(2850,NULL,NULL,'2020-11-21 23:01:49','ORDERED',2850),(2900,NULL,NULL,'2020-12-20 21:44:05','ORDERED',2900),(2901,NULL,NULL,'2020-12-20 21:48:31','ORDERED',2901),(2902,NULL,NULL,'2020-12-20 21:55:23','ORDERED',2902),(2950,NULL,NULL,'2021-01-01 23:44:38','ORDERED',2950),(3000,NULL,NULL,'2021-01-02 00:03:01','ORDERED',3000),(3050,NULL,NULL,'2021-01-02 00:17:03','ORDERED',3050),(3100,NULL,NULL,'2021-01-02 00:27:40','ORDERED',3100),(3101,NULL,NULL,'2021-01-02 00:32:04','ORDERED',3101),(3150,NULL,NULL,'2021-01-03 13:31:56','ORDERED',3150),(3151,NULL,NULL,'2021-01-03 13:50:59','ORDERED',3151),(3200,NULL,NULL,'2021-01-03 18:09:43','ORDERED',3200),(3201,NULL,NULL,'2021-01-03 18:14:56','ORDERED',3201),(3250,NULL,NULL,'2021-01-07 18:11:46','ORDERED',3250),(3251,NULL,NULL,'2021-01-07 18:17:53','ORDERED',3251),(3300,NULL,NULL,'2021-01-08 03:15:32','ORDERED',3300),(3350,NULL,NULL,'2021-01-10 08:32:25','ORDERED',3350),(3400,NULL,NULL,'2021-01-10 12:17:18','ORDERED',3400),(3401,NULL,NULL,'2021-01-10 12:21:08','ORDERED',3401),(3402,NULL,NULL,'2021-01-10 12:27:39','ORDERED',3402),(3403,NULL,NULL,'2021-01-10 12:37:27','ORDERED',3403),(3450,NULL,NULL,'2021-01-11 15:58:09','ORDERED',3450),(3451,NULL,NULL,'2021-01-11 16:15:11','ORDERED',3451),(3500,NULL,NULL,'2021-01-13 17:39:12','ORDERED',3500),(3550,NULL,NULL,'2021-01-16 08:25:28','ORDERED',3550),(3600,NULL,NULL,'2021-01-16 09:09:54','ORDERED',3600),(3601,NULL,NULL,'2021-01-16 10:21:02','ORDERED',3601),(3602,NULL,NULL,'2021-01-16 11:20:27','ORDERED',3602),(3650,NULL,NULL,'2021-01-16 17:04:40','ORDERED',3650),(3700,NULL,NULL,'2021-01-24 14:14:20','ORDERED',3700),(3750,NULL,NULL,'2021-01-30 17:59:39','ORDERED',3750),(3800,NULL,NULL,'2021-01-31 13:40:43','ORDERED',3800),(3801,NULL,NULL,'2021-01-31 13:46:13','ORDERED',3801),(3850,NULL,NULL,'2021-01-31 14:37:57','ORDERED',3850),(3851,NULL,NULL,'2021-01-31 14:45:18','ORDERED',3851),(3900,NULL,NULL,'2021-02-03 08:41:07','ORDERED',3900),(3950,NULL,NULL,'2021-02-04 03:16:43','ORDERED',3950),(4000,NULL,NULL,'2021-02-05 08:46:32','ORDERED',4000),(4001,NULL,NULL,'2021-02-05 10:13:37','ORDERED',4001),(4002,NULL,NULL,'2021-02-05 10:15:55','ORDERED',4002),(4050,NULL,NULL,'2021-02-13 11:02:50','ORDERED',4050),(4051,NULL,NULL,'2021-02-13 12:03:57','ORDERED',4051),(4100,NULL,NULL,'2021-02-13 13:26:48','ORDERED',4100),(4101,NULL,NULL,'2021-02-13 13:33:15','ORDERED',4101),(4150,NULL,NULL,'2021-02-16 03:52:04','ORDERED',4150),(4200,NULL,NULL,'2021-02-16 10:13:57','ORDERED',4200),(4201,NULL,NULL,'2021-02-16 10:26:34','ORDERED',4201),(4250,NULL,NULL,'2021-02-16 10:53:53','ORDERED',4250),(4251,NULL,NULL,'2021-02-16 11:04:21','ORDERED',4251),(4300,NULL,NULL,'2021-02-16 11:25:48','ORDERED',4300),(4301,NULL,NULL,'2021-02-16 11:32:10','ORDERED',4301),(4350,NULL,NULL,'2021-02-16 11:41:31','ORDERED',4350),(4400,NULL,NULL,'2021-02-17 17:22:47','ORDERED',4400),(4401,NULL,NULL,'2021-02-17 17:30:10','ORDERED',4401),(4402,NULL,NULL,'2021-02-17 17:43:29','ORDERED',4402),(4450,NULL,NULL,'2021-02-18 16:24:38','ORDERED',4450),(4451,NULL,NULL,'2021-02-18 16:29:04','ORDERED',4451),(4500,NULL,NULL,'2021-02-19 08:25:55','ORDERED',4500),(4501,NULL,NULL,'2021-02-19 08:33:53','ORDERED',4501),(4502,NULL,NULL,'2021-02-19 08:37:06','ORDERED',4502),(4503,NULL,NULL,'2021-02-19 08:42:56','ORDERED',4503),(4550,NULL,NULL,'2021-02-23 17:39:54','ORDERED',4550),(4551,NULL,NULL,'2021-02-23 17:47:04','ORDERED',4551),(4600,NULL,NULL,'2021-02-26 10:28:48','ORDERED',4600),(4601,NULL,NULL,'2021-02-26 11:09:04','ORDERED',4601),(4602,NULL,NULL,'2021-02-26 11:10:56','ORDERED',4602),(4603,NULL,NULL,'2021-02-26 11:16:08','ORDERED',4603),(4604,NULL,NULL,'2021-02-26 11:19:05','ORDERED',4604),(4650,NULL,NULL,'2021-02-27 09:04:24','ORDERED',4650),(4651,NULL,NULL,'2021-02-27 09:06:47','ORDERED',4651),(4652,NULL,NULL,'2021-02-27 09:08:45','ORDERED',4652),(4700,NULL,NULL,'2021-02-27 14:33:54','ORDERED',4700);
/*!40000 ALTER TABLE `order_status_history` ENABLE KEYS */;
UNLOCK TABLES;

--
-- Table structure for table `order_total`
--

DROP TABLE IF EXISTS `order_total`;
/*!40101 SET @saved_cs_client     = @@character_set_client */;
/*!40101 SET character_set_client = utf8 */;
CREATE TABLE `order_total` (
  `ORDER_ACCOUNT_ID` bigint(20) NOT NULL,
  `MODULE` varchar(60) DEFAULT NULL,
  `CODE` varchar(255) NOT NULL,
  `ORDER_TOTAL_TYPE` varchar(255) DEFAULT NULL,
  `ORDER_VALUE_TYPE` varchar(255) DEFAULT NULL,
  `SORT_ORDER` int(11) NOT NULL,
  `TEXT` longtext DEFAULT NULL,
  `TITLE` varchar(255) DEFAULT NULL,
  `VALUE` decimal(15,4) NOT NULL,
  `ORDER_ID` bigint(20) NOT NULL,
  PRIMARY KEY (`ORDER_ACCOUNT_ID`),
  KEY `FK1tfvgk5smm80efdcc8uop4he3` (`ORDER_ID`),
  CONSTRAINT `FK1tfvgk5smm80efdcc8uop4he3` FOREIGN KEY (`ORDER_ID`) REFERENCES `orders` (`ORDER_ID`)
) ENGINE=InnoDB DEFAULT CHARSET=utf8;
/*!40101 SET character_set_client = @saved_cs_client */;

--
-- Dumping data for table `order_total`
--

LOCK TABLES `order_total` WRITE;
/*!40000 ALTER TABLE `order_total` DISABLE KEYS */;
INSERT INTO `order_total` VALUES (550,'subtotal','order.total.subtotal','SUBTOTAL','ONE_TIME',5,NULL,'subtotal',48.0000,550),(551,'shipping','order.total.shipping','SHIPPING','ONE_TIME',100,NULL,'shipping',81.0000,550),(552,'total','order.total.total','TOTAL','ONE_TIME',500,NULL,'total',129.0000,550),(600,'subtotal','order.total.subtotal','SUBTOTAL','ONE_TIME',5,NULL,'subtotal',48.0000,600),(601,'shipping','order.total.shipping','SHIPPING','ONE_TIME',100,NULL,'shipping',5.0000,600),(602,'total','order.total.total','TOTAL','ONE_TIME',500,NULL,'total',53.0000,600),(603,'subtotal','order.total.subtotal','SUBTOTAL','ONE_TIME',5,NULL,'subtotal',60.0000,601),(604,'shipping','order.total.shipping','SHIPPING','ONE_TIME',100,NULL,'shipping',57.0000,601),(605,'total','order.total.total','TOTAL','ONE_TIME',500,NULL,'total',117.0000,601),(606,'subtotal','order.total.subtotal','SUBTOTAL','ONE_TIME',5,NULL,'subtotal',48.0000,602),(607,'shipping','order.total.shipping','SHIPPING','ONE_TIME',100,NULL,'shipping',25.0000,602),(608,'total','order.total.total','TOTAL','ONE_TIME',500,NULL,'total',73.0000,602),(650,'subtotal','order.total.subtotal','SUBTOTAL','ONE_TIME',5,NULL,'subtotal',60.0000,650),(651,'shipping','order.total.shipping','SHIPPING','ONE_TIME',100,NULL,'shipping',9.0000,650),(652,'total','order.total.total','TOTAL','ONE_TIME',500,NULL,'total',69.0000,650),(653,'subtotal','order.total.subtotal','SUBTOTAL','ONE_TIME',5,NULL,'subtotal',120.0000,651),(654,'shipping','order.total.shipping','SHIPPING','ONE_TIME',100,NULL,'shipping',32.0000,651),(655,'total','order.total.total','TOTAL','ONE_TIME',500,NULL,'total',152.0000,651),(700,'subtotal','order.total.subtotal','SUBTOTAL','ONE_TIME',5,NULL,'subtotal',95.0000,700),(701,'shipping','order.total.shipping','SHIPPING','ONE_TIME',100,NULL,'shipping',57.0000,700),(702,'total','order.total.total','TOTAL','ONE_TIME',500,NULL,'total',152.0000,700),(750,'subtotal','order.total.subtotal','SUBTOTAL','ONE_TIME',5,NULL,'subtotal',62.0000,750),(751,'shipping','order.total.shipping','SHIPPING','ONE_TIME',100,NULL,'shipping',5.0000,750),(752,'total','order.total.total','TOTAL','ONE_TIME',500,NULL,'total',67.0000,750),(800,'subtotal','order.total.subtotal','SUBTOTAL','ONE_TIME',5,NULL,'subtotal',55.0000,800),(801,'shipping','order.total.shipping','SHIPPING','ONE_TIME',100,NULL,'shipping',57.0000,800),(802,'total','order.total.total','TOTAL','ONE_TIME',500,NULL,'total',112.0000,800),(850,'subtotal','order.total.subtotal','SUBTOTAL','ONE_TIME',5,NULL,'subtotal',69.0000,850),(851,'shipping','order.total.shipping','SHIPPING','ONE_TIME',100,NULL,'shipping',27.0000,850),(852,'total','order.total.total','TOTAL','ONE_TIME',500,NULL,'total',96.0000,850),(853,'subtotal','order.total.subtotal','SUBTOTAL','ONE_TIME',5,NULL,'subtotal',69.0000,851),(854,'shipping','order.total.shipping','SHIPPING','ONE_TIME',100,NULL,'shipping',57.0000,851),(855,'total','order.total.total','TOTAL','ONE_TIME',500,NULL,'total',126.0000,851),(856,'subtotal','order.total.subtotal','SUBTOTAL','ONE_TIME',5,NULL,'subtotal',48.0000,852),(857,'shipping','order.total.shipping','SHIPPING','ONE_TIME',100,NULL,'shipping',105.0000,852),(858,'total','order.total.total','TOTAL','ONE_TIME',500,NULL,'total',153.0000,852),(900,'subtotal','order.total.subtotal','SUBTOTAL','ONE_TIME',5,NULL,'subtotal',476.0000,900),(901,'shipping','order.total.shipping','SHIPPING','ONE_TIME',100,NULL,'shipping',5.0000,900),(902,'total','order.total.total','TOTAL','ONE_TIME',500,NULL,'total',481.0000,900),(950,'subtotal','order.total.subtotal','SUBTOTAL','ONE_TIME',5,NULL,'subtotal',108.0000,950),(951,'shipping','order.total.shipping','SHIPPING','ONE_TIME',100,NULL,'shipping',57.0000,950),(952,'total','order.total.total','TOTAL','ONE_TIME',500,NULL,'total',165.0000,950),(1000,'subtotal','order.total.subtotal','SUBTOTAL','ONE_TIME',5,NULL,'subtotal',48.0000,1000),(1001,'shipping','order.total.shipping','SHIPPING','ONE_TIME',100,NULL,'shipping',57.0000,1000),(1002,'total','order.total.total','TOTAL','ONE_TIME',500,NULL,'total',105.0000,1000),(1050,'subtotal','order.total.subtotal','SUBTOTAL','ONE_TIME',5,NULL,'subtotal',48.0000,1050),(1051,'shipping','order.total.shipping','SHIPPING','ONE_TIME',100,NULL,'shipping',56.0000,1050),(1052,'total','order.total.total','TOTAL','ONE_TIME',500,NULL,'total',104.0000,1050),(1100,'subtotal','order.total.subtotal','SUBTOTAL','ONE_TIME',5,NULL,'subtotal',69.0000,1100),(1101,'shipping','order.total.shipping','SHIPPING','ONE_TIME',100,NULL,'shipping',55.0000,1100),(1102,'total','order.total.total','TOTAL','ONE_TIME',500,NULL,'total',124.0000,1100),(1150,'subtotal','order.total.subtotal','SUBTOTAL','ONE_TIME',5,NULL,'subtotal',69.0000,1150),(1151,'shipping','order.total.shipping','SHIPPING','ONE_TIME',100,NULL,'shipping',5.0000,1150),(1152,'total','order.total.total','TOTAL','ONE_TIME',500,NULL,'total',74.0000,1150),(1153,'subtotal','order.total.subtotal','SUBTOTAL','ONE_TIME',5,NULL,'subtotal',69.0000,1151),(1154,'shipping','order.total.shipping','SHIPPING','ONE_TIME',100,NULL,'shipping',5.0000,1151),(1155,'total','order.total.total','TOTAL','ONE_TIME',500,NULL,'total',74.0000,1151),(1200,'subtotal','order.total.subtotal','SUBTOTAL','ONE_TIME',5,NULL,'subtotal',175.0000,1200),(1201,'shipping','order.total.shipping','SHIPPING','ONE_TIME',100,NULL,'shipping',55.0000,1200),(1202,'total','order.total.total','TOTAL','ONE_TIME',500,NULL,'total',230.0000,1200),(1250,'subtotal','order.total.subtotal','SUBTOTAL','ONE_TIME',5,NULL,'subtotal',69.0000,1250),(1251,'shipping','order.total.shipping','SHIPPING','ONE_TIME',100,NULL,'shipping',5.0000,1250),(1252,'total','order.total.total','TOTAL','ONE_TIME',500,NULL,'total',74.0000,1250),(1253,'subtotal','order.total.subtotal','SUBTOTAL','ONE_TIME',5,NULL,'subtotal',55.0000,1251),(1254,'shipping','order.total.shipping','SHIPPING','ONE_TIME',100,NULL,'shipping',56.0000,1251),(1255,'total','order.total.total','TOTAL','ONE_TIME',500,NULL,'total',111.0000,1251),(1300,'subtotal','order.total.subtotal','SUBTOTAL','ONE_TIME',5,NULL,'subtotal',193.0000,1300),(1301,'shipping','order.total.shipping','SHIPPING','ONE_TIME',100,NULL,'shipping',56.0000,1300),(1302,'total','order.total.total','TOTAL','ONE_TIME',500,NULL,'total',249.0000,1300),(1303,'subtotal','order.total.subtotal','SUBTOTAL','ONE_TIME',5,NULL,'subtotal',69.0000,1301),(1304,'shipping','order.total.shipping','SHIPPING','ONE_TIME',100,NULL,'shipping',5.0000,1301),(1305,'total','order.total.total','TOTAL','ONE_TIME',500,NULL,'total',74.0000,1301),(1306,'subtotal','order.total.subtotal','SUBTOTAL','ONE_TIME',5,NULL,'subtotal',69.0000,1302),(1307,'shipping','order.total.shipping','SHIPPING','ONE_TIME',100,NULL,'shipping',55.0000,1302),(1308,'total','order.total.total','TOTAL','ONE_TIME',500,NULL,'total',124.0000,1302),(1309,'subtotal','order.total.subtotal','SUBTOTAL','ONE_TIME',5,NULL,'subtotal',69.0000,1303),(1310,'shipping','order.total.shipping','SHIPPING','ONE_TIME',100,NULL,'shipping',55.0000,1303),(1311,'total','order.total.total','TOTAL','ONE_TIME',500,NULL,'total',124.0000,1303),(1312,'subtotal','order.total.subtotal','SUBTOTAL','ONE_TIME',5,NULL,'subtotal',48.0000,1304),(1313,'shipping','order.total.shipping','SHIPPING','ONE_TIME',100,NULL,'shipping',28.0000,1304),(1314,'total','order.total.total','TOTAL','ONE_TIME',500,NULL,'total',76.0000,1304),(1350,'subtotal','order.total.subtotal','SUBTOTAL','ONE_TIME',5,NULL,'subtotal',55.0000,1350),(1351,'shipping','order.total.shipping','SHIPPING','ONE_TIME',100,NULL,'shipping',7.0000,1350),(1352,'total','order.total.total','TOTAL','ONE_TIME',500,NULL,'total',62.0000,1350),(1400,'subtotal','order.total.subtotal','SUBTOTAL','ONE_TIME',5,NULL,'subtotal',69.0000,1400),(1401,'shipping','order.total.shipping','SHIPPING','ONE_TIME',100,NULL,'shipping',7.0000,1400),(1402,'total','order.total.total','TOTAL','ONE_TIME',500,NULL,'total',76.0000,1400),(1450,'subtotal','order.total.subtotal','SUBTOTAL','ONE_TIME',5,NULL,'subtotal',69.0000,1450),(1451,'shipping','order.total.shipping','SHIPPING','ONE_TIME',100,NULL,'shipping',9.0000,1450),(1452,'total','order.total.total','TOTAL','ONE_TIME',500,NULL,'total',78.0000,1450),(1500,'subtotal','order.total.subtotal','SUBTOTAL','ONE_TIME',5,NULL,'subtotal',69.0000,1500),(1501,'shipping','order.total.shipping','SHIPPING','ONE_TIME',100,NULL,'shipping',6.0000,1500),(1502,'total','order.total.total','TOTAL','ONE_TIME',500,NULL,'total',75.0000,1500),(1550,'subtotal','order.total.subtotal','SUBTOTAL','ONE_TIME',5,NULL,'subtotal',69.0000,1550),(1551,'shipping','order.total.shipping','SHIPPING','ONE_TIME',100,NULL,'shipping',3.0000,1550),(1552,'total','order.total.total','TOTAL','ONE_TIME',500,NULL,'total',72.0000,1550),(1553,'subtotal','order.total.subtotal','SUBTOTAL','ONE_TIME',5,NULL,'subtotal',69.0000,1551),(1554,'shipping','order.total.shipping','SHIPPING','ONE_TIME',100,NULL,'shipping',7.0000,1551),(1555,'total','order.total.total','TOTAL','ONE_TIME',500,NULL,'total',76.0000,1551),(1600,'subtotal','order.total.subtotal','SUBTOTAL','ONE_TIME',5,NULL,'subtotal',69.0000,1600),(1601,'shipping','order.total.shipping','SHIPPING','ONE_TIME',100,NULL,'shipping',7.0000,1600),(1602,'total','order.total.total','TOTAL','ONE_TIME',500,NULL,'total',76.0000,1600),(1650,'subtotal','order.total.subtotal','SUBTOTAL','ONE_TIME',5,NULL,'subtotal',55.0000,1650),(1651,'shipping','order.total.shipping','SHIPPING','ONE_TIME',100,NULL,'shipping',3.0000,1650),(1652,'total','order.total.total','TOTAL','ONE_TIME',500,NULL,'total',58.0000,1650),(1700,'subtotal','order.total.subtotal','SUBTOTAL','ONE_TIME',5,NULL,'subtotal',55.0000,1700),(1701,'shipping','order.total.shipping','SHIPPING','ONE_TIME',100,NULL,'shipping',3.0000,1700),(1702,'total','order.total.total','TOTAL','ONE_TIME',500,NULL,'total',58.0000,1700),(1750,'subtotal','order.total.subtotal','SUBTOTAL','ONE_TIME',5,NULL,'subtotal',55.0000,1750),(1751,'shipping','order.total.shipping','SHIPPING','ONE_TIME',100,NULL,'shipping',15.0000,1750),(1752,'total','order.total.total','TOTAL','ONE_TIME',500,NULL,'total',70.0000,1750),(1800,'subtotal','order.total.subtotal','SUBTOTAL','ONE_TIME',5,NULL,'subtotal',60.0000,1800),(1801,'shipping','order.total.shipping','SHIPPING','ONE_TIME',100,NULL,'shipping',13.0000,1800),(1802,'total','order.total.total','TOTAL','ONE_TIME',500,NULL,'total',73.0000,1800),(1803,'subtotal','order.total.subtotal','SUBTOTAL','ONE_TIME',5,NULL,'subtotal',60.0000,1801),(1804,'shipping','order.total.shipping','SHIPPING','ONE_TIME',100,NULL,'shipping',7.0000,1801),(1805,'total','order.total.total','TOTAL','ONE_TIME',500,NULL,'total',67.0000,1801),(1850,'subtotal','order.total.subtotal','SUBTOTAL','ONE_TIME',5,NULL,'subtotal',60.0000,1850),(1851,'total','order.total.total','TOTAL','ONE_TIME',500,NULL,'total',60.0000,1850),(1900,'subtotal','order.total.subtotal','SUBTOTAL','ONE_TIME',5,NULL,'subtotal',60.0000,1900),(1901,'shipping','order.total.shipping','SHIPPING','ONE_TIME',100,NULL,'shipping',16.0000,1900),(1902,'total','order.total.total','TOTAL','ONE_TIME',500,NULL,'total',76.0000,1900),(1950,'subtotal','order.total.subtotal','SUBTOTAL','ONE_TIME',5,NULL,'subtotal',120.0000,1950),(1951,'shipping','order.total.shipping','SHIPPING','ONE_TIME',100,NULL,'shipping',13.0000,1950),(1952,'total','order.total.total','TOTAL','ONE_TIME',500,NULL,'total',133.0000,1950),(2000,'subtotal','order.total.subtotal','SUBTOTAL','ONE_TIME',5,NULL,'subtotal',69.0000,2000),(2001,'shipping','order.total.shipping','SHIPPING','ONE_TIME',100,NULL,'shipping',2.0000,2000),(2002,'total','order.total.total','TOTAL','ONE_TIME',500,NULL,'total',71.0000,2000),(2003,'subtotal','order.total.subtotal','SUBTOTAL','ONE_TIME',5,NULL,'subtotal',69.0000,2001),(2004,'shipping','order.total.shipping','SHIPPING','ONE_TIME',100,NULL,'shipping',13.0000,2001),(2005,'total','order.total.total','TOTAL','ONE_TIME',500,NULL,'total',82.0000,2001),(2006,'subtotal','order.total.subtotal','SUBTOTAL','ONE_TIME',5,NULL,'subtotal',95.0000,2002),(2007,'shipping','order.total.shipping','SHIPPING','ONE_TIME',100,NULL,'shipping',13.0000,2002),(2008,'total','order.total.total','TOTAL','ONE_TIME',500,NULL,'total',108.0000,2002),(2050,'subtotal','order.total.subtotal','SUBTOTAL','ONE_TIME',5,NULL,'subtotal',69.0000,2050),(2051,'shipping','order.total.shipping','SHIPPING','ONE_TIME',100,NULL,'shipping',3.0000,2050),(2052,'total','order.total.total','TOTAL','ONE_TIME',500,NULL,'total',72.0000,2050),(2100,'subtotal','order.total.subtotal','SUBTOTAL','ONE_TIME',5,NULL,'subtotal',69.0000,2100),(2101,'shipping','order.total.shipping','SHIPPING','ONE_TIME',100,NULL,'shipping',12.0000,2100),(2102,'total','order.total.total','TOTAL','ONE_TIME',500,NULL,'total',81.0000,2100),(2150,'subtotal','order.total.subtotal','SUBTOTAL','ONE_TIME',5,NULL,'subtotal',69.0000,2150),(2151,'shipping','order.total.shipping','SHIPPING','ONE_TIME',100,NULL,'shipping',12.0000,2150),(2152,'total','order.total.total','TOTAL','ONE_TIME',500,NULL,'total',81.0000,2150),(2200,'subtotal','order.total.subtotal','SUBTOTAL','ONE_TIME',5,NULL,'subtotal',40.0000,2200),(2201,'shipping','order.total.shipping','SHIPPING','ONE_TIME',100,NULL,'shipping',2.0000,2200),(2202,'total','order.total.total','TOTAL','ONE_TIME',500,NULL,'total',42.0000,2200),(2203,'subtotal','order.total.subtotal','SUBTOTAL','ONE_TIME',5,NULL,'subtotal',95.0000,2201),(2204,'shipping','order.total.shipping','SHIPPING','ONE_TIME',100,NULL,'shipping',7.0000,2201),(2205,'total','order.total.total','TOTAL','ONE_TIME',500,NULL,'total',102.0000,2201),(2250,'subtotal','order.total.subtotal','SUBTOTAL','ONE_TIME',5,NULL,'subtotal',120.0000,2250),(2251,'shipping','order.total.shipping','SHIPPING','ONE_TIME',100,NULL,'shipping',0.0000,2250),(2252,'total','order.total.total','TOTAL','ONE_TIME',500,NULL,'total',120.0000,2250),(2300,'subtotal','order.total.subtotal','SUBTOTAL','ONE_TIME',5,NULL,'subtotal',69.0000,2300),(2301,'shipping','order.total.shipping','SHIPPING','ONE_TIME',100,NULL,'shipping',24.0000,2300),(2302,'total','order.total.total','TOTAL','ONE_TIME',500,NULL,'total',93.0000,2300),(2350,'subtotal','order.total.subtotal','SUBTOTAL','ONE_TIME',5,NULL,'subtotal',95.0000,2350),(2351,'shipping','order.total.shipping','SHIPPING','ONE_TIME',100,NULL,'shipping',40.0000,2350),(2352,'total','order.total.total','TOTAL','ONE_TIME',500,NULL,'total',135.0000,2350),(2400,'subtotal','order.total.subtotal','SUBTOTAL','ONE_TIME',5,NULL,'subtotal',95.0000,2400),(2401,'shipping','order.total.shipping','SHIPPING','ONE_TIME',100,NULL,'shipping',40.0000,2400),(2402,'total','order.total.total','TOTAL','ONE_TIME',500,NULL,'total',135.0000,2400),(2450,'subtotal','order.total.subtotal','SUBTOTAL','ONE_TIME',5,NULL,'subtotal',48.0000,2450),(2451,'shipping','order.total.shipping','SHIPPING','ONE_TIME',100,NULL,'shipping',29.0000,2450),(2452,'total','order.total.total','TOTAL','ONE_TIME',500,NULL,'total',77.0000,2450),(2500,'subtotal','order.total.subtotal','SUBTOTAL','ONE_TIME',5,NULL,'subtotal',48.0000,2500),(2501,'shipping','order.total.shipping','SHIPPING','ONE_TIME',100,NULL,'shipping',15.0000,2500),(2502,'total','order.total.total','TOTAL','ONE_TIME',500,NULL,'total',63.0000,2500),(2550,'subtotal','order.total.subtotal','SUBTOTAL','ONE_TIME',5,NULL,'subtotal',68.0000,2550),(2551,'shipping','order.total.shipping','SHIPPING','ONE_TIME',100,NULL,'shipping',0.0000,2550),(2552,'total','order.total.total','TOTAL','ONE_TIME',500,NULL,'total',68.0000,2550),(2600,'subtotal','order.total.subtotal','SUBTOTAL','ONE_TIME',5,NULL,'subtotal',70.0000,2600),(2601,'shipping','order.total.shipping','SHIPPING','ONE_TIME',100,NULL,'shipping',3.0000,2600),(2602,'total','order.total.total','TOTAL','ONE_TIME',500,NULL,'total',73.0000,2600),(2603,'subtotal','order.total.subtotal','SUBTOTAL','ONE_TIME',5,NULL,'subtotal',70.0000,2601),(2604,'shipping','order.total.shipping','SHIPPING','ONE_TIME',100,NULL,'shipping',15.0000,2601),(2605,'total','order.total.total','TOTAL','ONE_TIME',500,NULL,'total',85.0000,2601),(2606,'subtotal','order.total.subtotal','SUBTOTAL','ONE_TIME',5,NULL,'subtotal',180.0000,2602),(2607,'shipping','order.total.shipping','SHIPPING','ONE_TIME',100,NULL,'shipping',4.0000,2602),(2608,'total','order.total.total','TOTAL','ONE_TIME',500,NULL,'total',184.0000,2602),(2609,'subtotal','order.total.subtotal','SUBTOTAL','ONE_TIME',5,NULL,'subtotal',205.0000,2603),(2610,'shipping','order.total.shipping','SHIPPING','ONE_TIME',100,NULL,'shipping',6.0000,2603),(2611,'total','order.total.total','TOTAL','ONE_TIME',500,NULL,'total',211.0000,2603),(2650,'subtotal','order.total.subtotal','SUBTOTAL','ONE_TIME',5,NULL,'subtotal',75.0000,2650),(2651,'shipping','order.total.shipping','SHIPPING','ONE_TIME',100,NULL,'shipping',3.0000,2650),(2652,'total','order.total.total','TOTAL','ONE_TIME',500,NULL,'total',78.0000,2650),(2700,'subtotal','order.total.subtotal','SUBTOTAL','ONE_TIME',5,NULL,'subtotal',150.0000,2700),(2701,'shipping','order.total.shipping','SHIPPING','ONE_TIME',100,NULL,'shipping',9.0000,2700),(2702,'total','order.total.total','TOTAL','ONE_TIME',500,NULL,'total',159.0000,2700),(2750,'subtotal','order.total.subtotal','SUBTOTAL','ONE_TIME',5,NULL,'subtotal',75.0000,2750),(2751,'shipping','order.total.shipping','SHIPPING','ONE_TIME',100,NULL,'shipping',12.0000,2750),(2752,'total','order.total.total','TOTAL','ONE_TIME',500,NULL,'total',87.0000,2750),(2753,'subtotal','order.total.subtotal','SUBTOTAL','ONE_TIME',5,NULL,'subtotal',75.0000,2751),(2754,'shipping','order.total.shipping','SHIPPING','ONE_TIME',100,NULL,'shipping',44.0000,2751),(2755,'total','order.total.total','TOTAL','ONE_TIME',500,NULL,'total',119.0000,2751),(2800,'subtotal','order.total.subtotal','SUBTOTAL','ONE_TIME',5,NULL,'subtotal',105.0000,2800),(2801,'shipping','order.total.shipping','SHIPPING','ONE_TIME',100,NULL,'shipping',2.0000,2800),(2802,'total','order.total.total','TOTAL','ONE_TIME',500,NULL,'total',107.0000,2800),(2803,'subtotal','order.total.subtotal','SUBTOTAL','ONE_TIME',5,NULL,'subtotal',210.0000,2801),(2804,'shipping','order.total.shipping','SHIPPING','ONE_TIME',100,NULL,'shipping',24.0000,2801),(2805,'total','order.total.total','TOTAL','ONE_TIME',500,NULL,'total',234.0000,2801),(2850,'subtotal','order.total.subtotal','SUBTOTAL','ONE_TIME',5,NULL,'subtotal',105.0000,2850),(2851,'shipping','order.total.shipping','SHIPPING','ONE_TIME',100,NULL,'shipping',0.0000,2850),(2852,'total','order.total.total','TOTAL','ONE_TIME',500,NULL,'total',105.0000,2850),(2900,'subtotal','order.total.subtotal','SUBTOTAL','ONE_TIME',5,NULL,'subtotal',48.0000,2900),(2901,'shipping','order.total.shipping','SHIPPING','ONE_TIME',100,NULL,'shipping',2.0000,2900),(2902,'total','order.total.total','TOTAL','ONE_TIME',500,NULL,'total',50.0000,2900),(2903,'subtotal','order.total.subtotal','SUBTOTAL','ONE_TIME',5,NULL,'subtotal',210.0000,2901),(2904,'shipping','order.total.shipping','SHIPPING','ONE_TIME',100,NULL,'shipping',2.0000,2901),(2905,'total','order.total.total','TOTAL','ONE_TIME',500,NULL,'total',212.0000,2901),(2906,'subtotal','order.total.subtotal','SUBTOTAL','ONE_TIME',5,NULL,'subtotal',320.0000,2902),(2907,'shipping','order.total.shipping','SHIPPING','ONE_TIME',100,NULL,'shipping',17.0000,2902),(2908,'total','order.total.total','TOTAL','ONE_TIME',500,NULL,'total',337.0000,2902),(2950,'subtotal','order.total.subtotal','SUBTOTAL','ONE_TIME',5,NULL,'subtotal',105.0000,2950),(2951,'shipping','order.total.shipping','SHIPPING','ONE_TIME',100,NULL,'shipping',27.0000,2950),(2952,'total','order.total.total','TOTAL','ONE_TIME',500,NULL,'total',132.0000,2950),(3000,'subtotal','order.total.subtotal','SUBTOTAL','ONE_TIME',5,NULL,'subtotal',105.0000,3000),(3001,'shipping','order.total.shipping','SHIPPING','ONE_TIME',100,NULL,'shipping',66.0000,3000),(3002,'total','order.total.total','TOTAL','ONE_TIME',500,NULL,'total',171.0000,3000),(3050,'subtotal','order.total.subtotal','SUBTOTAL','ONE_TIME',5,NULL,'subtotal',105.0000,3050),(3051,'shipping','order.total.shipping','SHIPPING','ONE_TIME',100,NULL,'shipping',36.0000,3050),(3052,'total','order.total.total','TOTAL','ONE_TIME',500,NULL,'total',141.0000,3050),(3100,'subtotal','order.total.subtotal','SUBTOTAL','ONE_TIME',5,NULL,'subtotal',105.0000,3100),(3101,'shipping','order.total.shipping','SHIPPING','ONE_TIME',100,NULL,'shipping',37.0000,3100),(3102,'total','order.total.total','TOTAL','ONE_TIME',500,NULL,'total',142.0000,3100),(3103,'subtotal','order.total.subtotal','SUBTOTAL','ONE_TIME',5,NULL,'subtotal',105.0000,3101),(3104,'shipping','order.total.shipping','SHIPPING','ONE_TIME',100,NULL,'shipping',5.0000,3101),(3105,'total','order.total.total','TOTAL','ONE_TIME',500,NULL,'total',110.0000,3101),(3150,'subtotal','order.total.subtotal','SUBTOTAL','ONE_TIME',5,NULL,'subtotal',2025.0000,3150),(3151,'shipping','order.total.shipping','SHIPPING','ONE_TIME',100,NULL,'shipping',17.0000,3150),(3152,'total','order.total.total','TOTAL','ONE_TIME',500,NULL,'total',2042.0000,3150),(3153,'subtotal','order.total.subtotal','SUBTOTAL','ONE_TIME',5,NULL,'subtotal',715.0000,3151),(3154,'shipping','order.total.shipping','SHIPPING','ONE_TIME',100,NULL,'shipping',8.0000,3151),(3155,'total','order.total.total','TOTAL','ONE_TIME',500,NULL,'total',723.0000,3151),(3200,'subtotal','order.total.subtotal','SUBTOTAL','ONE_TIME',5,NULL,'subtotal',700.0000,3200),(3201,'total','order.total.total','TOTAL','ONE_TIME',500,NULL,'total',700.0000,3200),(3202,'subtotal','order.total.subtotal','SUBTOTAL','ONE_TIME',5,NULL,'subtotal',340.0000,3201),(3203,'shipping','order.total.shipping','SHIPPING','ONE_TIME',100,NULL,'shipping',17.0000,3201),(3204,'total','order.total.total','TOTAL','ONE_TIME',500,NULL,'total',357.0000,3201),(3250,'subtotal','order.total.subtotal','SUBTOTAL','ONE_TIME',5,NULL,'subtotal',175.0000,3250),(3251,'shipping','order.total.shipping','SHIPPING','ONE_TIME',100,NULL,'shipping',17.0000,3250),(3252,'total','order.total.total','TOTAL','ONE_TIME',500,NULL,'total',192.0000,3250),(3253,'subtotal','order.total.subtotal','SUBTOTAL','ONE_TIME',5,NULL,'subtotal',195.0000,3251),(3254,'shipping','order.total.shipping','SHIPPING','ONE_TIME',100,NULL,'shipping',12.0000,3251),(3255,'total','order.total.total','TOTAL','ONE_TIME',500,NULL,'total',207.0000,3251),(3300,'subtotal','order.total.subtotal','SUBTOTAL','ONE_TIME',5,NULL,'subtotal',675.0000,3300),(3301,'total','order.total.total','TOTAL','ONE_TIME',500,NULL,'total',675.0000,3300),(3350,'subtotal','order.total.subtotal','SUBTOTAL','ONE_TIME',5,NULL,'subtotal',195.0000,3350),(3351,'shipping','order.total.shipping','SHIPPING','ONE_TIME',100,NULL,'shipping',4.0000,3350),(3352,'total','order.total.total','TOTAL','ONE_TIME',500,NULL,'total',199.0000,3350),(3400,'subtotal','order.total.subtotal','SUBTOTAL','ONE_TIME',5,NULL,'subtotal',285.0000,3400),(3401,'shipping','order.total.shipping','SHIPPING','ONE_TIME',100,NULL,'shipping',7.0000,3400),(3402,'total','order.total.total','TOTAL','ONE_TIME',500,NULL,'total',292.0000,3400),(3403,'subtotal','order.total.subtotal','SUBTOTAL','ONE_TIME',5,NULL,'subtotal',350.0000,3401),(3404,'shipping','order.total.shipping','SHIPPING','ONE_TIME',100,NULL,'shipping',34.0000,3401),(3405,'total','order.total.total','TOTAL','ONE_TIME',500,NULL,'total',384.0000,3401),(3406,'subtotal','order.total.subtotal','SUBTOTAL','ONE_TIME',5,NULL,'subtotal',350.0000,3402),(3407,'shipping','order.total.shipping','SHIPPING','ONE_TIME',100,NULL,'shipping',24.0000,3402),(3408,'total','order.total.total','TOTAL','ONE_TIME',500,NULL,'total',374.0000,3402),(3409,'subtotal','order.total.subtotal','SUBTOTAL','ONE_TIME',5,NULL,'subtotal',390.0000,3403),(3410,'shipping','order.total.shipping','SHIPPING','ONE_TIME',100,NULL,'shipping',24.0000,3403),(3411,'total','order.total.total','TOTAL','ONE_TIME',500,NULL,'total',414.0000,3403),(3450,'subtotal','order.total.subtotal','SUBTOTAL','ONE_TIME',5,NULL,'subtotal',315.0000,3450),(3451,'shipping','order.total.shipping','SHIPPING','ONE_TIME',100,NULL,'shipping',24.0000,3450),(3452,'total','order.total.total','TOTAL','ONE_TIME',500,NULL,'total',339.0000,3450),(3453,'subtotal','order.total.subtotal','SUBTOTAL','ONE_TIME',5,NULL,'subtotal',675.0000,3451),(3454,'total','order.total.total','TOTAL','ONE_TIME',500,NULL,'total',675.0000,3451),(3500,'subtotal','order.total.subtotal','SUBTOTAL','ONE_TIME',5,NULL,'subtotal',390.0000,3500),(3501,'shipping','order.total.shipping','SHIPPING','ONE_TIME',100,NULL,'shipping',24.0000,3500),(3502,'total','order.total.total','TOTAL','ONE_TIME',500,NULL,'total',414.0000,3500),(3550,'subtotal','order.total.subtotal','SUBTOTAL','ONE_TIME',5,NULL,'subtotal',350.0000,3550),(3551,'shipping','order.total.shipping','SHIPPING','ONE_TIME',100,NULL,'shipping',4.0000,3550),(3552,'total','order.total.total','TOTAL','ONE_TIME',500,NULL,'total',354.0000,3550),(3600,'subtotal','order.total.subtotal','SUBTOTAL','ONE_TIME',5,NULL,'subtotal',350.0000,3600),(3601,'shipping','order.total.shipping','SHIPPING','ONE_TIME',100,NULL,'shipping',26.0000,3600),(3602,'total','order.total.total','TOTAL','ONE_TIME',500,NULL,'total',376.0000,3600),(3603,'subtotal','order.total.subtotal','SUBTOTAL','ONE_TIME',5,NULL,'subtotal',390.0000,3601),(3604,'shipping','order.total.shipping','SHIPPING','ONE_TIME',100,NULL,'shipping',0.0000,3601),(3605,'total','order.total.total','TOTAL','ONE_TIME',500,NULL,'total',390.0000,3601),(3606,'subtotal','order.total.subtotal','SUBTOTAL','ONE_TIME',5,NULL,'subtotal',360.0000,3602),(3607,'shipping','order.total.shipping','SHIPPING','ONE_TIME',100,NULL,'shipping',17.0000,3602),(3608,'total','order.total.total','TOTAL','ONE_TIME',500,NULL,'total',377.0000,3602),(3650,'subtotal','order.total.subtotal','SUBTOTAL','ONE_TIME',5,NULL,'subtotal',340.0000,3650),(3651,'shipping','order.total.shipping','SHIPPING','ONE_TIME',100,NULL,'shipping',8.0000,3650),(3652,'total','order.total.total','TOTAL','ONE_TIME',500,NULL,'total',348.0000,3650),(3700,'subtotal','order.total.subtotal','SUBTOTAL','ONE_TIME',5,NULL,'subtotal',700.0000,3700),(3701,'total','order.total.total','TOTAL','ONE_TIME',500,NULL,'total',700.0000,3700),(3750,'subtotal','order.total.subtotal','SUBTOTAL','ONE_TIME',5,NULL,'subtotal',350.0000,3750),(3751,'shipping','order.total.shipping','SHIPPING','ONE_TIME',100,NULL,'shipping',17.0000,3750),(3752,'total','order.total.total','TOTAL','ONE_TIME',500,NULL,'total',367.0000,3750),(3800,'subtotal','order.total.subtotal','SUBTOTAL','ONE_TIME',5,NULL,'subtotal',195.0000,3800),(3801,'shipping','order.total.shipping','SHIPPING','ONE_TIME',100,NULL,'shipping',17.0000,3800),(3802,'total','order.total.total','TOTAL','ONE_TIME',500,NULL,'total',212.0000,3800),(3803,'subtotal','order.total.subtotal','SUBTOTAL','ONE_TIME',5,NULL,'subtotal',95.0000,3801),(3804,'shipping','order.total.shipping','SHIPPING','ONE_TIME',100,NULL,'shipping',23.0000,3801),(3805,'total','order.total.total','TOTAL','ONE_TIME',500,NULL,'total',118.0000,3801),(3850,'subtotal','order.total.subtotal','SUBTOTAL','ONE_TIME',5,NULL,'subtotal',445.0000,3850),(3851,'shipping','order.total.shipping','SHIPPING','ONE_TIME',100,NULL,'shipping',44.0000,3850),(3852,'total','order.total.total','TOTAL','ONE_TIME',500,NULL,'total',489.0000,3850),(3853,'subtotal','order.total.subtotal','SUBTOTAL','ONE_TIME',5,NULL,'subtotal',350.0000,3851),(3854,'shipping','order.total.shipping','SHIPPING','ONE_TIME',100,NULL,'shipping',42.0000,3851),(3855,'total','order.total.total','TOTAL','ONE_TIME',500,NULL,'total',392.0000,3851),(3900,'subtotal','order.total.subtotal','SUBTOTAL','ONE_TIME',5,NULL,'subtotal',175.0000,3900),(3901,'shipping','order.total.shipping','SHIPPING','ONE_TIME',100,NULL,'shipping',11.0000,3900),(3902,'total','order.total.total','TOTAL','ONE_TIME',500,NULL,'total',186.0000,3900),(3950,'subtotal','order.total.subtotal','SUBTOTAL','ONE_TIME',5,NULL,'subtotal',340.0000,3950),(3951,'shipping','order.total.shipping','SHIPPING','ONE_TIME',100,NULL,'shipping',11.0000,3950),(3952,'total','order.total.total','TOTAL','ONE_TIME',500,NULL,'total',351.0000,3950),(4000,'subtotal','order.total.subtotal','SUBTOTAL','ONE_TIME',5,NULL,'subtotal',170.0000,4000),(4001,'shipping','order.total.shipping','SHIPPING','ONE_TIME',100,NULL,'shipping',17.0000,4000),(4002,'total','order.total.total','TOTAL','ONE_TIME',500,NULL,'total',187.0000,4000),(4003,'subtotal','order.total.subtotal','SUBTOTAL','ONE_TIME',5,NULL,'subtotal',1775.0000,4001),(4004,'total','order.total.total','TOTAL','ONE_TIME',500,NULL,'total',1775.0000,4001),(4005,'subtotal','order.total.subtotal','SUBTOTAL','ONE_TIME',5,NULL,'subtotal',655.0000,4002),(4006,'total','order.total.total','TOTAL','ONE_TIME',500,NULL,'total',655.0000,4002),(4050,'subtotal','order.total.subtotal','SUBTOTAL','ONE_TIME',5,NULL,'subtotal',470.0000,4050),(4051,'shipping','order.total.shipping','SHIPPING','ONE_TIME',100,NULL,'shipping',6.0000,4050),(4052,'total','order.total.total','TOTAL','ONE_TIME',500,NULL,'total',476.0000,4050),(4053,'subtotal','order.total.subtotal','SUBTOTAL','ONE_TIME',5,NULL,'subtotal',390.0000,4051),(4054,'shipping','order.total.shipping','SHIPPING','ONE_TIME',100,NULL,'shipping',11.0000,4051),(4055,'total','order.total.total','TOTAL','ONE_TIME',500,NULL,'total',401.0000,4051),(4100,'subtotal','order.total.subtotal','SUBTOTAL','ONE_TIME',5,NULL,'subtotal',555.0000,4100),(4101,'total','order.total.total','TOTAL','ONE_TIME',500,NULL,'total',555.0000,4100),(4102,'subtotal','order.total.subtotal','SUBTOTAL','ONE_TIME',5,NULL,'subtotal',195.0000,4101),(4103,'shipping','order.total.shipping','SHIPPING','ONE_TIME',100,NULL,'shipping',9.0000,4101),(4104,'total','order.total.total','TOTAL','ONE_TIME',500,NULL,'total',204.0000,4101),(4150,'subtotal','order.total.subtotal','SUBTOTAL','ONE_TIME',5,NULL,'subtotal',675.0000,4150),(4151,'total','order.total.total','TOTAL','ONE_TIME',500,NULL,'total',675.0000,4150),(4200,'subtotal','order.total.subtotal','SUBTOTAL','ONE_TIME',5,NULL,'subtotal',315.0000,4200),(4201,'shipping','order.total.shipping','SHIPPING','ONE_TIME',100,NULL,'shipping',18.0000,4200),(4202,'total','order.total.total','TOTAL','ONE_TIME',500,NULL,'total',333.0000,4200),(4203,'subtotal','order.total.subtotal','SUBTOTAL','ONE_TIME',5,NULL,'subtotal',195.0000,4201),(4204,'shipping','order.total.shipping','SHIPPING','ONE_TIME',100,NULL,'shipping',23.0000,4201),(4205,'total','order.total.total','TOTAL','ONE_TIME',500,NULL,'total',218.0000,4201),(4250,'subtotal','order.total.subtotal','SUBTOTAL','ONE_TIME',5,NULL,'subtotal',180.0000,4250),(4251,'shipping','order.total.shipping','SHIPPING','ONE_TIME',100,NULL,'shipping',23.0000,4250),(4252,'total','order.total.total','TOTAL','ONE_TIME',500,NULL,'total',203.0000,4250),(4253,'subtotal','order.total.subtotal','SUBTOTAL','ONE_TIME',5,NULL,'subtotal',350.0000,4251),(4254,'shipping','order.total.shipping','SHIPPING','ONE_TIME',100,NULL,'shipping',18.0000,4251),(4255,'total','order.total.total','TOTAL','ONE_TIME',500,NULL,'total',368.0000,4251),(4300,'subtotal','order.total.subtotal','SUBTOTAL','ONE_TIME',5,NULL,'subtotal',205.0000,4300),(4301,'shipping','order.total.shipping','SHIPPING','ONE_TIME',100,NULL,'shipping',22.0000,4300),(4302,'total','order.total.total','TOTAL','ONE_TIME',500,NULL,'total',227.0000,4300),(4303,'subtotal','order.total.subtotal','SUBTOTAL','ONE_TIME',5,NULL,'subtotal',340.0000,4301),(4304,'shipping','order.total.shipping','SHIPPING','ONE_TIME',100,NULL,'shipping',22.0000,4301),(4305,'total','order.total.total','TOTAL','ONE_TIME',500,NULL,'total',362.0000,4301),(4350,'subtotal','order.total.subtotal','SUBTOTAL','ONE_TIME',5,NULL,'subtotal',675.0000,4350),(4351,'total','order.total.total','TOTAL','ONE_TIME',500,NULL,'total',675.0000,4350),(4400,'subtotal','order.total.subtotal','SUBTOTAL','ONE_TIME',5,NULL,'subtotal',230.0000,4400),(4401,'shipping','order.total.shipping','SHIPPING','ONE_TIME',100,NULL,'shipping',10.0000,4400),(4402,'total','order.total.total','TOTAL','ONE_TIME',500,NULL,'total',240.0000,4400),(4403,'subtotal','order.total.subtotal','SUBTOTAL','ONE_TIME',5,NULL,'subtotal',380.0000,4401),(4404,'shipping','order.total.shipping','SHIPPING','ONE_TIME',100,NULL,'shipping',15.0000,4401),(4405,'total','order.total.total','TOTAL','ONE_TIME',500,NULL,'total',395.0000,4401),(4406,'subtotal','order.total.subtotal','SUBTOTAL','ONE_TIME',5,NULL,'subtotal',390.0000,4402),(4407,'shipping','order.total.shipping','SHIPPING','ONE_TIME',100,NULL,'shipping',15.0000,4402),(4408,'total','order.total.total','TOTAL','ONE_TIME',500,NULL,'total',405.0000,4402),(4450,'subtotal','order.total.subtotal','SUBTOTAL','ONE_TIME',5,NULL,'subtotal',350.0000,4450),(4451,'shipping','order.total.shipping','SHIPPING','ONE_TIME',100,NULL,'shipping',15.0000,4450),(4452,'total','order.total.total','TOTAL','ONE_TIME',500,NULL,'total',365.0000,4450),(4453,'subtotal','order.total.subtotal','SUBTOTAL','ONE_TIME',5,NULL,'subtotal',350.0000,4451),(4454,'shipping','order.total.shipping','SHIPPING','ONE_TIME',100,NULL,'shipping',15.0000,4451),(4455,'total','order.total.total','TOTAL','ONE_TIME',500,NULL,'total',365.0000,4451),(4500,'subtotal','order.total.subtotal','SUBTOTAL','ONE_TIME',5,NULL,'subtotal',715.0000,4500),(4501,'total','order.total.total','TOTAL','ONE_TIME',500,NULL,'total',715.0000,4500),(4502,'subtotal','order.total.subtotal','SUBTOTAL','ONE_TIME',5,NULL,'subtotal',1390.0000,4501),(4503,'total','order.total.total','TOTAL','ONE_TIME',500,NULL,'total',1390.0000,4501),(4504,'subtotal','order.total.subtotal','SUBTOTAL','ONE_TIME',5,NULL,'subtotal',315.0000,4502),(4505,'shipping','order.total.shipping','SHIPPING','ONE_TIME',100,NULL,'shipping',15.0000,4502),(4506,'total','order.total.total','TOTAL','ONE_TIME',500,NULL,'total',330.0000,4502),(4507,'subtotal','order.total.subtotal','SUBTOTAL','ONE_TIME',5,NULL,'subtotal',350.0000,4503),(4508,'shipping','order.total.shipping','SHIPPING','ONE_TIME',100,NULL,'shipping',15.0000,4503),(4509,'total','order.total.total','TOTAL','ONE_TIME',500,NULL,'total',365.0000,4503),(4550,'subtotal','order.total.subtotal','SUBTOTAL','ONE_TIME',5,NULL,'subtotal',650.0000,4550),(4551,'total','order.total.total','TOTAL','ONE_TIME',500,NULL,'total',650.0000,4550),(4552,'subtotal','order.total.subtotal','SUBTOTAL','ONE_TIME',5,NULL,'subtotal',160.0000,4551),(4553,'shipping','order.total.shipping','SHIPPING','ONE_TIME',100,NULL,'shipping',15.0000,4551),(4554,'total','order.total.total','TOTAL','ONE_TIME',500,NULL,'total',175.0000,4551),(4600,'subtotal','order.total.subtotal','SUBTOTAL','ONE_TIME',5,NULL,'subtotal',195.0000,4600),(4601,'shipping','order.total.shipping','SHIPPING','ONE_TIME',100,NULL,'shipping',15.0000,4600),(4602,'total','order.total.total','TOTAL','ONE_TIME',500,NULL,'total',210.0000,4600),(4603,'subtotal','order.total.subtotal','SUBTOTAL','ONE_TIME',5,NULL,'subtotal',315.0000,4601),(4604,'shipping','order.total.shipping','SHIPPING','ONE_TIME',100,NULL,'shipping',3.0000,4601),(4605,'total','order.total.total','TOTAL','ONE_TIME',500,NULL,'total',318.0000,4601),(4606,'subtotal','order.total.subtotal','SUBTOTAL','ONE_TIME',5,NULL,'subtotal',340.0000,4602),(4607,'shipping','order.total.shipping','SHIPPING','ONE_TIME',100,NULL,'shipping',3.0000,4602),(4608,'total','order.total.total','TOTAL','ONE_TIME',500,NULL,'total',343.0000,4602),(4609,'subtotal','order.total.subtotal','SUBTOTAL','ONE_TIME',5,NULL,'subtotal',180.0000,4603),(4610,'shipping','order.total.shipping','SHIPPING','ONE_TIME',100,NULL,'shipping',22.0000,4603),(4611,'total','order.total.total','TOTAL','ONE_TIME',500,NULL,'total',202.0000,4603),(4612,'subtotal','order.total.subtotal','SUBTOTAL','ONE_TIME',5,NULL,'subtotal',400.0000,4604),(4613,'shipping','order.total.shipping','SHIPPING','ONE_TIME',100,NULL,'shipping',22.0000,4604),(4614,'total','order.total.total','TOTAL','ONE_TIME',500,NULL,'total',422.0000,4604),(4650,'subtotal','order.total.subtotal','SUBTOTAL','ONE_TIME',5,NULL,'subtotal',160.0000,4650),(4651,'shipping','order.total.shipping','SHIPPING','ONE_TIME',100,NULL,'shipping',15.0000,4650),(4652,'total','order.total.total','TOTAL','ONE_TIME',500,NULL,'total',175.0000,4650),(4653,'subtotal','order.total.subtotal','SUBTOTAL','ONE_TIME',5,NULL,'subtotal',340.0000,4651),(4654,'shipping','order.total.shipping','SHIPPING','ONE_TIME',100,NULL,'shipping',15.0000,4651),(4655,'total','order.total.total','TOTAL','ONE_TIME',500,NULL,'total',355.0000,4651),(4656,'subtotal','order.total.subtotal','SUBTOTAL','ONE_TIME',5,NULL,'subtotal',360.0000,4652),(4657,'shipping','order.total.shipping','SHIPPING','ONE_TIME',100,NULL,'shipping',15.0000,4652),(4658,'total','order.total.total','TOTAL','ONE_TIME',500,NULL,'total',375.0000,4652),(4700,'subtotal','order.total.subtotal','SUBTOTAL','ONE_TIME',5,NULL,'subtotal',350.0000,4700),(4701,'shipping','order.total.shipping','SHIPPING','ONE_TIME',100,NULL,'shipping',9.0000,4700),(4702,'total','order.total.total','TOTAL','ONE_TIME',500,NULL,'total',359.0000,4700);
/*!40000 ALTER TABLE `order_total` ENABLE KEYS */;
UNLOCK TABLES;

--
-- Table structure for table `orders`
--

DROP TABLE IF EXISTS `orders`;
/*!40101 SET @saved_cs_client     = @@character_set_client */;
/*!40101 SET character_set_client = utf8 */;
CREATE TABLE `orders` (
  `ORDER_ID` bigint(20) NOT NULL,
  `BILLING_STREET_ADDRESS` varchar(256) DEFAULT NULL,
  `BILLING_CITY` varchar(100) DEFAULT NULL,
  `BILLING_COMPANY` varchar(100) DEFAULT NULL,
  `BILLING_FIRST_NAME` varchar(64) NOT NULL,
  `BILLING_LAST_NAME` varchar(64) NOT NULL,
  `LATITUDE` varchar(100) DEFAULT NULL,
  `LONGITUDE` varchar(100) DEFAULT NULL,
  `BILLING_POSTCODE` varchar(20) DEFAULT NULL,
  `BILLING_STATE` varchar(100) DEFAULT NULL,
  `BILLING_TELEPHONE` varchar(32) DEFAULT NULL,
  `CHANNEL` varchar(255) DEFAULT NULL,
  `CONFIRMED_ADDRESS` bit(1) DEFAULT NULL,
  `CARD_TYPE` varchar(255) DEFAULT NULL,
  `CC_CVV` varchar(255) DEFAULT NULL,
  `CC_EXPIRES` varchar(255) DEFAULT NULL,
  `CC_NUMBER` varchar(255) DEFAULT NULL,
  `CC_OWNER` varchar(255) DEFAULT NULL,
  `CURRENCY_VALUE` decimal(19,2) DEFAULT NULL,
  `CUSTOMER_AGREED` bit(1) DEFAULT NULL,
  `CUSTOMER_EMAIL_ADDRESS` varchar(50) NOT NULL,
  `CUSTOMER_ID` bigint(20) DEFAULT NULL,
  `DATE_PURCHASED` date DEFAULT NULL,
  `DELIVERY_STREET_ADDRESS` varchar(256) DEFAULT NULL,
  `DELIVERY_CITY` varchar(100) DEFAULT NULL,
  `DELIVERY_COMPANY` varchar(100) DEFAULT NULL,
  `DELIVERY_FIRST_NAME` varchar(64) DEFAULT NULL,
  `DELIVERY_LAST_NAME` varchar(64) DEFAULT NULL,
  `DELIVERY_POSTCODE` varchar(20) DEFAULT NULL,
  `DELIVERY_STATE` varchar(100) DEFAULT NULL,
  `DELIVERY_TELEPHONE` varchar(32) DEFAULT NULL,
  `IP_ADDRESS` varchar(255) DEFAULT NULL,
  `LAST_MODIFIED` datetime DEFAULT NULL,
  `LOCALE` varchar(255) DEFAULT NULL,
  `ORDER_DATE_FINISHED` datetime DEFAULT NULL,
  `ORDER_TYPE` varchar(255) DEFAULT NULL,
  `PAYMENT_MODULE_CODE` varchar(255) DEFAULT NULL,
  `PAYMENT_TYPE` varchar(255) DEFAULT NULL,
  `SHIPPING_MODULE_CODE` varchar(255) DEFAULT NULL,
  `ORDER_STATUS` varchar(255) DEFAULT NULL,
  `ORDER_TOTAL` decimal(19,2) DEFAULT NULL,
  `BILLING_COUNTRY_ID` int(11) NOT NULL,
  `BILLING_ZONE_ID` bigint(20) DEFAULT NULL,
  `CURRENCY_ID` bigint(20) DEFAULT NULL,
  `DELIVERY_COUNTRY_ID` int(11) DEFAULT NULL,
  `DELIVERY_ZONE_ID` bigint(20) DEFAULT NULL,
  `MERCHANTID` int(11) DEFAULT NULL,
  PRIMARY KEY (`ORDER_ID`),
  KEY `FKipesu5tupnriahutgle6xu9ed` (`BILLING_COUNTRY_ID`),
  KEY `FKit6ti99mv5uvuxqskhurv3y59` (`BILLING_ZONE_ID`),
  KEY `FKfusivmw6q3gjxnmp47n9s74qi` (`CURRENCY_ID`),
  KEY `FKnlx97vjyorunxglhy5bird06c` (`DELIVERY_COUNTRY_ID`),
  KEY `FKn9uvjl8105fsly4doo8rqnv5b` (`DELIVERY_ZONE_ID`),
  KEY `FKaodv5ffayq8x50q311o2y8m1` (`MERCHANTID`),
  CONSTRAINT `FKaodv5ffayq8x50q311o2y8m1` FOREIGN KEY (`MERCHANTID`) REFERENCES `merchant_store` (`MERCHANT_ID`),
  CONSTRAINT `FKfusivmw6q3gjxnmp47n9s74qi` FOREIGN KEY (`CURRENCY_ID`) REFERENCES `currency` (`CURRENCY_ID`),
  CONSTRAINT `FKipesu5tupnriahutgle6xu9ed` FOREIGN KEY (`BILLING_COUNTRY_ID`) REFERENCES `country` (`COUNTRY_ID`),
  CONSTRAINT `FKit6ti99mv5uvuxqskhurv3y59` FOREIGN KEY (`BILLING_ZONE_ID`) REFERENCES `zone` (`ZONE_ID`),
  CONSTRAINT `FKn9uvjl8105fsly4doo8rqnv5b` FOREIGN KEY (`DELIVERY_ZONE_ID`) REFERENCES `zone` (`ZONE_ID`),
  CONSTRAINT `FKnlx97vjyorunxglhy5bird06c` FOREIGN KEY (`DELIVERY_COUNTRY_ID`) REFERENCES `country` (`COUNTRY_ID`)
) ENGINE=InnoDB DEFAULT CHARSET=utf8;
/*!40101 SET character_set_client = @saved_cs_client */;

--
-- Dumping data for table `orders`
--

LOCK TABLES `orders` WRITE;
/*!40000 ALTER TABLE `orders` DISABLE KEYS */;
INSERT INTO `orders` VALUES (550,'H.NO. 32 T.T. Nagar Road','Bhopal','HUGHES','Sugandha','Rani',NULL,NULL,'462002','','9582244441',NULL,'\0',NULL,NULL,NULL,NULL,NULL,1.00,'\0','mini.kpw88@gmail.com',600,'2020-06-03','H.NO. 32 T.T. Nagar Road','Bhopal','HUGHES','Sugandha','Rani','462002','','9582244441',NULL,NULL,'en_US',NULL,'ORDER','paypal-express-checkout','PAYPAL','priceByDistance','PROCESSED',129.00,37,117,132,37,117,1),(600,'H.No. 45 , AHINSA VIHAR','Bhopal','HSC','Ritesh','Kumar',NULL,NULL,'462041','','9891820992',NULL,'\0',NULL,NULL,NULL,NULL,NULL,1.00,'\0','riteshsingh.hcltech@gmail.com',650,'2020-06-03','H.No. 45 , AHINSA VIHAR','Bhopal','HSC','Ritesh','Kumar','462041','','9891820992',NULL,NULL,'en_US',NULL,'ORDER','paypal-express-checkout','PAYPAL','priceByDistance','PROCESSED',53.00,37,117,132,37,117,1),(601,'H. No. 142','Bhopal','Hsc','Arvind','Chauhan',NULL,NULL,'462022','','9891820992',NULL,'\0',NULL,NULL,NULL,NULL,NULL,1.00,'\0','krsingh081206@gmail.com',651,'2020-06-03','H. No. 142','Bhopal','Hsc','Arvind','Chauhan','462022','','9891820992',NULL,NULL,'en_US',NULL,'ORDER','paypal-express-checkout','PAYPAL','priceByDistance','PROCESSED',117.00,37,117,132,37,117,1),(602,'H. No. 142 Govindpura','Bhopal','Hsc','Arvind','Tiwaari',NULL,NULL,'462023','','9891820992',NULL,'\0',NULL,NULL,NULL,NULL,NULL,1.00,'\0','krsingh081206@gmail.com',652,'2020-06-03','H. No. 142 Govindpura','Bhopal','Hsc','Arvind','Tiwaari','462023','','9891820992',NULL,NULL,'en_US',NULL,'ORDER','paypal-express-checkout','PAYPAL','priceByDistance','PROCESSED',73.00,37,117,132,37,117,1),(650,'32 ABHINAV HOMES','BHOPAL','HUGHES','Ritesh','Kumar',NULL,NULL,'462021','','9891820992',NULL,'\0',NULL,NULL,NULL,NULL,NULL,1.00,'\0','riteshsingh.hcltech@gmail.com',700,'2020-06-03','32 ABHINAV HOMES','BHOPAL','HUGHES','Ritesh','Kumar','462021','','9891820992',NULL,NULL,'en_US',NULL,'ORDER','paypal-express-checkout','PAYPAL','priceByDistance','PROCESSED',69.00,37,117,132,37,117,1),(651,'H. No. 142 Govindpura','Bhopal','Hsc','Ritesh','Kumar',NULL,NULL,'462021','','9891820992',NULL,'\0',NULL,NULL,NULL,NULL,NULL,1.00,'\0','krsingh081206@gmail.com',701,'2020-06-03','H. No. 142 Govindpura','Bhopal','Hsc','Ritesh','Kumar','462021','','9891820992',NULL,NULL,'en_US',NULL,'ORDER','paypal-express-checkout','PAYPAL','priceByDistance','PROCESSED',152.00,37,117,132,37,117,1),(700,'H. No. 142','Bhopal','Hsc','Ritesh','Kumar',NULL,NULL,'462022','','9891820992',NULL,'\0',NULL,NULL,NULL,NULL,NULL,1.00,'\0','krsingh081206@gmail.com',750,'2020-06-03','H. No. 142','Bhopal','Hsc','Ritesh','Kumar','462022','','9891820992',NULL,NULL,'en_US',NULL,'ORDER','paypal-express-checkout','PAYPAL','priceByDistance','PROCESSED',152.00,37,117,132,37,117,1),(750,'H.NO. 45','Bhopal','HUGHES','Arving','Mullick',NULL,NULL,'462041','','98918209992',NULL,'\0',NULL,NULL,NULL,NULL,NULL,1.00,'\0','krsingh081206@gmail.com',800,'2020-06-04','H.NO. 45','Bhopal','HUGHES','Arving','Mullick','462041','','98918209992',NULL,NULL,'en_US',NULL,'ORDER','paypal-express-checkout','PAYPAL','priceByDistance','PROCESSED',67.00,37,117,132,37,117,1),(800,'H.NO. 45 INDRAPURI A- SECTOR','Bhopal','Singh','Ritesh','Kumar',NULL,NULL,'462022','','9899920992',NULL,'\0',NULL,NULL,NULL,NULL,NULL,1.00,'\0','riteshsingh.hcltech@gmail.com',850,'2020-06-05','H.NO. 45 INDRAPURI A- SECTOR','Bhopal','Singh','Ritesh','Kumar','462022','','9899920992',NULL,NULL,'en_US',NULL,'ORDER','paypal-express-checkout','PAYPAL','priceByDistance','PROCESSED',112.00,37,117,132,37,117,1),(850,'BHEL Toy Train ','Bhopal','HUGHES','vintage','Mullick',NULL,NULL,'462022','','1234567891',NULL,'\0',NULL,NULL,NULL,NULL,NULL,1.00,'\0','riteshsingh.hcltech@gmail.com',900,'2020-06-05','BHEL Toy Train ','Bhopal','HUGHES','vintage','Mullick','462022','','1234567891',NULL,NULL,'en_US',NULL,'ORDER','moneyorder','MONEYORDER','priceByDistance','ORDERED',96.00,37,117,132,37,117,1),(851,'h.no. 32','Bhopal','carnival','luca','sullivan',NULL,NULL,'462022','','1234567891',NULL,'\0',NULL,NULL,NULL,NULL,NULL,1.00,'\0','kriteshsingh.hcltech@gmail.com',901,'2020-06-05','h.no. 32','Bhopal','carnival','luca','sullivan','462022','','1234567891',NULL,NULL,'en_US',NULL,'ORDER','moneyorder','MONEYORDER','priceByDistance','ORDERED',126.00,37,117,132,37,117,1),(852,'Bairagarh Road','Bhopal','HUGHES','ARUN','YADAV',NULL,NULL,'462030','','2342342342',NULL,'\0',NULL,NULL,NULL,NULL,NULL,1.00,'\0','riteshsingh.hcltech@gmail.com',902,'2020-06-05','Bairagarh Road','Bhopal','HUGHES','ARUN','YADAV','462030','','2342342342',NULL,NULL,'en_US',NULL,'ORDER','moneyorder','MONEYORDER','priceByDistance','ORDERED',153.00,37,117,132,37,117,1),(900,'Abhinav Homes Phase 4, ISRO Colony, Ayodhya Nagar, Bhopal, Madhya Pradesh, India','Bhopal','HSC','Ritesh','Kumar',NULL,NULL,'462041','','9555948813',NULL,'\0',NULL,NULL,NULL,NULL,NULL,1.00,'\0','krsingh081206@gmail.com',950,'2020-06-06','Abhinav Homes Phase 4, ISRO Colony, Ayodhya Nagar, Bhopal, Madhya Pradesh, India','Bhopal','HSC','Ritesh','Kumar','462041','','9555948813',NULL,NULL,'en_US',NULL,'ORDER','paypal-express-checkout','PAYPAL','priceByDistance','PROCESSED',481.00,37,117,132,37,117,1),(950,'H.NO. 56 SECTOR-A','Bhopal','HSC','ARVIND','CHAUHAN',NULL,NULL,'462022','','9555948813',NULL,'\0',NULL,NULL,NULL,NULL,NULL,1.00,'\0','kriteshsingh.hcltech@gmail.com',1000,'2020-06-07','H.NO. 56 SECTOR-A','Bhopal','HSC','ARVIND','CHAUHAN','462022','','9555948813',NULL,NULL,'en_US',NULL,'ORDER','paypal-express-checkout','PAYPAL','priceByDistance','PROCESSED',165.00,37,117,132,37,117,1),(1000,'H.NO. 54 A-SECTOR AWADHPURI','Bhopal','Carnival','Ritesh','Newman',NULL,NULL,'462022','','9582244441',NULL,'\0',NULL,NULL,NULL,NULL,NULL,1.00,'\0','krsingh081206@gmail.com',1050,'2020-06-07','H.NO. 54 A-SECTOR AWADHPURI','Bhopal','Carnival','Ritesh','Newman','462022','','9582244441',NULL,NULL,'en_US',NULL,'ORDER','paypal-express-checkout','PAYPAL','priceByDistance','PROCESSED',105.00,37,117,132,37,117,1),(1050,'Madhya Pradesh State Highway 23','Bhopal','HSC','Ritesh','Kuamr',NULL,NULL,'462022','','1234567891',NULL,'\0',NULL,NULL,NULL,NULL,NULL,1.00,'\0','RITESHSINGH.HCLTECH@gmail.com',1100,'2020-06-28','Madhya Pradesh State Highway 23','Bhopal','HSC','Ritesh','Kuamr','462022','','1234567891',NULL,NULL,'en_US',NULL,'ORDER','paypal-express-checkout','PAYPAL','priceByDistance','PROCESSED',104.00,37,117,132,37,117,1),(1100,'h.no. 54','Bhopal','HNS','Anonymous','Milo',NULL,NULL,'462022','','1234567891',NULL,'\0',NULL,NULL,NULL,NULL,NULL,1.00,'\0','kumar.ritesh@hsc.com',1150,'2020-07-25','h.no. 54','Bhopal','HNS','Anonymous','Milo','462022','','1234567891',NULL,NULL,'en_US',NULL,'ORDER','paypal-express-checkout','PAYPAL','priceByDistance','PROCESSED',124.00,37,117,132,37,117,1),(1150,'h.no. 5467','Bhopal','FISERV','Navneet','Singh',NULL,NULL,'462041','','1234512345',NULL,'\0',NULL,NULL,NULL,NULL,NULL,1.00,'\0','kumar.ritesh@hsc.com',1200,'2020-07-26','h.no. 5467','Bhopal','FISERV','Navneet','Singh','462041','','1234512345',NULL,NULL,'en_US',NULL,'ORDER','moneyorder','MONEYORDER','priceByDistance','ORDERED',74.00,37,117,132,37,117,1),(1151,'h.no. 45','Bhopal','HSC','Ritesh','Manik',NULL,NULL,'462041','','1234561234',NULL,'\0',NULL,NULL,NULL,NULL,NULL,1.00,'\0','krsingh081206@gmail.com',1201,'2020-07-26','h.no. 45','Bhopal','HSC','Ritesh','Manik','462041','','1234561234',NULL,NULL,'en_US',NULL,'ORDER','paypal-express-checkout','PAYPAL','priceByDistance','PROCESSED',74.00,37,117,132,37,117,1),(1200,'h.no. 43','Bhopal','HSC','Ritesh','Singh',NULL,NULL,'462022','','9891820992',NULL,'\0',NULL,NULL,NULL,NULL,NULL,1.00,'\0','riteshsingh.hcltech@gmail.com',1250,'2020-08-01','h.no. 43','Bhopal','HSC','Ritesh','Singh','462022','','9891820992',NULL,NULL,'en_US',NULL,'ORDER','moneyorder','MONEYORDER','priceByDistance','ORDERED',230.00,37,117,132,37,117,1),(1250,'H.NO. 54','Bhopal','HSC','Ritesh','Singh',NULL,NULL,'462041','','9891820992',NULL,'\0',NULL,NULL,NULL,NULL,NULL,1.00,'\0','riteshsingh.hcltech@gmail.com',1250,'2020-08-01','H.NO. 54','Bhopal','HSC','Ritesh','Singh','462041','','9891820992',NULL,NULL,'en_US',NULL,'ORDER','paypal-express-checkout','PAYPAL','priceByDistance','PROCESSED',74.00,37,117,132,37,117,1),(1251,'Jehanuma Palace Road','Bhopal','HSC','Ritesh','Singh',NULL,NULL,'462002','','9891820992',NULL,'\0',NULL,NULL,NULL,NULL,NULL,1.00,'\0','riteshsingh.hcltech@gmail.com',1250,'2020-08-01','Jehanuma Palace Road','Bhopal','HSC','Ritesh','Singh','462002','','9891820992',NULL,NULL,'en_US',NULL,'ORDER','paypal-express-checkout','PAYPAL','priceByDistance','PROCESSED',111.00,37,117,132,37,117,1),(1300,'Jehanuma Palace Road','Bhopal','HSC','Ritesh','Singh',NULL,NULL,'462002','','9891820992',NULL,'\0',NULL,NULL,NULL,NULL,NULL,1.00,'\0','riteshsingh.hcltech@gmail.com',1250,'2020-08-09','Jehanuma Palace Road','Bhopal','HSC','Ritesh','Singh','462002','','9891820992',NULL,NULL,'en_US',NULL,'ORDER','paypal-express-checkout','PAYPAL','priceByDistance','PROCESSED',249.00,37,117,132,37,117,1),(1301,'H.No. 545','Bhopal','HNS','Arvind','Beni',NULL,NULL,'462041','','1234567891',NULL,'\0',NULL,NULL,NULL,NULL,NULL,1.00,'\0','krsingh081206@gmail.com',1300,'2020-08-09','H.No. 545','Bhopal','HNS','Arvind','Beni','462041','','1234567891',NULL,NULL,'en_US',NULL,'ORDER','paypal-express-checkout','PAYPAL','priceByDistance','PROCESSED',74.00,37,117,132,37,117,1),(1302,'H.NO. 543','Bhopal','HSC','Ritesh','Singh',NULL,NULL,'462022','','9891820992',NULL,'\0',NULL,NULL,NULL,NULL,NULL,1.00,'\0','riteshsingh.hcltech@gmail.com',1250,'2020-08-09','H.NO. 543','Bhopal','HSC','Ritesh','Singh','462022','','9891820992',NULL,NULL,'en_US',NULL,'ORDER','paypal-express-checkout','PAYPAL','priceByDistance','PROCESSED',124.00,37,117,132,37,117,1),(1303,'H.NO. 54','Bhopal','HSC','Ritesh','Singh',NULL,NULL,'462022','','1919192020',NULL,'\0',NULL,NULL,NULL,NULL,NULL,1.00,'\0','kriteshsingh.hcltech@gmail.com',1301,'2020-08-09','H.NO. 54','Bhopal','HSC','Ritesh','Singh','462022','','1919192020',NULL,NULL,'en_US',NULL,'ORDER','paypal-express-checkout','PAYPAL','priceByDistance','PROCESSED',124.00,37,117,132,37,117,1),(1304,'H.NO. 55, Piplani Gurudwara Square','Bhopal','HSC','Ritesh','Singh',NULL,NULL,'462022','','1234567812',NULL,'\0',NULL,NULL,NULL,NULL,NULL,1.00,'\0','kriteshsingh.hcltech@gmail.com',1301,'2020-08-09','H.NO. 55, Piplani Gurudwara Square','Bhopal','HSC','Ritesh','Singh','462022','','1234567812',NULL,NULL,'en_US',NULL,'ORDER','paypal-express-checkout','PAYPAL','priceByDistance','PROCESSED',76.00,37,117,132,37,117,1),(1350,'H.No. 55, Abhinav Homes Phase II,Ayodhya Nagar,Bhopal','Bhopal','HSC','Ritesh','Singh',NULL,NULL,'462041','','9891820992',NULL,'\0',NULL,NULL,NULL,NULL,NULL,1.00,'\0','riteshsingh.hcltech@gmail.com',1250,'2020-08-10','H.No. 55, Abhinav Homes Phase II,Ayodhya Nagar,Bhopal','Bhopal','HSC','Ritesh','Singh','462041','','9891820992',NULL,NULL,'en_US',NULL,'ORDER','paypal-express-checkout','PAYPAL','priceByDistance','PROCESSED',62.00,37,117,132,37,117,1),(1400,'H.NO. 56, Bharat Nagar Rd, Karamveer Nagar, Bharat Nagar','Bhopal','HSC','ERIC','JOHNSON',NULL,NULL,'462022','','1234561234',NULL,'\0',NULL,NULL,NULL,NULL,NULL,1.00,'\0','riteshsingh.hcltech@gmail.com',1350,'2020-08-10','H.NO. 56, Bharat Nagar Rd, Karamveer Nagar, Bharat Nagar','Bhopal','HSC','ERIC','JOHNSON','462022','','1234561234',NULL,NULL,'en_US',NULL,'ORDER','moneyorder','MONEYORDER','priceByDistance','ORDERED',76.00,37,117,132,37,117,1),(1450,'h.no. 45, Hazrat Nizamuddin Colony, Sector B, Ayodhya Nagar','Bhopal','HNS','Ritesh','Kumar',NULL,NULL,'462022','','1234512345',NULL,'\0',NULL,NULL,NULL,NULL,NULL,1.00,'\0','riteshsingh.hcltech@gmail.com',1400,'2020-08-16','h.no. 45, Hazrat Nizamuddin Colony, Sector B, Ayodhya Nagar','Bhopal','HNS','Ritesh','Kumar','462022','','1234512345',NULL,NULL,'en_US',NULL,'ORDER','moneyorder','MONEYORDER','priceByDistance','ORDERED',78.00,37,117,132,37,117,1),(1500,'Raj Samrat Colony, Durgesh Vihar, Ayodhya Nagar','Bhopal','hsd','Roy','ravan',NULL,NULL,'462022','','1234567891',NULL,'\0',NULL,NULL,NULL,NULL,NULL,1.00,'\0','riteshsingh.hcltech@gmail.com',1650,'2020-08-23','Raj Samrat Colony, Durgesh Vihar, Ayodhya Nagar','Bhopal','hsd','Roy','ravan','462022','','1234567891',NULL,NULL,'en_US',NULL,'ORDER','paypal-express-checkout','TEMPPAYTM','priceByDistance','ORDERED',75.00,37,117,132,37,117,1),(1550,'h.no. 54 ,Phase - 2, Sector B, Ayodhya Nagar','Bhopal','HSC','RAVI','SONI',NULL,NULL,'462022','','1234561234',NULL,'\0',NULL,NULL,NULL,NULL,NULL,1.00,'\0','riteshsingh.hcltech@gmail.com',1700,'2020-08-24','h.no. 54 ,Phase - 2, Sector B, Ayodhya Nagar','Bhopal','HSC','RAVI','SONI','462022','','1234561234',NULL,NULL,'en_US',NULL,'ORDER','paypal-express-checkout','PAYTM','priceByDistance','PROCESSED',72.00,37,117,132,37,117,1),(1551,'H.No. 55, Abhinav Homes Phase II,Ayodhya Nagar,Bhopal','Bhopal','HSC','Ritesh','Singh',NULL,NULL,'462041','','9891820992',NULL,'\0',NULL,NULL,NULL,NULL,NULL,1.00,'\0','riteshsingh.hcltech@gmail.com',1250,'2020-08-24','H.No. 55, Abhinav Homes Phase II,Ayodhya Nagar,Bhopal','Bhopal','HSC','Ritesh','Singh','462041','','9891820992',NULL,NULL,'en_US',NULL,'ORDER','paypal-express-checkout','PAYTM','priceByDistance','PROCESSED',76.00,37,117,132,37,117,1),(1600,'H.No. 55, Abhinav Homes Phase II,Ayodhya Nagar,Bhopal','Bhopal','HSC','Ritesh','Singh',NULL,NULL,'462041','','9891820992',NULL,'\0',NULL,NULL,NULL,NULL,NULL,1.00,'\0','riteshsingh.hcltech@gmail.com',1250,'2020-08-25','H.No. 55, Abhinav Homes Phase II,Ayodhya Nagar,Bhopal','Bhopal','HSC','Ritesh','Singh','462041','','9891820992',NULL,NULL,'en_US',NULL,'ORDER','paypal-express-checkout','PAYTM','priceByDistance','PROCESSED',76.00,37,117,132,37,117,1),(1650,'h.no. 55, Bhawani Campus, Paras Nagar, Ayodhya Nagar','Bhopal','HNS','PESHWA','PURANIK',NULL,NULL,'462022','','1234512345',NULL,'\0',NULL,NULL,NULL,NULL,NULL,1.00,'\0','riteshsingh.hcltech@gmail.com',1750,'2020-08-25','h.no. 55, Bhawani Campus, Paras Nagar, Ayodhya Nagar','Bhopal','HNS','PESHWA','PURANIK','462022','','1234512345',NULL,NULL,'en_US',NULL,'ORDER','paypal-express-checkout','PAYTM','priceByDistance','PROCESSED',58.00,37,117,132,37,117,1),(1700,'Phase - 2, Sector B, Ayodhya Nagar','Bhopal','HSC','ANAY','KAUSHIK',NULL,NULL,'462022','','1234512345',NULL,'\0',NULL,NULL,NULL,NULL,NULL,1.00,'\0','riteshsingh.hcltech@gmail.com',1800,'2020-08-25','Phase - 2, Sector B, Ayodhya Nagar','Bhopal','HSC','ANAY','KAUSHIK','462022','','1234512345',NULL,NULL,'en_US',NULL,'ORDER','paypal-express-checkout','PAYTM','priceByDistance','PROCESSED',58.00,37,117,132,37,117,1),(1750,'HIG -4, A Sector, Sonagiri, Bhopal','Bhopal','HSC','Ritesh','Kumar',NULL,NULL,'462022','','1234512345',NULL,'\0',NULL,NULL,NULL,NULL,NULL,1.00,'\0','riteshsingh.hcltech@gmail.com',1850,'2020-08-25','HIG -4, A Sector, Sonagiri, Bhopal','Bhopal','HSC','Ritesh','Kumar','462022','','1234512345',NULL,NULL,'en_US',NULL,'ORDER','paypal-express-checkout','PAYTM','priceByDistance','PROCESSED',70.00,37,117,132,37,117,1),(1800,'H.NO. 567, Apsara Complex, Sector A, Indrapuri','Bhopal','HNS','Vinayak','Kulkarni',NULL,NULL,'462022','','1234123412',NULL,'\0',NULL,NULL,NULL,NULL,NULL,1.00,'\0','riteshsingh.hcltech@gmail.com',1900,'2020-08-25','H.NO. 567, Apsara Complex, Sector A, Indrapuri','Bhopal','HNS','Vinayak','Kulkarni','462022','','1234123412',NULL,NULL,'en_US',NULL,'ORDER','moneyorder','MONEYORDER','priceByDistance','ORDERED',73.00,37,117,132,37,117,1),(1801,'H.No. 55, Abhinav Homes Phase II,Ayodhya Nagar,Bhopal','Bhopal','HSC','Ritesh','Singh',NULL,NULL,'462041','','9891820992',NULL,'\0',NULL,NULL,NULL,NULL,NULL,1.00,'\0','riteshsingh.hcltech@gmail.com',1250,'2020-08-25','H.No. 55, Abhinav Homes Phase II,Ayodhya Nagar,Bhopal','Bhopal','HSC','Ritesh','Singh','462041','','9891820992',NULL,NULL,'en_US',NULL,'ORDER','moneyorder','MONEYORDER','priceByDistance','ORDERED',67.00,37,117,132,37,117,1),(1850,'B-1 ABHINAV HOMES PHASE -3, AYODHYA BYPASS ROAD','Bhopal','HSC','NEIL','KHER',NULL,NULL,'462041','','9713318854',NULL,'\0',NULL,NULL,NULL,NULL,NULL,1.00,'\0','ccshopizer@gmail.com',1950,'2020-08-25','B-1 ABHINAV HOMES PHASE -3, AYODHYA BYPASS ROAD','Bhopal','HSC','NEIL','KHER','462041','','9713318854',NULL,NULL,'en_US',NULL,'ORDER','paypal-express-checkout','PAYTM','priceByDistance','PROCESSED',60.00,37,117,132,37,117,1),(1900,'h.no. 53, Sonagiri Square,BHEL, Bhopal, Bhopal','Bhopal','HSC','Ritesh','Kumar',NULL,NULL,'462022','','1231231231',NULL,'\0',NULL,NULL,NULL,NULL,NULL,1.00,'\0','riteshsingh.hcltech@gmail.com',2000,'2020-08-25','h.no. 53, Sonagiri Square,BHEL, Bhopal, Bhopal','Bhopal','HSC','Ritesh','Kumar','462022','','1231231231',NULL,NULL,'en_US',NULL,'ORDER','paypal-express-checkout','PAYTM','priceByDistance','PROCESSED',76.00,37,117,132,37,117,1),(1950,'H.NO. 567, Apsara Complex, Sector A, Indrapuri','Bhopal','HSC','NEIL','KHER',NULL,NULL,'462022','','9713318854',NULL,'\0',NULL,NULL,NULL,NULL,NULL,1.00,'\0','ccshopizer@gmail.com',1950,'2020-08-26','H.NO. 567, Apsara Complex, Sector A, Indrapuri','Bhopal','HSC','NEIL','KHER','462022','','9713318854',NULL,NULL,'en_US',NULL,'ORDER','paypal-express-checkout','PAYTM','priceByDistance','PROCESSED',133.00,37,117,132,37,117,1),(2000,'Bhavani Tower, Ayodhya Bypass Rd, Chhatrapati Nagar','Bhopal','HSC','Damodar','Das',NULL,NULL,'462022','','1231231231',NULL,'\0',NULL,NULL,NULL,NULL,NULL,1.00,'\0','kriteshsingh.hcltech@gmail.com',2050,'2020-08-27','Bhavani Tower, Ayodhya Bypass Rd, Chhatrapati Nagar','Bhopal','HSC','Damodar','Das','462022','','1231231231',NULL,NULL,'en_US',NULL,'ORDER','moneyorder','MONEYORDER','priceByDistance','ORDERED',71.00,37,117,132,37,117,1),(2001,'H.NO. 567, Apsara Complex, Sector A, Indrapuri','Bhopal','HSC','NEIL','KHER',NULL,NULL,'462022','','9713318854',NULL,'\0',NULL,NULL,NULL,NULL,NULL,1.00,'\0','ccshopizer@gmail.com',1950,'2020-08-27','H.NO. 567, Apsara Complex, Sector A, Indrapuri','Bhopal','HSC','NEIL','KHER','462022','','9713318854',NULL,NULL,'en_US',NULL,'ORDER','paypal-express-checkout','PAYTM','priceByDistance','PROCESSED',82.00,37,117,132,37,117,1),(2002,'H.NO. 567, Apsara Complex, Sector A, Indrapuri','Bhopal','HSC','NEIL','KHER',NULL,NULL,'462022','','9713318854',NULL,'\0',NULL,NULL,NULL,NULL,NULL,1.00,'\0','ccshopizer@gmail.com',1950,'2020-08-27','H.NO. 567, Apsara Complex, Sector A, Indrapuri','Bhopal','HSC','NEIL','KHER','462022','','9713318854',NULL,NULL,'en_US',NULL,'ORDER','paypal-express-checkout','PAYTM','priceByDistance','PROCESSED',108.00,37,117,132,37,117,1),(2050,'H.No. 55, Phase - 2, Sector B, Ayodhya Nagar','Bhopal','HSC','WAYGNER','WILSON',NULL,NULL,'462022','','1234567123',NULL,'\0',NULL,NULL,NULL,NULL,NULL,1.00,'\0','kriteshsingh.hcltech@gmail.com',2100,'2020-08-30','H.No. 55, Phase - 2, Sector B, Ayodhya Nagar','Bhopal','HSC','WAYGNER','WILSON','462022','','1234567123',NULL,NULL,'en_US',NULL,'ORDER','paypal-express-checkout','TEMPPAYTM','priceByDistance','ORDERED',72.00,37,117,132,37,117,1),(2100,'B-1,Indrapuri C sector, Sector C, Indrapuri','Bhopal','HSC','Vinayak','Kulkarni',NULL,NULL,'462022','','1231231234',NULL,'\0',NULL,NULL,NULL,NULL,NULL,1.00,'\0','kriteshsingh.hcltech@gmail.com',2150,'2020-08-30','B-1,Indrapuri C sector, Sector C, Indrapuri','Bhopal','HSC','Vinayak','Kulkarni','462022','','1231231234',NULL,NULL,'en_US',NULL,'ORDER','paypal-express-checkout','TEMPPAYTM','priceByDistance','ORDERED',81.00,37,117,132,37,117,1),(2150,'h.no. 56, Indrapuri B Sector, Sector B, Indrapuri','Bhopal','HNS','Damodar','Das',NULL,NULL,'462022','','1231234567',NULL,'\0',NULL,NULL,NULL,NULL,NULL,1.00,'\0','kriteshsingh.hcltech@gmail.com',2200,'2020-08-30','h.no. 56, Indrapuri B Sector, Sector B, Indrapuri','Bhopal','HNS','Damodar','Das','462022','','1231234567',NULL,NULL,'en_US',NULL,'ORDER','paypal-express-checkout','PAYTM','priceByDistance','PROCESSED',81.00,37,117,132,37,117,1),(2200,'Bhavani Tower, Ayodhya Bypass Rd, Chhatrapati Nagar','Bhopal','Yono','Ritesh','Singh',NULL,NULL,'462022','','9891820992',NULL,'\0',NULL,NULL,NULL,NULL,NULL,1.00,'\0','kriteshsingh.hcltech@gmail.com',2250,'2020-08-30','Bhavani Tower, Ayodhya Bypass Rd, Chhatrapati Nagar','Bhopal','Yono','Ritesh','Singh','462022','','9891820992',NULL,NULL,'en_US',NULL,'ORDER','paypal-express-checkout','PAYTM','priceByDistance','PROCESSED',42.00,37,117,132,37,117,1),(2201,'H.No. 55, Abhinav Homes Phase II,Ayodhya Nagar,Bhopal','Bhopal','HSC','Ritesh','Singh',NULL,NULL,'462041','','9891820992',NULL,'\0',NULL,NULL,NULL,NULL,NULL,1.00,'\0','riteshsingh.hcltech@gmail.com',1250,'2020-08-30','H.No. 55, Abhinav Homes Phase II,Ayodhya Nagar,Bhopal','Bhopal','HSC','Ritesh','Singh','462041','','9891820992',NULL,NULL,'en_US',NULL,'ORDER','paypal-express-checkout','PAYTM','priceByDistance','PROCESSED',102.00,37,117,132,37,117,1),(2250,'H. No. 142 Govindpura','Bhopal','Hsc','Ritesh','Sachan',NULL,NULL,'462022','','9891820992',NULL,'\0',NULL,NULL,NULL,NULL,NULL,1.00,'\0','krsingh081206@gmail.com',2300,'2020-09-12','H. No. 142 Govindpura','Bhopal','Hsc','Ritesh','Sachan','462022','','9891820992',NULL,NULL,'en_US',NULL,'ORDER','moneyorder','MONEYORDER','priceByDistance','ORDERED',120.00,37,117,132,37,117,1),(2300,'Piplani Gurudwara Square, Sector A, Berkheda','Bhopal','HSC','Ritesh','Kumar',NULL,NULL,'462022','','9555948813',NULL,'\0',NULL,NULL,NULL,NULL,NULL,1.00,'\0','krsingh081206@gmail.com',950,'2020-09-30','Piplani Gurudwara Square, Sector A, Berkheda','Bhopal','HSC','Ritesh','Kumar','462022','','9555948813',NULL,NULL,'en_US',NULL,'ORDER','moneyorder','MONEYORDER','priceByDistance','ORDERED',93.00,37,117,132,37,117,1),(2350,'Saket Nagar Main Rd, Saket Nagar, Habib Ganj','Bhopal','H.NO. 56','Manav','Lal',NULL,NULL,'462024','','9899891234',NULL,'\0',NULL,NULL,NULL,NULL,NULL,1.00,'\0','medallionet.carnival@gmail.com',2400,'2020-10-01','Saket Nagar Main Rd, Saket Nagar, Habib Ganj','Bhopal','H.NO. 56','Manav','Lal','462024','','9899891234',NULL,NULL,'en_US',NULL,'ORDER','moneyorder','MONEYORDER','priceByDistance','ORDERED',135.00,37,117,132,37,117,1),(2400,'Saket Nagar Main Rd, Saket Nagar, Habib Ganj','Bhopal','H.NO. 524B','Manav','Lal',NULL,NULL,'462024','','9899891234',NULL,'\0',NULL,NULL,NULL,NULL,NULL,1.00,'\0','medallionet.carnival@gmail.com',2400,'2020-10-01','Saket Nagar Main Rd, Saket Nagar, Habib Ganj','Bhopal','H.NO. 524B','Manav','Lal','462024','','9899891234',NULL,NULL,'en_US',NULL,'ORDER','paypal-express-checkout','PAYTM','priceByDistance','PROCESSED',135.00,37,117,132,37,117,1),(2450,'Awadhpuri, Bhopal, Bhopal','Bhopal','32','reyansh','singh',NULL,NULL,'462022','','8891820992',NULL,'\0',NULL,NULL,NULL,NULL,NULL,1.00,'\0','krsingh081206@gmail.com',2450,'2020-10-02','Awadhpuri, Bhopal, Bhopal','Bhopal','32','reyansh','singh','462022','','8891820992',NULL,NULL,'en_US',NULL,'ORDER','moneyorder','MONEYORDER','priceByDistance','ORDERED',77.00,37,117,132,37,117,1),(2500,'A Sector, Sonagiri, Bhopal','Bhopal','342','rachit','jain',NULL,NULL,'462022','','8891820992',NULL,'\0',NULL,NULL,NULL,NULL,NULL,1.00,'\0','krsingh081206@gmail.com',2500,'2020-10-02','A Sector, Sonagiri, Bhopal','Bhopal','342','rachit','jain','462022','','8891820992',NULL,NULL,'en_US',NULL,'ORDER','paypal-express-checkout','PAYTM','priceByDistance','PROCESSED',63.00,37,117,132,37,117,1),(2550,'AYODHYA BYPASS ROAD','BHOPAL','32','ritesh','vinayak',NULL,NULL,'462041','','9891820992',NULL,'\0',NULL,NULL,NULL,NULL,NULL,1.00,'\0','krsingh081206@gmail.com',2650,'2020-10-03','AYODHYA BYPASS ROAD','BHOPAL','32','ritesh','vinayak','462041','','9891820992',NULL,NULL,'en_US',NULL,'ORDER','moneyorder','MONEYORDER','priceByDistance','ORDERED',68.00,37,117,132,37,117,1),(2600,'Phase - 2, Sector B, Ayodhya Nagar','Bhopal','22','anamika','sehjal',NULL,NULL,'462022','','9891820992',NULL,'\0',NULL,NULL,NULL,NULL,NULL,1.00,'\0','krsingh081206@gmail.com',2700,'2020-10-04','Phase - 2, Sector B, Ayodhya Nagar','Bhopal','22','anamika','sehjal','462022','','9891820992',NULL,NULL,'en_US',NULL,'ORDER','moneyorder','MONEYORDER','priceByDistance','ORDERED',73.00,37,117,132,37,117,1),(2601,'A Sector, Sonagiri, Bhopal','Bhopal','21','adhir','ranjan',NULL,NULL,'462022','','9898989898',NULL,'\0',NULL,NULL,NULL,NULL,NULL,1.00,'\0','krsingh081206@gmail.com',2701,'2020-10-04','A Sector, Sonagiri, Bhopal','Bhopal','21','adhir','ranjan','462022','','9898989898',NULL,NULL,'en_US',NULL,'ORDER','moneyorder','MONEYORDER','priceByDistance','ORDERED',85.00,37,117,132,37,117,1),(2602,'Ahinsa Vihar Colony, Ayodhya Nagar, Bhopal','Bhopal','23','sonam','wangchuk',NULL,NULL,'462041','','9891820992',NULL,'\0',NULL,NULL,NULL,NULL,NULL,1.00,'\0','krsingh081206@gmail.com',2702,'2020-10-04','Ahinsa Vihar Colony, Ayodhya Nagar, Bhopal','Bhopal','23','sonam','wangchuk','462041','','9891820992',NULL,NULL,'en_US',NULL,'ORDER','paypal-express-checkout','PAYTM','priceByDistance','PROCESSED',184.00,37,117,132,37,117,1),(2603,'Rajsamrat Colony, Ayodhya Nagar, Bhopal','Bhopal',NULL,'Ritesh','Singh',NULL,NULL,'462041','','9891820992',NULL,'\0',NULL,NULL,NULL,NULL,NULL,1.00,'\0','krsingh081206@gmail.com',2703,'2020-10-04','Rajsamrat Colony, Ayodhya Nagar, Bhopal','Bhopal',NULL,'Ritesh','Singh','462041','',NULL,NULL,'2020-10-04 12:54:20','en_US',NULL,'ORDER','moneyorder','MONEYORDER','priceByDistance','ORDERED',211.00,37,117,132,37,117,1),(2650,'Bhawani Campus, Paras Nagar, Ayodhya Nagar','Bhopal','45','shafiq','seth',NULL,NULL,'462022','','+919555948813',NULL,'\0',NULL,NULL,NULL,NULL,NULL,1.00,'\0','krsingh081206@gmail.com',2750,'2020-10-31','Bhawani Campus, Paras Nagar, Ayodhya Nagar','Bhopal','45','shafiq','seth','462022','','+919555948813',NULL,NULL,'en_US',NULL,'ORDER','moneyorder','MONEYORDER','priceByDistance','ORDERED',78.00,37,117,132,37,117,1),(2700,'Bharat Nagar, Indrapuri, Bhopal','Bhopal','45','ARVINUM','ISTHIAG',NULL,NULL,'462022','','+919555948813',NULL,'\0',NULL,NULL,NULL,NULL,NULL,1.00,'\0','kriteshsingh.hcltech@gmail.com',2800,'2020-10-31','Bharat Nagar, Indrapuri, Bhopal','Bhopal','45','ARVINUM','ISTHIAG','462022','','+919555948813',NULL,NULL,'en_US',NULL,'ORDER','moneyorder','MONEYORDER','priceByDistance','ORDERED',159.00,37,117,132,37,117,1),(2750,'Indrapuri C sector, Sector C, Indrapuri','Bhopal','H.NO. 567C','Ravindra','Pushpa',NULL,NULL,'462022','','+919555948813',NULL,'\0',NULL,NULL,NULL,NULL,NULL,1.00,'\0','kriteshsingh.hcltech@gmail.com',2850,'2020-11-01','Indrapuri C sector, Sector C, Indrapuri','Bhopal','H.NO. 567C','Ravindra','Pushpa','462022','','+919555948813',NULL,NULL,'en_US',NULL,'ORDER','moneyorder','MONEYORDER','priceByDistance','ORDERED',87.00,37,117,132,37,117,1),(2751,'Ankur Complex, Main Rd 1, 6 Number Bus Stop','Bhopal','H.NO. 432','Pushpendra','Thakur',NULL,NULL,'462016','','+918375940852',NULL,'\0',NULL,NULL,NULL,NULL,NULL,1.00,'\0','kriteshsingh.hcltech@gmail.com',2851,'2020-11-01','Ankur Complex, Main Rd 1, 6 Number Bus Stop','Bhopal','H.NO. 432','Pushpendra','Thakur','462016','','+918375940852',NULL,NULL,'en_US',NULL,'ORDER','moneyorder','MONEYORDER','priceByDistance','ORDERED',119.00,37,117,132,37,117,1),(2800,'Bhavani Tower, Ayodhya Bypass Rd, Chhatrapati Nagar','Bhopal','H.NO. 43','EAGLE','JAIN',NULL,NULL,'462022','','+919555948813',NULL,'\0',NULL,NULL,NULL,NULL,NULL,1.00,'\0','krsingh081206@gmail.com',2900,'2020-11-14','Bhavani Tower, Ayodhya Bypass Rd, Chhatrapati Nagar','Bhopal','H.NO. 43','EAGLE','JAIN','462022','','+919555948813',NULL,NULL,'en_US',NULL,'ORDER','moneyorder','MONEYORDER','priceByDistance','ORDERED',107.00,37,117,132,37,117,1),(2801,'Piplani Gurudwara Square, Sector A, Berkheda','Bhopal','4563','AYUSH','PANDIT',NULL,NULL,'462022','','+919582244441',NULL,'\0',NULL,NULL,NULL,NULL,NULL,1.00,'\0','krsiingh081206@gmail.com',2901,'2020-11-14','Piplani Gurudwara Square, Sector A, Berkheda','Bhopal','4563','AYUSH','PANDIT','462022','','+919582244441',NULL,NULL,'en_US',NULL,'ORDER','moneyorder','MONEYORDER','priceByDistance','ORDERED',234.00,37,117,132,37,117,1),(2850,'LIG Sector-B, MIG, Sonagiri','Bhopal','345','Samir','Seth',NULL,NULL,'462022','','+919555948813',NULL,'\0',NULL,NULL,NULL,NULL,NULL,1.00,'\0','krsingh081206@gmail.com',2951,'2020-11-21','LIG Sector-B, MIG, Sonagiri','Bhopal','345','Samir','Seth','462022','','+919555948813',NULL,NULL,'en_US',NULL,'ORDER','moneyorder','MONEYORDER','priceByDistance','ORDERED',105.00,37,117,132,37,117,1),(2900,'Bhavani Tower, Ayodhya Bypass Rd, Chhatrapati Nagar','Bhopal','453','INDER','SINGH',NULL,NULL,'462022','','+919555948813',NULL,'\0',NULL,NULL,NULL,NULL,NULL,1.00,'\0','kriteshsingh.hcltech@gmail.com',3000,'2020-12-20','Bhavani Tower, Ayodhya Bypass Rd, Chhatrapati Nagar','Bhopal','453','INDER','SINGH','462022','','+919555948813',NULL,NULL,'en_US',NULL,'ORDER','paypal-express-checkout','PAYTM','priceByDistance','PROCESSED',50.00,37,117,132,37,117,1),(2901,'Bhavani Tower, Ayodhya Bypass Rd, Chhatrapati Nagar','Bhopal','HSC','ANAMIKA','YADAV',NULL,NULL,'462022','','+919555948813',NULL,'\0',NULL,NULL,NULL,NULL,NULL,1.00,'\0','kriteshsingh.hcltech@gmail.com',3001,'2020-12-20','Bhavani Tower, Ayodhya Bypass Rd, Chhatrapati Nagar','Bhopal','HSC','ANAMIKA','YADAV','462022','','+919555948813',NULL,NULL,'en_US',NULL,'ORDER','moneyorder','MONEYORDER','priceByDistance','ORDERED',212.00,37,117,132,37,117,1),(2902,'A Sector, Sonagiri, Bhopal','Bhopal','HIG 4','Salim','Qureshi',NULL,NULL,'462022','','+919555948813',NULL,'\0',NULL,NULL,NULL,NULL,NULL,1.00,'\0','krsingh081206@gmail.com',3002,'2020-12-20','A Sector, Sonagiri, Bhopal','Bhopal','HIG 4','Salim','Qureshi','462022','','+919555948813',NULL,NULL,'en_US',NULL,'ORDER','paypal-express-checkout','PAYTM','priceByDistance','PROCESSED',337.00,37,117,132,37,117,1),(2950,'Patel Nagar, Bhopal, Bhopal','Bhopal','323','abhilekh','raje',NULL,NULL,'462022','','+919555948813',NULL,'\0',NULL,NULL,NULL,NULL,NULL,1.00,'\0','kriteshsingh.hcltech@gmail.com',3050,'2021-01-01','Patel Nagar, Bhopal, Bhopal','Bhopal','323','abhilekh','raje','462022','','+919555948813',NULL,NULL,'en_US',NULL,'ORDER','moneyorder','MONEYORDER','priceByDistance','ORDERED',132.00,37,117,132,37,117,1),(3000,'Idgah Hills Rd, PNB Colony, Neelkanth Colony','Bhopal','342','Rishabh','Sharma',NULL,NULL,'462001','','+919555948813',NULL,'\0',NULL,NULL,NULL,NULL,NULL,1.00,'\0','kriteshsingh.hlctech@gmail.com',3100,'2021-01-02','Idgah Hills Rd, PNB Colony, Neelkanth Colony','Bhopal','342','Rishabh','Sharma','462001','','+919555948813',NULL,NULL,'en_US',NULL,'ORDER','moneyorder','MONEYORDER','priceByDistance','ORDERED',171.00,37,117,132,37,117,1),(3050,'MP Nagar Zone-I, Zone-I, MP Nagar','Bhopal','3244','shakal','shakal',NULL,NULL,'462023','','+919555948813',NULL,'\0',NULL,NULL,NULL,NULL,NULL,1.00,'\0','kriteshsingh.hcltech@gmail.com',3150,'2021-01-02','MP Nagar Zone-I, Zone-I, MP Nagar','Bhopal','3244','shakal','shakal','462023','','+919555948813',NULL,NULL,'en_US',NULL,'ORDER','moneyorder','MONEYORDER','priceByDistance','ORDERED',141.00,37,117,132,37,117,1),(3100,'Regal Paradise Rd, Regal Town, Awadhpuri','Bhopal','4566','Aniket','Sharma',NULL,NULL,'462022','','+919555948813',NULL,'\0',NULL,NULL,NULL,NULL,NULL,1.00,'\0','kriteshsingh.hcltech@gmail.com',3200,'2021-01-02','Regal Paradise Rd, Regal Town, Awadhpuri','Bhopal','4566','Aniket','Sharma','462022','','+919555948813',NULL,NULL,'en_US',NULL,'ORDER','moneyorder','MONEYORDER','priceByDistance','ORDERED',142.00,37,117,132,37,117,1),(3101,'Ahinsa Vihar Colony, Ayodhya Nagar, Bhopal','Bhopal','B-1','Ritesh','Kumar',NULL,NULL,'462041','','+918375940852',NULL,'\0',NULL,NULL,NULL,NULL,NULL,1.00,'\0','KRITESHSINGH.HCLTECH@gmail.com',3201,'2021-01-02','Ahinsa Vihar Colony, Ayodhya Nagar, Bhopal','Bhopal','B-1','Ritesh','Kumar','462041','','+918375940852',NULL,NULL,'en_US',NULL,'ORDER','moneyorder','MONEYORDER','priceByDistance','ORDERED',110.00,37,117,132,37,117,1),(3150,'A Sector, Sonagiri, Bhopal','Bhopal','HIG-4','Salim','Qureshi',NULL,NULL,'462022','','+919555948813',NULL,'\0',NULL,NULL,NULL,NULL,NULL,1.00,'\0','kriteshsingh.hcltech@gmail.com',3250,'2021-01-03','A Sector, Sonagiri, Bhopal','Bhopal','HIG-4','Salim','Qureshi','462022','','+919555948813',NULL,NULL,'en_US',NULL,'ORDER','moneyorder','MONEYORDER','priceByDistance','ORDERED',2042.00,37,117,132,37,117,1),(3151,'Vrindavan Nagar, Rajeev Nagar, Ayodhya Bypass','Bhopal','3234','ANKIT','SAXENA',NULL,NULL,'462041','','+918375940852',NULL,'\0',NULL,NULL,NULL,NULL,NULL,1.00,'\0','kriteshsingh.hcltech@gmail.com',3251,'2021-01-03','Vrindavan Nagar, Rajeev Nagar, Ayodhya Bypass','Bhopal','3234','ANKIT','SAXENA','462041','','+918375940852',NULL,NULL,'en_US',NULL,'ORDER','moneyorder','MONEYORDER','priceByDistance','ORDERED',723.00,37,117,132,37,117,1),(3200,'A Sector, Sonagiri, Bhopal','Bhopal','212','PFIZER','MODERNA',NULL,NULL,'462022','','+919555948813',NULL,'\0',NULL,NULL,NULL,NULL,NULL,1.00,'\0','kriteshsingh.hcltech@gmail.com',3300,'2021-01-03','A Sector, Sonagiri, Bhopal','Bhopal','212','PFIZER','MODERNA','462022','','+919555948813',NULL,NULL,'en_US',NULL,'ORDER','moneyorder','MONEYORDER','','ORDERED',700.00,37,117,132,37,117,1),(3201,'A Sector, Sonagiri, Bhopal','Bhopal','HIG -4','SALIM','QURESHI',NULL,NULL,'462022','','+918375940852',NULL,'\0',NULL,NULL,NULL,NULL,NULL,1.00,'\0','kriteshsingh.hcltech@gmail.com',3301,'2021-01-03','A Sector, Sonagiri, Bhopal','Bhopal','HIG -4','SALIM','QURESHI','462022','','+918375940852',NULL,NULL,'en_US',NULL,'ORDER','moneyorder','MONEYORDER','priceByDistance','ORDERED',357.00,37,117,132,37,117,1),(3250,'A Sector, Sonagiri, Bhopal','Bhopal','456','Arvind','Singh',NULL,NULL,'462022','','+918375940852',NULL,'\0',NULL,NULL,NULL,NULL,NULL,1.00,'\0','kriteshsingh.hcltech@gmail.com',3350,'2021-01-07','A Sector, Sonagiri, Bhopal','Bhopal','456','Arvind','Singh','462022','','+918375940852',NULL,NULL,'en_US',NULL,'ORDER','paypal-express-checkout','PAYTM','priceByDistance','PROCESSED',192.00,37,117,132,37,117,1),(3251,'Ratnagiri Tiraha, Ashok Vihar, Anandnagar','Bhopal','324','ABHINAV','BINDRA',NULL,NULL,'462022','','+919555948813',NULL,'\0',NULL,NULL,NULL,NULL,NULL,1.00,'\0','kriteshsingh.hcltech@gmail.com',3351,'2021-01-07','Ratnagiri Tiraha, Ashok Vihar, Anandnagar','Bhopal','324','ABHINAV','BINDRA','462022','','+919555948813',NULL,NULL,'en_US',NULL,'ORDER','moneyorder','MONEYORDER','priceByDistance','ORDERED',207.00,37,117,132,37,117,1),(3300,'A Sector, Sonagiri, Bhopal','Bhopal','Hig 4','Salim','Qureshi',NULL,NULL,'462022','','+919893696983',NULL,'\0',NULL,NULL,NULL,NULL,NULL,1.00,'\0','krsingh081206@gmail.com',3400,'2021-01-08','A Sector, Sonagiri, Bhopal','Bhopal','Hig 4','Salim','Qureshi','462022','','+919893696983',NULL,NULL,'en_US',NULL,'ORDER','moneyorder','MONEYORDER','','ORDERED',675.00,37,117,132,37,117,1),(3350,'Phase - 2, Sector B, Ayodhya Nagar','Bhopal','B-345','VIDYA','SAGAR',NULL,NULL,'462022','','+918375940852',NULL,'\0',NULL,NULL,NULL,NULL,NULL,1.00,'\0','krsingh081206@gmail.com',3450,'2021-01-10','Phase - 2, Sector B, Ayodhya Nagar','Bhopal','B-345','VIDYA','SAGAR','462022','','+918375940852',NULL,NULL,'en_US',NULL,'ORDER','paypal-express-checkout','PAYTM','priceByDistance','PROCESSED',199.00,37,117,132,37,117,1),(3400,'A Sector, Hazrat Nizamuddin Colony, Sector B','Bhopal','E-34522','Aditya','Kapoor',NULL,NULL,'462022','','+918375940852',NULL,'\0',NULL,NULL,NULL,NULL,NULL,1.00,'\0','kriteshsingh.hcltech@gmail.com',3500,'2021-01-10','A Sector, Hazrat Nizamuddin Colony, Sector B','Bhopal','E-34522','Aditya','Kapoor','462022','','+918375940852',NULL,NULL,'en_US',NULL,'ORDER','moneyorder','MONEYORDER','priceByDistance','ORDERED',292.00,37,117,132,37,117,1),(3401,'Awadhpuri Rd, Samanvay Nagar, Awadhpuri','Bhopal','34333','Reva','Narang',NULL,NULL,'462022','','+919555948813',NULL,'\0',NULL,NULL,NULL,NULL,NULL,1.00,'\0','kriteshsingh.hcltech@gmail.com',3501,'2021-01-10','Awadhpuri Rd, Samanvay Nagar, Awadhpuri','Bhopal','34333','Reva','Narang','462022','','+919555948813',NULL,NULL,'en_US',NULL,'ORDER','paypal-express-checkout','PAYTM','priceByDistance','PROCESSED',384.00,37,117,132,37,117,1),(3402,'H.NO. 55, Piplani Gurudwara Square','Bhopal','HSC','Ritesh','Singh',NULL,NULL,'462022','','+919555948813',NULL,'\0',NULL,NULL,NULL,NULL,NULL,1.00,'\0','kriteshsingh.hcltech@gmail.com',1301,'2021-01-10','H.NO. 55, Piplani Gurudwara Square','Bhopal','HSC','Ritesh','Singh','462022','','+919555948813',NULL,NULL,'en_US',NULL,'ORDER','paypal-express-checkout','PAYTM','priceByDistance','PROCESSED',374.00,37,117,132,37,117,1),(3403,'H.NO. 55, Piplani Gurudwara Square','Bhopal','HSC','Ritesh','Singh',NULL,NULL,'462022','','+919555948813',NULL,'\0',NULL,NULL,NULL,NULL,NULL,1.00,'\0','kriteshsingh.hcltech@gmail.com',1301,'2021-01-10','H.NO. 55, Piplani Gurudwara Square','Bhopal','HSC','Ritesh','Singh','462022','','+919555948813',NULL,NULL,'en_US',NULL,'ORDER','moneyorder','MONEYORDER','priceByDistance','ORDERED',414.00,37,117,132,37,117,1),(3450,'H.NO. 55, Piplani Gurudwara Square','Bhopal','HSC','Ritesh','Singh',NULL,NULL,'462022','','+919555948813',NULL,'\0',NULL,NULL,NULL,NULL,NULL,1.00,'\0','kriteshsingh.hcltech@gmail.com',1301,'2021-01-11','H.NO. 55, Piplani Gurudwara Square','Bhopal','HSC','Ritesh','Singh','462022','','+919555948813',NULL,NULL,'en_US',NULL,'ORDER','paypal-express-checkout','PAYTM','priceByDistance','PROCESSED',339.00,37,117,132,37,117,1),(3451,'H.NO. 55, Piplani Gurudwara Square','Bhopal','HSC','Ritesh','Singh',NULL,NULL,'462022','','+918375940852',NULL,'\0',NULL,NULL,NULL,NULL,NULL,1.00,'\0','kriteshsingh.hcltech@gmail.com',1301,'2021-01-11','H.NO. 55, Piplani Gurudwara Square','Bhopal','HSC','Ritesh','Singh','462022','','+918375940852',NULL,NULL,'en_US',NULL,'ORDER','moneyorder','MONEYORDER','','ORDERED',675.00,37,117,132,37,117,1),(3500,'H.NO. 55, Piplani Gurudwara Square','Bhopal','HSC','Ritesh','Singh',NULL,NULL,'462022','','+918375940852',NULL,'\0',NULL,NULL,NULL,NULL,NULL,1.00,'\0','kriteshsingh.hcltech@gmail.com',1301,'2021-01-13','H.NO. 55, Piplani Gurudwara Square','Bhopal','HSC','Ritesh','Singh','462022','','+918375940852',NULL,NULL,'en_US',NULL,'ORDER','paypal-express-checkout','PAYTM','priceByDistance','PROCESSED',414.00,37,117,132,37,117,1),(3550,'Phase - 2, Sector B, Ayodhya Nagar','Bhopal','B-345','VIDYA','SAGAR',NULL,NULL,'462022','','+918375940852',NULL,'\0',NULL,NULL,NULL,NULL,NULL,1.00,'\0','krsingh081206@gmail.com',3550,'2021-01-16','Phase - 2, Sector B, Ayodhya Nagar','Bhopal','B-345','VIDYA','SAGAR','462022','','+918375940852',NULL,NULL,'en_US',NULL,'ORDER','moneyorder','MONEYORDER','priceByDistance','ORDERED',354.00,37,117,132,37,117,1),(3600,'Piplani Rd, Sector C, Piplani','Bhopal','32','Vinod','Chadha',NULL,NULL,'462022','','+918375940852',NULL,'\0',NULL,NULL,NULL,NULL,NULL,1.00,'\0','kriteshsingh.hcltech@gmail.com',3600,'2021-01-16','Piplani Rd, Sector C, Piplani','Bhopal','32','Vinod','Chadha','462022','','+918375940852',NULL,NULL,'en_US',NULL,'ORDER','moneyorder','MONEYORDER','priceByDistance','ORDERED',376.00,37,117,132,37,117,1),(3601,'Bhel Nagar, Chhattisgarh Colony, Prakash Nagar','Bhopal','Ayodhya ','Arun','Yadav',NULL,NULL,'462041','','+919039710346',NULL,'\0',NULL,NULL,NULL,NULL,NULL,1.00,'\0','arun.yadav92@GMAIL.COM',3601,'2021-01-16','Bhel Nagar, Chhattisgarh Colony, Prakash Nagar','Bhopal','Ayodhya ','Arun','Yadav','462041','','+919039710346',NULL,NULL,'en_US',NULL,'ORDER','moneyorder','MONEYORDER','storePickUp','ORDERED',390.00,37,117,132,37,117,1),(3602,'Sonagiri, Bhopal, Bhopal','Bhopal','Hig 4','Salim','Qureshi',NULL,NULL,'462022','','+919893696983',NULL,'\0',NULL,NULL,NULL,NULL,NULL,1.00,'\0','Salimqureshi220983@gmail.com',3602,'2021-01-16','Sonagiri, Bhopal, Bhopal','Bhopal','Hig 4','Salim','Qureshi','462022','','+919893696983',NULL,NULL,'en_US',NULL,'ORDER','moneyorder','MONEYORDER','priceByDistance','ORDERED',377.00,37,117,132,37,117,1),(3650,'Bharat Nagar, Indrapuri, Bhopal','Bhopal','5677','Agyaat','Naval',NULL,NULL,'462022','','+918375940852',NULL,'\0',NULL,NULL,NULL,NULL,NULL,1.00,'\0','jantameats2209@gmail.com',3650,'2021-01-16','Bharat Nagar, Indrapuri, Bhopal','Bhopal','5677','Agyaat','Naval','462022','','+918375940852',NULL,NULL,'en_US',NULL,'ORDER','moneyorder','MONEYORDER','priceByDistance','ORDERED',348.00,37,117,132,37,117,1),(3700,'A Sector, Sonagiri, Bhopal','Bhopal','Hig 4','Salim','Qureshi',NULL,NULL,'462022','','+918375940852',NULL,'\0',NULL,NULL,NULL,NULL,NULL,1.00,'\0','kriteshsingh.hcltech@gmail.com',3700,'2021-01-24','A Sector, Sonagiri, Bhopal','Bhopal','Hig 4','Salim','Qureshi','462022','','+918375940852',NULL,NULL,'en_US',NULL,'ORDER','paypal-express-checkout','PAYTM','','PROCESSED',700.00,37,117,132,37,117,1),(3750,'A Sector, Sonagiri, Bhopal','Bhopal','H14','Xyz','Musk',NULL,NULL,'462022','','+919555948813',NULL,'\0',NULL,NULL,NULL,NULL,NULL,1.00,'\0','krsingh081206@gmail.com',3750,'2021-01-30','A Sector, Sonagiri, Bhopal','Bhopal','H14','Xyz','Musk','462022','','+919555948813',NULL,NULL,'en_US',NULL,'ORDER','moneyorder','MONEYORDER','priceByDistance','ORDERED',367.00,37,117,132,37,117,1),(3800,'A Sector, Sonagiri, Bhopal','Bhopal','32','QASW','SAQW',NULL,NULL,'462022','','+918375940852',NULL,'\0',NULL,NULL,NULL,NULL,NULL,1.00,'\0','riteshsingh.hcltech@gmail.com',3800,'2021-01-31','A Sector, Sonagiri, Bhopal','Bhopal','32','QASW','SAQW','462022','','+918375940852',NULL,NULL,'en_US',NULL,'ORDER','moneyorder','MONEYORDER','priceByDistance','ORDERED',212.00,37,117,132,37,117,1),(3801,'Gandhi Market, , ','','524B','Aqws','Gcp',NULL,NULL,'462022','','+918375940852',NULL,'\0',NULL,NULL,NULL,NULL,NULL,1.00,'\0','Krsingh081206@gmail.com',3801,'2021-01-31','Gandhi Market, , ','','524B','Aqws','Gcp','462022','','+918375940852',NULL,NULL,'en_US',NULL,'ORDER','paypal-express-checkout','PAYTM','priceByDistance','PROCESSED',118.00,37,117,132,37,117,1),(3850,'Ankur Complex, Main Rd 1, 6 Number Bus Stop','Bhopal','F-24','Akshay','Bhatnagar',NULL,NULL,'462016','','+918375940852',NULL,'\0',NULL,NULL,NULL,NULL,NULL,1.00,'\0','ccshopizer@gmail.com',3850,'2021-01-31','Ankur Complex, Main Rd 1, 6 Number Bus Stop','Bhopal','F-24','Akshay','Bhatnagar','462016','','+918375940852',NULL,NULL,'en_US',NULL,'ORDER','paypal-express-checkout','PAYTM','priceByDistance','PROCESSED',489.00,37,117,132,37,117,1),(3851,'Sector- 9/A Saket Nagar, Habib Ganj, Bhopal','Bhopal','F23','Vindya','Kumar',NULL,NULL,'462024','','+918375940852',NULL,'\0',NULL,NULL,NULL,NULL,NULL,1.00,'\0','krsingh081206@gmail.com',3851,'2021-01-31','Sector- 9/A Saket Nagar, Habib Ganj, Bhopal','Bhopal','F23','Vindya','Kumar','462024','','+918375940852',NULL,NULL,'en_US',NULL,'ORDER','moneyorder','MONEYORDER','priceByDistance','ORDERED',392.00,37,117,132,37,117,1),(3900,'Minal Residency Water Tank - 1, Minal & New Minal Residency, Minal Residency','Bhopal','F35','Digvijay','Kumar',NULL,NULL,'462023','','+918375940852',NULL,'\0',NULL,NULL,NULL,NULL,NULL,1.00,'\0','krsingh081206@gmail.com',3900,'2021-02-03','Minal Residency Water Tank - 1, Minal & New Minal Residency, Minal Residency','Bhopal','F35','Digvijay','Kumar','462023','','+918375940852',NULL,NULL,'en_US',NULL,'ORDER','moneyorder','MONEYORDER','priceByDistance','ORDERED',186.00,37,117,132,37,117,1),(3950,'Minal Complex, JK Rd, Minal Residency','Bhopal','F345','Mini','Kpw',NULL,NULL,'462023','','+919582244441',NULL,'\0',NULL,NULL,NULL,NULL,NULL,1.00,'\0','krsingh081206@gmail.com',3950,'2021-02-04','Minal Complex, JK Rd, Minal Residency','Bhopal','F345','Mini','Kpw','462023','','+919582244441',NULL,NULL,'en_US',NULL,'ORDER','paypal-express-checkout','PAYTM','priceByDistance','PROCESSED',351.00,37,117,132,37,117,1),(4000,'A Sector, Sonagiri, Bhopal','Bhopal','Janta Shop','Salim','Qureshi',NULL,NULL,'462022','','+919555948813',NULL,'\0',NULL,NULL,NULL,NULL,NULL,1.00,'\0','kriteshsingh.hcltech@gmail.com',4000,'2021-02-05','A Sector, Sonagiri, Bhopal','Bhopal','Janta Shop','Salim','Qureshi','462022','','+919555948813',NULL,NULL,'en_US',NULL,'ORDER','moneyorder','MONEYORDER','priceByDistance','ORDERED',187.00,37,117,132,37,117,1),(4001,'A Sector, Sonagiri, Bhopal','Bhopal','HIG 4','Salim','Qureshi',NULL,NULL,'462022','','+919555948813',NULL,'\0',NULL,NULL,NULL,NULL,NULL,1.00,'\0','krsingh081206@gmail.com',4001,'2021-02-05','A Sector, Sonagiri, Bhopal','Bhopal','HIG 4','Salim','Qureshi','462022','','+919555948813',NULL,NULL,'en_US',NULL,'ORDER','paypal-express-checkout','PAYTM','','PROCESSED',1775.00,37,117,132,37,117,1),(4002,'A Sector, Sonagiri, Bhopal','Bhopal','HIG 4','Salim','Qureshi',NULL,NULL,'462022','','+919555948813',NULL,'\0',NULL,NULL,NULL,NULL,NULL,1.00,'\0','krsingh081206@gmail.com',4002,'2021-02-05','A Sector, Sonagiri, Bhopal','Bhopal','HIG 4','Salim','Qureshi','462022','','+919555948813',NULL,NULL,'en_US',NULL,'ORDER','moneyorder','MONEYORDER','','ORDERED',655.00,37,117,132,37,117,1),(4050,'Vrindavan Nagar, Rajeev Nagar, Ayodhya Bypass','Bhopal','F-45','YASH','VERMA',NULL,NULL,'462041','','+919555948813',NULL,'\0',NULL,NULL,NULL,NULL,NULL,1.00,'\0','krsingh081206@gmail.com',4050,'2021-02-13','Vrindavan Nagar, Rajeev Nagar, Ayodhya Bypass','Bhopal','F-45','YASH','VERMA','462041','','+919555948813',NULL,NULL,'en_US',NULL,'ORDER','moneyorder','MONEYORDER','priceByDistance','ORDERED',476.00,37,117,132,37,117,1),(4051,'Indrapuri C sector, Sector C, Indrapuri','Bhopal','F-456','ABHINAV','SAXENA',NULL,NULL,'462022','','+918375940852',NULL,'\0',NULL,NULL,NULL,NULL,NULL,1.00,'\0','krsingh081206@gmail.com',4051,'2021-02-13','Indrapuri C sector, Sector C, Indrapuri','Bhopal','F-456','ABHINAV','SAXENA','462022','','+918375940852',NULL,NULL,'en_US',NULL,'ORDER','moneyorder','MONEYORDER','priceByDistance','ORDERED',401.00,37,117,132,37,117,1),(4100,'Sonagiri, Bhopal, Bhopal','Bhopal','Hig 4','Salim','Qureshi',NULL,NULL,'462022','','+919893696983',NULL,'\0',NULL,NULL,NULL,NULL,NULL,1.00,'\0','Salimqureshi220983@gmail.com',4100,'2021-02-13','Sonagiri, Bhopal, Bhopal','Bhopal','Hig 4','Salim','Qureshi','462022','','+919893696983',NULL,NULL,'en_US',NULL,'ORDER','moneyorder','MONEYORDER','','ORDERED',555.00,37,117,132,37,117,1),(4101,'Sonagiri, Bhopal, Bhopal','Bhopal','Hig 4','Salim','Qureshi',NULL,NULL,'462022','','+919893696983',NULL,'\0',NULL,NULL,NULL,NULL,NULL,1.00,'\0','Salimqureshi220983@gmail.com',4101,'2021-02-13','Sonagiri, Bhopal, Bhopal','Bhopal','Hig 4','Salim','Qureshi','462022','','+919893696983',NULL,NULL,'en_US',NULL,'ORDER','moneyorder','MONEYORDER','priceByDistance','ORDERED',204.00,37,117,132,37,117,1),(4150,'LIG Sector-B, MIG, Sonagiri','Bhopal','456','Gagan','Kumar',NULL,NULL,'462022','','+919960779004',NULL,'\0',NULL,NULL,NULL,NULL,NULL,1.00,'\0','gaganrajkaushal@gmail.com',4150,'2021-02-16','LIG Sector-B, MIG, Sonagiri','Bhopal','456','Gagan','Kumar','462022','','+919960779004',NULL,NULL,'en_US',NULL,'ORDER','moneyorder','MONEYORDER','','ORDERED',675.00,37,117,132,37,117,1),(4200,'Vrindavan Nagar, Rajeev Nagar, Ayodhya Bypass','Bhopal','32','Ritesh','Singh',NULL,NULL,'462041','','+919555948813',NULL,'\0',NULL,NULL,NULL,NULL,NULL,1.00,'\0','krsingh081206@gmail.com',4200,'2021-02-16','Vrindavan Nagar, Rajeev Nagar, Ayodhya Bypass','Bhopal','32','Ritesh','Singh','462041','','+919555948813',NULL,NULL,'en_US',NULL,'ORDER','moneyorder','MONEYORDER','priceByDistance','ORDERED',333.00,37,117,132,37,117,1),(4201,'Phase - 2, Sector B, Ayodhya Nagar','Bhopal','B-345','VIDYA','SAGAR',NULL,NULL,'462022','','+918375940852',NULL,'\0',NULL,NULL,NULL,NULL,NULL,1.00,'\0','krsingh081206@gmail.com',4201,'2021-02-16','Phase - 2, Sector B, Ayodhya Nagar','Bhopal','B-345','VIDYA','SAGAR','462022','','+918375940852',NULL,NULL,'en_US',NULL,'ORDER','moneyorder','MONEYORDER','priceByDistance','ORDERED',218.00,37,117,132,37,117,1),(4250,'Phase - 2, Sector B, Ayodhya Nagar','Bhopal','B-345','VIDYA','SAGAR',NULL,NULL,'462022','','+919555948813',NULL,'\0',NULL,NULL,NULL,NULL,NULL,1.00,'\0','krsingh081206@gmail.com',4250,'2021-02-16','Phase - 2, Sector B, Ayodhya Nagar','Bhopal','B-345','VIDYA','SAGAR','462022','','+919555948813',NULL,NULL,'en_US',NULL,'ORDER','moneyorder','MONEYORDER','priceByDistance','ORDERED',203.00,37,117,132,37,117,1),(4251,'Vrindavan Nagar, Rajeev Nagar, Ayodhya Bypass','Bhopal','F235','Vidya','Shukla',NULL,NULL,'462041','','+919555948813',NULL,'\0',NULL,NULL,NULL,NULL,NULL,1.00,'\0','krsingh081206@gmail.com',4251,'2021-02-16','Vrindavan Nagar, Rajeev Nagar, Ayodhya Bypass','Bhopal','F235','Vidya','Shukla','462041','','+919555948813',NULL,NULL,'en_US',NULL,'ORDER','moneyorder','MONEYORDER','priceByDistance','ORDERED',368.00,37,117,132,37,117,1),(4300,'Abhinav Homes Phase II, Ayodhya Nagar, Bhopal','Bhopal','342','Vinay','Gupta',NULL,NULL,'462041','','+919555948813',NULL,'\0',NULL,NULL,NULL,NULL,NULL,1.00,'\0','krsingh081206@gmail.com',4300,'2021-02-16','Abhinav Homes Phase II, Ayodhya Nagar, Bhopal','Bhopal','342','Vinay','Gupta','462041','','+919555948813',NULL,NULL,'en_US',NULL,'ORDER','moneyorder','MONEYORDER','priceByDistance','ORDERED',227.00,37,117,132,37,117,1),(4301,'Abhinav Homes Phase II, Ayodhya Nagar, Bhopal','Bhopal','32','Vinay','Gupta',NULL,NULL,'462041','','+919555948813',NULL,'\0',NULL,NULL,NULL,NULL,NULL,1.00,'\0','krsingh081206@gmail.com',4301,'2021-02-16','Abhinav Homes Phase II, Ayodhya Nagar, Bhopal','Bhopal','32','Vinay','Gupta','462041','','+919555948813',NULL,NULL,'en_US',NULL,'ORDER','paypal-express-checkout','TEMPPAYTM','priceByDistance','ORDERED',362.00,37,117,132,37,117,1),(4350,'Abhinav Homes Phase 4, ISRO Colony, Ayodhya Nagar','Bhopal','32','Vinay','Gupta',NULL,NULL,'462041','','+919555948813',NULL,'\0',NULL,NULL,NULL,NULL,NULL,1.00,'\0','krsingh081206@gmail.com',4350,'2021-02-16','Abhinav Homes Phase 4, ISRO Colony, Ayodhya Nagar','Bhopal','32','Vinay','Gupta','462041','','+919555948813',NULL,NULL,'en_US',NULL,'ORDER','paypal-express-checkout','PAYTM','','PROCESSED',675.00,37,117,132,37,117,1),(4400,'Berkheda BHEL, Sector A, Berkheda','Bhopal','FIG4','Indeek','Shrivastav',NULL,NULL,'462022','','+918375940852',NULL,'\0',NULL,NULL,NULL,NULL,NULL,1.00,'\0','krsingh081206@gmail.com',4400,'2021-02-17','Berkheda BHEL, Sector A, Berkheda','Bhopal','FIG4','Indeek','Shrivastav','462022','','+918375940852',NULL,NULL,'en_US',NULL,'ORDER','moneyorder','MONEYORDER','priceByDistance','ORDERED',240.00,37,117,132,37,117,1),(4401,'H.NO. 567, Apsara Complex, Sector A, Indrapuri','Bhopal','HSC','NEIL','KHER',NULL,NULL,'462022','','+919555948813',NULL,'\0',NULL,NULL,NULL,NULL,NULL,1.00,'\0','ccshopizer@gmail.com',1950,'2021-02-17','H.NO. 567, Apsara Complex, Sector A, Indrapuri','Bhopal','HSC','NEIL','KHER','462022','','+919555948813',NULL,NULL,'en_US',NULL,'ORDER','moneyorder','MONEYORDER','priceByDistance','ORDERED',395.00,37,117,132,37,117,1),(4402,'H.NO. 567, Apsara Complex, Sector A, Indrapuri','Bhopal','HSC','NEIL','KHER',NULL,NULL,'462022','','+919555948813',NULL,'\0',NULL,NULL,NULL,NULL,NULL,1.00,'\0','ccshopizer@gmail.com',1950,'2021-02-17','H.NO. 567, Apsara Complex, Sector A, Indrapuri','Bhopal','HSC','NEIL','KHER','462022','','+919555948813',NULL,NULL,'en_US',NULL,'ORDER','moneyorder','MONEYORDER','priceByDistance','ORDERED',405.00,37,117,132,37,117,1),(4450,'H.NO. 567, Apsara Complex, Sector A, Indrapuri','Bhopal','HSC','NEIL','KHER',NULL,NULL,'462022','','+919555948813',NULL,'\0',NULL,NULL,NULL,NULL,NULL,1.00,'\0','ccshopizer@gmail.com',1950,'2021-02-18','H.NO. 567, Apsara Complex, Sector A, Indrapuri','Bhopal','HSC','NEIL','KHER','462022','','+919555948813',NULL,NULL,'en_US',NULL,'ORDER','paypal-express-checkout','PAYTM','priceByDistance','PROCESSED',365.00,37,117,132,37,117,1),(4451,'H.NO. 567, Apsara Complex, Sector A, Indrapuri','Bhopal','HSC','NEIL','KHER',NULL,NULL,'462022','','+919555948813',NULL,'\0',NULL,NULL,NULL,NULL,NULL,1.00,'\0','ccshopizer@gmail.com',1950,'2021-02-18','H.NO. 567, Apsara Complex, Sector A, Indrapuri','Bhopal','HSC','NEIL','KHER','462022','','+919555948813',NULL,NULL,'en_US',NULL,'ORDER','paypal-express-checkout','PAYTM','priceByDistance','PROCESSED',365.00,37,117,132,37,117,1),(4500,'H.NO. 567, Apsara Complex, Sector A, Indrapuri','Bhopal','HSC','NEIL','KHER',NULL,NULL,'462022','','+919555948813',NULL,'\0',NULL,NULL,NULL,NULL,NULL,1.00,'\0','ccshopizer@gmail.com',1950,'2021-02-19','H.NO. 567, Apsara Complex, Sector A, Indrapuri','Bhopal','HSC','NEIL','KHER','462022','','+919555948813',NULL,NULL,'en_US',NULL,'ORDER','paypal-express-checkout','PAYTM','','PROCESSED',715.00,37,117,132,37,117,1),(4501,'H.NO. 567, Apsara Complex, Sector A, Indrapuri','Bhopal','HSC','NEIL','KHER',NULL,NULL,'462022','','+919555948813',NULL,'\0',NULL,NULL,NULL,NULL,NULL,1.00,'\0','ccshopizer@gmail.com',1950,'2021-02-19','H.NO. 567, Apsara Complex, Sector A, Indrapuri','Bhopal','HSC','NEIL','KHER','462022','','+919555948813',NULL,NULL,'en_US',NULL,'ORDER','paypal-express-checkout','PAYTM','','PROCESSED',1390.00,37,117,132,37,117,1),(4502,'H.NO. 567, Apsara Complex, Sector A, Indrapuri','Bhopal','HSC','NEIL','KHER',NULL,NULL,'462022','','+919555948813',NULL,'\0',NULL,NULL,NULL,NULL,NULL,1.00,'\0','ccshopizer@gmail.com',1950,'2021-02-19','H.NO. 567, Apsara Complex, Sector A, Indrapuri','Bhopal','HSC','NEIL','KHER','462022','','+919555948813',NULL,NULL,'en_US',NULL,'ORDER','paypal-express-checkout','PAYTM','priceByDistance','PROCESSED',330.00,37,117,132,37,117,1),(4503,'H.NO. 567, Apsara Complex, Sector A, Indrapuri','Bhopal','HSC','NEIL','KHER',NULL,NULL,'462022','','+919555948813',NULL,'\0',NULL,NULL,NULL,NULL,NULL,1.00,'\0','ccshopizer@gmail.com',1950,'2021-02-19','H.NO. 567, Apsara Complex, Sector A, Indrapuri','Bhopal','HSC','NEIL','KHER','462022','','+919555948813',NULL,NULL,'en_US',NULL,'ORDER','paypal-express-checkout','PAYTM','priceByDistance','PROCESSED',365.00,37,117,132,37,117,1),(4550,'H.NO. 567, Apsara Complex, Sector A, Indrapuri','Bhopal','HSC','NEIL','KHER',NULL,NULL,'462022','','+919555948813',NULL,'\0',NULL,NULL,NULL,NULL,NULL,1.00,'\0','ccshopizer@gmail.com',1950,'2021-02-23','H.NO. 567, Apsara Complex, Sector A, Indrapuri','Bhopal','HSC','NEIL','KHER','462022','','+919555948813',NULL,NULL,'en_US',NULL,'ORDER','paypal-express-checkout','PAYTM','','PROCESSED',650.00,37,117,132,37,117,1),(4551,'H.NO. 567, Apsara Complex, Sector A, Indrapuri','Bhopal','HSC','NEIL','KHER',NULL,NULL,'462022','','+919555948813',NULL,'\0',NULL,NULL,NULL,NULL,NULL,1.00,'\0','ccshopizer@gmail.com',1950,'2021-02-23','H.NO. 567, Apsara Complex, Sector A, Indrapuri','Bhopal','HSC','NEIL','KHER','462022','','+919555948813',NULL,NULL,'en_US',NULL,'ORDER','paypal-express-checkout','PAYTM','priceByDistance','PROCESSED',175.00,37,117,132,37,117,1),(4600,'H.NO. 567, Apsara Complex, Sector A, Indrapuri','Bhopal','HSC','NEIL','KHER',NULL,NULL,'462022','','+919555948813',NULL,'\0',NULL,NULL,NULL,NULL,NULL,1.00,'\0','ccshopizer@gmail.com',1950,'2021-02-26','H.NO. 567, Apsara Complex, Sector A, Indrapuri','Bhopal','HSC','NEIL','KHER','462022','','+919555948813',NULL,NULL,'en_US',NULL,'ORDER','paypal-express-checkout','TEMPPAYTM','priceByDistance','ORDERED',210.00,37,117,132,37,117,1),(4601,'H.NO. 55, Piplani Gurudwara Square','Bhopal','HSC','Ritesh','Singh',NULL,NULL,'462022','','+918375940852',NULL,'\0',NULL,NULL,NULL,NULL,NULL,1.00,'\0','kriteshsingh.hcltech@gmail.com',1301,'2021-02-26','H.NO. 55, Piplani Gurudwara Square','Bhopal','HSC','Ritesh','Singh','462022','','+918375940852',NULL,NULL,'en_US',NULL,'ORDER','paypal-express-checkout','PAYTM','priceByDistance','PROCESSED',318.00,37,117,132,37,117,1),(4602,'H.NO. 55, Piplani Gurudwara Square','Bhopal','HSC','Ritesh','Singh',NULL,NULL,'462022','','+918375940852',NULL,'\0',NULL,NULL,NULL,NULL,NULL,1.00,'\0','kriteshsingh.hcltech@gmail.com',1301,'2021-02-26','H.NO. 55, Piplani Gurudwara Square','Bhopal','HSC','Ritesh','Singh','462022','','+918375940852',NULL,NULL,'en_US',NULL,'ORDER','paypal-express-checkout','PAYTM','priceByDistance','PROCESSED',343.00,37,117,132,37,117,1),(4603,'H.No. 55, Abhinav Homes Phase II,Ayodhya Nagar,Bhopal','Bhopal','HSC','Ritesh','Singh',NULL,NULL,'462041','','+919555948813',NULL,'\0',NULL,NULL,NULL,NULL,NULL,1.00,'\0','riteshsingh.hcltech@gmail.com',1250,'2021-02-26','H.No. 55, Abhinav Homes Phase II,Ayodhya Nagar,Bhopal','Bhopal','HSC','Ritesh','Singh','462041','','+919555948813',NULL,NULL,'en_US',NULL,'ORDER','paypal-express-checkout','PAYTM','priceByDistance','PROCESSED',202.00,37,117,132,37,117,1),(4604,'H.No. 55, Abhinav Homes Phase II,Ayodhya Nagar,Bhopal','Bhopal','HSC','Ritesh','Singh',NULL,NULL,'462041','','+919555948813',NULL,'\0',NULL,NULL,NULL,NULL,NULL,1.00,'\0','riteshsingh.hcltech@gmail.com',1250,'2021-02-26','H.No. 55, Abhinav Homes Phase II,Ayodhya Nagar,Bhopal','Bhopal','HSC','Ritesh','Singh','462041','','+919555948813',NULL,NULL,'en_US',NULL,'ORDER','moneyorder','MONEYORDER','priceByDistance','ORDERED',422.00,37,117,132,37,117,1),(4650,'H.NO. 567, Apsara Complex, Sector A, Indrapuri','Bhopal','HSC','NEIL','KHER',NULL,NULL,'462022','','+919555948813',NULL,'\0',NULL,NULL,NULL,NULL,NULL,1.00,'\0','ccshopizer@gmail.com',1950,'2021-02-27','H.NO. 567, Apsara Complex, Sector A, Indrapuri','Bhopal','HSC','NEIL','KHER','462022','','+919555948813',NULL,NULL,'en_US',NULL,'ORDER','paypal-express-checkout','PAYTM','priceByDistance','PROCESSED',175.00,37,117,132,37,117,1),(4651,'H.NO. 567, Apsara Complex, Sector A, Indrapuri','Bhopal','HSC','NEIL','KHER',NULL,NULL,'462022','','+919555948813',NULL,'\0',NULL,NULL,NULL,NULL,NULL,1.00,'\0','ccshopizer@gmail.com',1950,'2021-02-27','H.NO. 567, Apsara Complex, Sector A, Indrapuri','Bhopal','HSC','NEIL','KHER','462022','','+919555948813',NULL,NULL,'en_US',NULL,'ORDER','moneyorder','MONEYORDER','priceByDistance','ORDERED',355.00,37,117,132,37,117,1),(4652,'H.NO. 567, Apsara Complex, Sector A, Indrapuri','Bhopal','HSC','NEIL','KHER',NULL,NULL,'462022','','+919555948813',NULL,'\0',NULL,NULL,NULL,NULL,NULL,1.00,'\0','ccshopizer@gmail.com',1950,'2021-02-27','H.NO. 567, Apsara Complex, Sector A, Indrapuri','Bhopal','HSC','NEIL','KHER','462022','','+919555948813',NULL,NULL,'en_US',NULL,'ORDER','paypal-express-checkout','PAYTM','priceByDistance','PROCESSED',375.00,37,117,132,37,117,1),(4700,'A Sector, Sonagiri, Bhopal','Bhopal','HIG 4','Salim','Qureshi',NULL,NULL,'462022','','+919893696983',NULL,'\0',NULL,NULL,NULL,NULL,NULL,1.00,'\0','krsingh081206@gmail.com',4450,'2021-02-27','A Sector, Sonagiri, Bhopal','Bhopal','HIG 4','Salim','Qureshi','462022','','+919893696983',NULL,NULL,'en_US',NULL,'ORDER','paypal-express-checkout','PAYTM','priceByDistance','PROCESSED',359.00,37,117,132,37,117,1);
/*!40000 ALTER TABLE `orders` ENABLE KEYS */;
UNLOCK TABLES;

--
-- Table structure for table `permission`
--

DROP TABLE IF EXISTS `permission`;
/*!40101 SET @saved_cs_client     = @@character_set_client */;
/*!40101 SET character_set_client = utf8 */;
CREATE TABLE `permission` (
  `PERMISSION_ID` int(11) NOT NULL,
  `DATE_CREATED` datetime DEFAULT NULL,
  `DATE_MODIFIED` datetime DEFAULT NULL,
  `UPDT_ID` varchar(20) DEFAULT NULL,
  `PERMISSION_NAME` varchar(255) NOT NULL,
  PRIMARY KEY (`PERMISSION_ID`),
  UNIQUE KEY `UK_ss26hgwetkj8ms5y5jn2co4j3` (`PERMISSION_NAME`)
) ENGINE=InnoDB DEFAULT CHARSET=utf8;
/*!40101 SET character_set_client = @saved_cs_client */;

--
-- Dumping data for table `permission`
--

LOCK TABLES `permission` WRITE;
/*!40000 ALTER TABLE `permission` DISABLE KEYS */;
INSERT INTO `permission` VALUES (1,'2020-06-02 21:26:34','2020-06-02 21:26:38',NULL,'STORE_ADMIN'),(2,'2020-06-02 21:26:38','2020-06-02 21:26:38',NULL,'SUPERADMIN'),(3,'2020-06-02 21:26:38','2020-06-02 21:26:38',NULL,'ADMIN'),(4,'2020-06-02 21:26:38','2020-06-02 21:26:38',NULL,'AUTH'),(5,'2020-06-02 21:26:38','2020-06-02 21:26:38',NULL,'PRODUCTS'),(6,'2020-06-02 21:26:38','2020-06-02 21:26:38',NULL,'ORDER'),(7,'2020-06-02 21:26:38','2020-06-02 21:26:38',NULL,'CONTENT'),(8,'2020-06-02 21:26:38','2020-06-02 21:26:38',NULL,'STORE'),(9,'2020-06-02 21:26:38','2020-06-02 21:26:38',NULL,'TAX'),(10,'2020-06-02 21:26:38','2020-06-02 21:26:38',NULL,'PAYMENT'),(11,'2020-06-02 21:26:38','2020-06-02 21:26:38',NULL,'CUSTOMER'),(12,'2020-06-02 21:26:38','2020-06-02 21:26:38',NULL,'SHIPPING'),(13,'2020-06-02 21:26:38','2020-06-02 21:26:38',NULL,'AUTH_CUSTOMER');
/*!40000 ALTER TABLE `permission` ENABLE KEYS */;
UNLOCK TABLES;

--
-- Table structure for table `permission_group`
--

DROP TABLE IF EXISTS `permission_group`;
/*!40101 SET @saved_cs_client     = @@character_set_client */;
/*!40101 SET character_set_client = utf8 */;
CREATE TABLE `permission_group` (
  `PERMISSION_ID` int(11) NOT NULL,
  `GROUP_ID` int(11) NOT NULL,
  KEY `FKr7ylutdgqp1nrlbhjwit6y17g` (`GROUP_ID`),
  KEY `FK77ly3khyuu40odly02d351s84` (`PERMISSION_ID`),
  CONSTRAINT `FK77ly3khyuu40odly02d351s84` FOREIGN KEY (`PERMISSION_ID`) REFERENCES `permission` (`PERMISSION_ID`),
  CONSTRAINT `FKr7ylutdgqp1nrlbhjwit6y17g` FOREIGN KEY (`GROUP_ID`) REFERENCES `sm_group` (`GROUP_ID`)
) ENGINE=InnoDB DEFAULT CHARSET=utf8;
/*!40101 SET character_set_client = @saved_cs_client */;

--
-- Dumping data for table `permission_group`
--

LOCK TABLES `permission_group` WRITE;
/*!40000 ALTER TABLE `permission_group` DISABLE KEYS */;
INSERT INTO `permission_group` VALUES (1,1),(1,2),(1,3),(2,1),(3,1),(3,2),(3,3),(4,1),(4,2),(4,4),(4,5),(4,6),(4,3),(5,1),(5,2),(5,4),(5,3),(6,1),(6,2),(6,6),(6,3),(7,1),(7,2),(7,7),(7,3),(8,1),(8,2),(8,5),(8,3),(9,1),(9,2),(9,5),(9,3),(10,1),(10,2),(10,5),(10,3),(11,1),(11,2),(11,5),(11,3),(12,1),(12,2),(12,5),(12,3),(13,8);
/*!40000 ALTER TABLE `permission_group` ENABLE KEYS */;
UNLOCK TABLES;

--
-- Table structure for table `product`
--

DROP TABLE IF EXISTS `product`;
/*!40101 SET @saved_cs_client     = @@character_set_client */;
/*!40101 SET character_set_client = utf8 */;
CREATE TABLE `product` (
  `PRODUCT_ID` bigint(20) NOT NULL,
  `DATE_CREATED` datetime DEFAULT NULL,
  `DATE_MODIFIED` datetime DEFAULT NULL,
  `UPDT_ID` varchar(20) DEFAULT NULL,
  `AVAILABLE` bit(1) DEFAULT NULL,
  `COND` int(11) DEFAULT NULL,
  `DATE_AVAILABLE` datetime DEFAULT NULL,
  `PREORDER` bit(1) DEFAULT NULL,
  `PRODUCT_HEIGHT` decimal(19,2) DEFAULT NULL,
  `PRODUCT_FREE` bit(1) DEFAULT NULL,
  `PRODUCT_LENGTH` decimal(19,2) DEFAULT NULL,
  `QUANTITY_ORDERED` int(11) DEFAULT NULL,
  `REVIEW_AVG` decimal(19,2) DEFAULT NULL,
  `REVIEW_COUNT` int(11) DEFAULT NULL,
  `PRODUCT_SHIP` bit(1) DEFAULT NULL,
  `PRODUCT_VIRTUAL` bit(1) DEFAULT NULL,
  `PRODUCT_WEIGHT` decimal(19,2) DEFAULT NULL,
  `PRODUCT_WIDTH` decimal(19,2) DEFAULT NULL,
  `REF_SKU` varchar(255) DEFAULT NULL,
  `RENTAL_DURATION` int(11) DEFAULT NULL,
  `RENTAL_PERIOD` int(11) DEFAULT NULL,
  `RENTAL_STATUS` int(11) DEFAULT NULL,
  `SKU` varchar(255) NOT NULL,
  `SORT_ORDER` int(11) DEFAULT NULL,
  `MANUFACTURER_ID` bigint(20) DEFAULT NULL,
  `MERCHANT_ID` int(11) NOT NULL,
  `CUSTOMER_ID` bigint(20) DEFAULT NULL,
  `TAX_CLASS_ID` bigint(20) DEFAULT NULL,
  `PRODUCT_TYPE_ID` bigint(20) DEFAULT NULL,
  PRIMARY KEY (`PRODUCT_ID`),
  UNIQUE KEY `UKs8ofsn9pehdrstjg52j5qabxh` (`MERCHANT_ID`,`SKU`),
  KEY `FKra5mmrdxn3ci86hod7q1u3vu9` (`MANUFACTURER_ID`),
  KEY `FKqtt5f0aht5h7ough5rbkkcb33` (`CUSTOMER_ID`),
  KEY `FKb8oqtc3j8sqo0t8xdrne7pg69` (`TAX_CLASS_ID`),
  KEY `FKeiirvj8eu40h103fth8es1mt0` (`PRODUCT_TYPE_ID`),
  CONSTRAINT `FKb8oqtc3j8sqo0t8xdrne7pg69` FOREIGN KEY (`TAX_CLASS_ID`) REFERENCES `tax_class` (`TAX_CLASS_ID`),
  CONSTRAINT `FKeiirvj8eu40h103fth8es1mt0` FOREIGN KEY (`PRODUCT_TYPE_ID`) REFERENCES `product_type` (`PRODUCT_TYPE_ID`),
  CONSTRAINT `FKhhoq1nd9e0i4m7rt8gkh7d67h` FOREIGN KEY (`MERCHANT_ID`) REFERENCES `merchant_store` (`MERCHANT_ID`),
  CONSTRAINT `FKqtt5f0aht5h7ough5rbkkcb33` FOREIGN KEY (`CUSTOMER_ID`) REFERENCES `customer` (`CUSTOMER_ID`),
  CONSTRAINT `FKra5mmrdxn3ci86hod7q1u3vu9` FOREIGN KEY (`MANUFACTURER_ID`) REFERENCES `manufacturer` (`MANUFACTURER_ID`)
) ENGINE=InnoDB DEFAULT CHARSET=utf8;
/*!40101 SET character_set_client = @saved_cs_client */;

--
-- Dumping data for table `product`
--

LOCK TABLES `product` WRITE;
/*!40000 ALTER TABLE `product` DISABLE KEYS */;
INSERT INTO `product` VALUES (1,'2019-03-06 22:03:30','2020-12-20 21:42:39','admin','',NULL,'2019-03-06 00:00:00','\0',20.00,'\0',4.00,NULL,0.00,0,'','\0',1.00,30.00,'NK071',0,0,NULL,'NK071',8,52,1,NULL,1,1),(2,'2019-03-06 22:03:31','2020-06-04 14:59:15','admin','',NULL,'2019-03-06 00:00:00','\0',17.00,'\0',4.00,NULL,0.00,0,'','\0',1.00,28.00,'NK125',0,0,NULL,'NK125',2,52,1,NULL,1,1),(3,'2019-03-06 22:03:31','2020-09-30 18:09:07','admin','',NULL,'2019-03-06 00:00:00','\0',20.00,'\0',4.00,NULL,0.00,0,'','\0',1.00,30.00,'NK089',0,0,NULL,'NK089',3,52,1,NULL,1,1),(4,'2019-03-06 22:03:31','2020-08-26 11:38:33','admin','',NULL,'2019-03-06 00:00:00','\0',17.00,'\0',4.00,NULL,0.00,0,'','\0',1.00,28.00,'NK035',0,0,NULL,'NK035',1,54,1,NULL,1,1),(5,'2019-03-06 22:03:31','2020-03-13 10:37:13','admin','',NULL,'2019-03-06 00:00:00','\0',18.00,'\0',5.00,NULL,0.00,0,'','\0',1.00,29.00,'NK028',0,0,NULL,'NK028',2,52,1,NULL,1,1),(6,'2019-03-06 22:03:31','2020-10-03 19:14:22','admin','',NULL,'2019-03-06 00:00:00','\0',19.00,'\0',4.00,NULL,0.00,0,'','\0',1.00,27.00,'NK033',0,0,NULL,'NK033',5,52,1,NULL,1,1),(7,'2019-03-06 22:03:31','2020-10-03 00:10:30','admin','',NULL,'2019-03-06 00:00:00','\0',20.00,'\0',8.00,NULL,0.00,0,'','\0',1.00,30.00,'NK095',0,0,NULL,'NK095',4,54,1,NULL,1,1),(8,'2019-03-06 22:03:31','2020-12-20 21:39:31','admin','\0',NULL,'2019-03-06 00:00:00','\0',18.00,'\0',4.00,NULL,0.00,0,'','\0',2.00,20.00,'NK124',0,0,NULL,'NK124',3,52,1,NULL,1,1),(9,'2019-03-06 22:03:31','2020-03-13 10:40:44','admin','',NULL,'2019-03-06 00:00:00','\0',17.00,'\0',5.00,NULL,0.00,0,'','\0',2.00,28.00,'NK019',0,0,NULL,'NK019',4,55,1,NULL,1,1),(10,'2019-03-06 22:03:31','2020-03-13 10:28:55','admin','',NULL,'2019-03-06 00:00:00','\0',18.00,'\0',10.00,NULL,0.00,0,'','\0',2.00,22.00,'NK022',0,0,NULL,'NK022',0,55,1,NULL,1,1),(50,'2020-06-03 21:17:26','2020-10-01 15:50:45',NULL,'',NULL,'2020-06-03 21:17:26','\0',NULL,'\0',NULL,NULL,NULL,NULL,'','\0',NULL,NULL,'',NULL,NULL,NULL,'SKU12345',0,55,1,NULL,1,1),(100,'2020-06-04 19:51:39','2020-12-20 21:38:23',NULL,'\0',NULL,'2020-06-04 00:00:00','\0',NULL,'\0',NULL,NULL,NULL,NULL,'','\0',NULL,NULL,'SKU67897',NULL,NULL,NULL,'SKU67897',0,52,1,NULL,1,1),(150,'2020-09-14 23:04:55','2021-02-27 14:32:43',NULL,'',NULL,'2020-09-14 00:00:00','\0',0.00,'\0',0.00,NULL,4.00,1,'','\0',0.00,0.00,'JM1001',NULL,NULL,NULL,'JM1001',0,100,1,NULL,1,1),(200,'2020-10-04 11:21:25','2021-01-02 00:29:19',NULL,'',NULL,'2020-10-04 00:00:00','\0',0.00,'\0',0.00,NULL,NULL,NULL,'','\0',0.00,0.00,'HR_001',NULL,NULL,NULL,'HR_001',0,100,1,NULL,1,1),(250,'2020-09-14 23:04:55','2021-02-26 10:27:48',NULL,'',NULL,'2020-09-14 00:00:00','\0',0.00,'\0',0.00,NULL,4.50,1,'','\0',0.00,0.00,'JM1002',NULL,NULL,NULL,'JM1002',0,100,1,NULL,1,1),(251,'2020-09-14 23:04:55','2021-02-19 08:42:32',NULL,'',NULL,'2020-09-14 00:00:00','\0',0.00,'\0',0.00,NULL,NULL,NULL,'','\0',0.00,0.00,'JM1003',NULL,NULL,NULL,'JM1003',0,100,1,NULL,1,1),(252,'2020-09-14 23:04:55','2021-02-27 09:08:14',NULL,'',NULL,'2020-09-14 00:00:00','\0',0.00,'\0',0.00,NULL,NULL,NULL,'','\0',0.00,0.00,'JM1004',NULL,NULL,NULL,'JM1004',0,100,1,NULL,1,1),(253,'2020-09-14 23:04:55','2021-02-27 09:02:59',NULL,'',NULL,'2020-09-14 00:00:00','\0',0.00,'\0',0.00,NULL,NULL,NULL,'','\0',0.00,0.00,'JM1005',NULL,NULL,NULL,'JM1005',0,100,1,NULL,1,1),(254,'2020-09-14 23:04:55','2021-02-26 11:18:26',NULL,'',NULL,'2020-09-14 00:00:00','\0',0.00,'\0',0.00,NULL,NULL,NULL,'','\0',0.00,0.00,'JM1006',NULL,NULL,NULL,'JM1006',0,100,1,NULL,1,1),(255,'2020-09-14 23:04:55','2021-02-17 17:21:04',NULL,'',NULL,'2020-09-14 00:00:00','\0',0.00,'\0',0.00,NULL,NULL,NULL,'','\0',0.00,0.00,'JM1008',NULL,NULL,NULL,'JM1007',0,100,1,NULL,1,1),(256,'2020-09-14 23:04:55','2021-01-03 15:57:39',NULL,'',NULL,'2020-09-14 00:00:00','\0',0.00,'\0',0.00,NULL,NULL,NULL,'','\0',0.00,0.00,'JM1008',NULL,NULL,NULL,'JM1008',0,100,1,NULL,1,1),(257,'2020-09-14 23:04:55','2021-02-26 11:07:40',NULL,'',NULL,'2020-09-14 00:00:00','\0',0.00,'\0',0.00,NULL,NULL,NULL,'','\0',0.00,0.00,'JM2001',NULL,NULL,NULL,'JM2001',0,100,1,NULL,1,1),(258,'2020-09-14 23:04:55','2021-01-03 16:36:18',NULL,'\0',NULL,'2020-09-14 00:00:00','\0',0.00,'\0',0.00,NULL,NULL,NULL,'','\0',0.00,0.00,'',NULL,NULL,NULL,'890d0351966145c5aa20e5a1def1a171',0,100,1,NULL,1,1),(350,'2021-01-03 16:50:04','2021-02-23 17:36:25',NULL,'',NULL,'2021-01-03 00:00:00','\0',0.00,'\0',0.00,NULL,NULL,NULL,'','\0',0.00,0.00,'JM2002',NULL,NULL,NULL,'JM2002',0,100,1,NULL,1,1),(351,'2021-01-03 16:50:04','2021-02-17 17:29:30',NULL,'',NULL,'2021-01-03 00:00:00','\0',0.00,'\0',0.00,NULL,NULL,NULL,'','\0',0.00,0.00,'JM2003',NULL,NULL,NULL,'JM2003',0,100,1,NULL,1,1),(352,'2021-01-03 16:50:04','2021-02-23 17:38:23',NULL,'',NULL,'2021-01-03 00:00:00','\0',0.00,'\0',0.00,NULL,NULL,NULL,'','\0',0.00,0.00,'JM2004',NULL,NULL,NULL,'JM2004',0,100,1,NULL,1,1),(353,'2021-01-03 16:50:04','2021-02-26 11:10:21',NULL,'',NULL,'2021-01-03 00:00:00','\0',0.00,'\0',0.00,NULL,NULL,NULL,'','\0',0.00,0.00,'JM2005',NULL,NULL,NULL,'JM2005',0,100,1,NULL,1,1),(354,'2021-01-03 16:50:04','2021-02-26 11:15:07',NULL,'',NULL,'2021-01-03 00:00:00','\0',0.00,'\0',0.00,NULL,NULL,NULL,'','\0',0.00,0.00,'JM2006',NULL,NULL,NULL,'JM2006',0,100,1,NULL,1,1),(355,'2021-01-03 16:50:04','2021-02-27 09:06:22',NULL,'',NULL,'2021-01-03 00:00:00','\0',0.00,'\0',0.00,NULL,NULL,NULL,'','\0',0.00,0.00,'JM2007',NULL,NULL,NULL,'JM2007',0,100,1,NULL,1,1),(356,'2021-01-03 16:50:04','2021-01-16 11:18:32',NULL,'',NULL,'2021-01-03 00:00:00','\0',0.00,'\0',0.00,NULL,NULL,NULL,'','\0',0.00,0.00,'JM2008',NULL,NULL,NULL,'JM2008',0,100,1,NULL,1,1),(357,'2021-01-03 16:50:04','2021-02-05 10:13:17',NULL,'',NULL,'2021-01-03 00:00:00','\0',0.00,'\0',0.00,NULL,NULL,NULL,'','\0',0.00,0.00,'JM2009',NULL,NULL,NULL,'JM2009',0,100,1,NULL,1,1);
/*!40000 ALTER TABLE `product` ENABLE KEYS */;
UNLOCK TABLES;

--
-- Table structure for table `product_attribute`
--

DROP TABLE IF EXISTS `product_attribute`;
/*!40101 SET @saved_cs_client     = @@character_set_client */;
/*!40101 SET character_set_client = utf8 */;
CREATE TABLE `product_attribute` (
  `PRODUCT_ATTRIBUTE_ID` bigint(20) NOT NULL,
  `PRODUCT_ATTRIBUTE_DEFAULT` bit(1) DEFAULT NULL,
  `PRODUCT_ATTRIBUTE_DISCOUNTED` bit(1) DEFAULT NULL,
  `PRODUCT_ATTRIBUTE_FOR_DISP` bit(1) DEFAULT NULL,
  `PRODUCT_ATTRIBUTE_REQUIRED` bit(1) DEFAULT NULL,
  `PRODUCT_ATTRIBUTE_FREE` bit(1) DEFAULT NULL,
  `PRODUCT_ATRIBUTE_PRICE` decimal(19,2) DEFAULT NULL,
  `PRODUCT_ATTRIBUTE_WEIGHT` decimal(19,2) DEFAULT NULL,
  `PRODUCT_ATTRIBUTE_SORT_ORD` int(11) DEFAULT NULL,
  `PRODUCT_ID` bigint(20) NOT NULL,
  `OPTION_ID` bigint(20) NOT NULL,
  `OPTION_VALUE_ID` bigint(20) NOT NULL,
  PRIMARY KEY (`PRODUCT_ATTRIBUTE_ID`),
  UNIQUE KEY `UKo0c6cfxcfejwfa2877gfgpuco` (`OPTION_ID`,`OPTION_VALUE_ID`,`PRODUCT_ID`),
  KEY `FKml3nvemdjya159a7669qt1gjd` (`PRODUCT_ID`),
  KEY `FK3rleultg9fn2dxruefbb18d5t` (`OPTION_VALUE_ID`),
  CONSTRAINT `FK2st60u9twmvvaowwn88mt3lrx` FOREIGN KEY (`OPTION_ID`) REFERENCES `product_option` (`PRODUCT_OPTION_ID`),
  CONSTRAINT `FK3rleultg9fn2dxruefbb18d5t` FOREIGN KEY (`OPTION_VALUE_ID`) REFERENCES `product_option_value` (`PRODUCT_OPTION_VALUE_ID`),
  CONSTRAINT `FKml3nvemdjya159a7669qt1gjd` FOREIGN KEY (`PRODUCT_ID`) REFERENCES `product` (`PRODUCT_ID`)
) ENGINE=InnoDB DEFAULT CHARSET=utf8;
/*!40101 SET character_set_client = @saved_cs_client */;

--
-- Dumping data for table `product_attribute`
--

LOCK TABLES `product_attribute` WRITE;
/*!40000 ALTER TABLE `product_attribute` DISABLE KEYS */;
INSERT INTO `product_attribute` VALUES (1,'','\0','\0','','\0',40.00,0.00,0,8,1,1),(2,'\0','\0','\0','\0','\0',50.00,0.00,0,8,1,2),(50,'','\0','\0','\0','\0',120.00,0.00,0,100,50,50),(51,'\0','\0','\0','\0','\0',150.00,0.00,0,100,50,51),(52,'','\0','\0','','\0',0.00,0.00,0,100,51,52),(53,'\0','\0','\0','','\0',0.00,0.00,0,100,51,53),(100,'','\0','\0','','\0',75.00,0.00,0,150,100,100),(101,'\0','\0','\0','','\0',250.00,500.00,0,150,100,101),(102,'\0','\0','\0','','\0',575.00,1500.00,0,150,100,102),(150,'\0','\0','\0','','\0',70.00,500.00,0,200,100,101),(151,'\0','\0','\0','','\0',120.00,0.00,0,200,100,102),(200,'','\0','\0','','\0',15.00,0.00,0,200,100,100),(250,'','\0','\0','','\0',75.00,0.00,0,250,100,100),(251,'\0','\0','\0','','\0',270.00,500.00,0,250,100,101),(252,'\0','\0','\0','','\0',595.00,1500.00,0,250,100,102),(253,'','\0','\0','','\0',75.00,0.00,0,251,100,100),(254,'\0','\0','\0','','\0',250.00,500.00,0,251,100,101),(255,'\0','\0','\0','','\0',575.00,1500.00,0,251,100,102),(256,'','\0','\0','','\0',95.00,0.00,0,252,100,100),(257,'\0','\0','\0','','\0',180.00,500.00,0,252,100,101),(258,'\0','\0','\0','','\0',360.00,1500.00,0,252,100,102),(259,'','\0','\0','','\0',15.00,0.00,0,253,100,100),(260,'\0','\0','\0','','\0',85.00,500.00,0,253,100,101),(261,'\0','\0','\0','','\0',240.00,1500.00,0,253,100,102),(262,'','\0','\0','','\0',5.00,0.00,0,254,100,100),(263,'\0','\0','\0','','\0',105.00,500.00,0,254,100,101),(264,'\0','\0','\0','','\0',300.00,1500.00,0,254,100,102),(265,'\0','\0','\0','','\0',110.00,500.00,0,255,100,101),(266,'\0','\0','\0','','\0',305.00,1500.00,0,255,100,102),(267,'','\0','\0','','\0',15.00,0.00,0,255,100,100),(268,'\0','\0','\0','','\0',105.00,500.00,0,256,100,101),(269,'\0','\0','\0','','\0',300.00,1500.00,0,256,100,102),(270,'','\0','\0','','\0',5.00,0.00,0,256,100,100),(271,'\0','\0','\0','','\0',210.00,500.00,0,257,100,101),(272,'\0','\0','\0','','\0',550.00,1500.00,0,257,100,102),(273,'','\0','\0','','\0',50.00,0.00,0,257,100,100),(274,'\0','\0','\0','','\0',210.00,500.00,0,258,100,101),(275,'\0','\0','\0','','\0',550.00,1500.00,0,258,100,102),(276,'','\0','\0','','\0',50.00,0.00,0,258,100,100),(300,'','\0','\0','','\0',20.00,0.00,0,350,100,100),(301,'\0','\0','\0','','\0',160.00,500.00,0,350,100,101),(302,'\0','\0','\0','','\0',450.00,1500.00,0,350,100,102),(303,'','\0','\0','','\0',20.00,0.00,0,351,100,100),(304,'\0','\0','\0','','\0',190.00,500.00,0,351,100,101),(305,'\0','\0','\0','','\0',490.00,1500.00,0,351,100,102),(306,'','\0','\0','','\0',0.00,0.00,0,352,100,100),(307,'\0','\0','\0','','\0',90.00,500.00,0,352,100,101),(308,'\0','\0','\0','','\0',250.00,1500.00,0,352,100,102),(309,'','\0','\0','','\0',0.00,0.00,0,353,100,100),(310,'\0','\0','\0','','\0',90.00,500.00,0,353,100,101),(311,'\0','\0','\0','','\0',250.00,1500.00,0,353,100,102),(312,'\0','\0','\0','','\0',250.00,1500.00,0,354,100,102),(313,'','\0','\0','','\0',0.00,0.00,0,354,100,100),(314,'\0','\0','\0','','\0',90.00,500.00,0,354,100,101),(315,'\0','\0','\0','','\0',250.00,1500.00,0,355,100,102),(316,'','\0','\0','','\0',0.00,0.00,0,355,100,100),(317,'\0','\0','\0','','\0',90.00,500.00,0,355,100,101),(318,'\0','\0','\0','','\0',250.00,1500.00,0,356,100,102),(319,'','\0','\0','','\0',0.00,0.00,0,356,100,100),(320,'\0','\0','\0','','\0',90.00,500.00,0,356,100,101),(321,'\0','\0','\0','','\0',520.00,1500.00,0,357,100,102),(322,'','\0','\0','','\0',0.00,0.00,0,357,100,100),(323,'\0','\0','\0','','\0',175.00,500.00,0,357,100,101);
/*!40000 ALTER TABLE `product_attribute` ENABLE KEYS */;
UNLOCK TABLES;

--
-- Table structure for table `product_availability`
--

DROP TABLE IF EXISTS `product_availability`;
/*!40101 SET @saved_cs_client     = @@character_set_client */;
/*!40101 SET character_set_client = utf8 */;
CREATE TABLE `product_availability` (
  `PRODUCT_AVAIL_ID` bigint(20) NOT NULL,
  `DATE_CREATED` datetime DEFAULT NULL,
  `DATE_MODIFIED` datetime DEFAULT NULL,
  `UPDT_ID` varchar(20) DEFAULT NULL,
  `AVAILABLE` bit(1) DEFAULT NULL,
  `OWNER` varchar(255) DEFAULT NULL,
  `DATE_AVAILABLE` date DEFAULT NULL,
  `FREE_SHIPPING` bit(1) DEFAULT NULL,
  `QUANTITY` int(11) NOT NULL,
  `QUANTITY_ORD_MAX` int(11) DEFAULT NULL,
  `QUANTITY_ORD_MIN` int(11) DEFAULT NULL,
  `STATUS` bit(1) DEFAULT NULL,
  `REGION` varchar(255) DEFAULT NULL,
  `REGION_VARIANT` varchar(255) DEFAULT NULL,
  `MERCHANT_ID` int(11) DEFAULT NULL,
  `PRODUCT_ID` bigint(20) NOT NULL,
  PRIMARY KEY (`PRODUCT_AVAIL_ID`),
  KEY `FKmjs1xqdsgji88j5uduj83bntl` (`MERCHANT_ID`),
  KEY `FK5sbh4dx25pmjcqx958hr9ys8h` (`PRODUCT_ID`),
  CONSTRAINT `FK5sbh4dx25pmjcqx958hr9ys8h` FOREIGN KEY (`PRODUCT_ID`) REFERENCES `product` (`PRODUCT_ID`),
  CONSTRAINT `FKmjs1xqdsgji88j5uduj83bntl` FOREIGN KEY (`MERCHANT_ID`) REFERENCES `merchant_store` (`MERCHANT_ID`)
) ENGINE=InnoDB DEFAULT CHARSET=utf8;
/*!40101 SET character_set_client = @saved_cs_client */;

--
-- Dumping data for table `product_availability`
--

LOCK TABLES `product_availability` WRITE;
/*!40000 ALTER TABLE `product_availability` DISABLE KEYS */;
INSERT INTO `product_availability` VALUES (1,NULL,NULL,NULL,NULL,NULL,NULL,'\0',3,1,1,'','*',NULL,NULL,1),(2,NULL,NULL,NULL,NULL,NULL,NULL,'\0',9,1,1,'','*',NULL,NULL,2),(3,NULL,NULL,NULL,NULL,NULL,NULL,'\0',94,1,1,'','*',NULL,NULL,3),(4,NULL,NULL,NULL,NULL,NULL,NULL,'\0',0,1,1,'','*',NULL,NULL,4),(5,NULL,NULL,NULL,NULL,NULL,NULL,'\0',9,1,1,'','*',NULL,NULL,5),(6,NULL,NULL,NULL,NULL,NULL,NULL,'\0',7,1,1,'','*',NULL,NULL,6),(7,NULL,NULL,NULL,NULL,NULL,NULL,'\0',9,1,1,'','*',NULL,NULL,7),(8,NULL,NULL,NULL,NULL,NULL,NULL,'\0',19,1,1,'','*',NULL,NULL,8),(9,NULL,NULL,NULL,NULL,NULL,NULL,'\0',15,1,1,'','*',NULL,NULL,9),(10,NULL,NULL,NULL,NULL,NULL,NULL,'\0',25,1,1,'','*',NULL,NULL,10),(50,NULL,NULL,NULL,NULL,NULL,NULL,'\0',5,2,1,'','*',NULL,NULL,50),(100,NULL,NULL,NULL,NULL,NULL,NULL,'\0',9,12,1,'','*',NULL,NULL,100),(150,NULL,NULL,NULL,NULL,NULL,NULL,'\0',981,100,1,'','*',NULL,NULL,150),(200,NULL,NULL,NULL,NULL,NULL,NULL,'\0',91,2,1,'','*',NULL,NULL,200),(250,NULL,NULL,NULL,NULL,NULL,NULL,'\0',983,100,1,'','*',NULL,NULL,250),(251,NULL,NULL,NULL,NULL,NULL,NULL,'\0',993,100,1,'','*',NULL,NULL,251),(252,NULL,NULL,NULL,NULL,NULL,NULL,'\0',991,100,1,'','*',NULL,NULL,252),(253,NULL,NULL,NULL,NULL,NULL,NULL,'\0',995,100,1,'','*',NULL,NULL,253),(254,NULL,NULL,NULL,NULL,NULL,NULL,'\0',995,100,1,'','*',NULL,NULL,254),(255,NULL,NULL,NULL,NULL,NULL,NULL,'\0',995,100,1,'','*',NULL,NULL,255),(256,NULL,NULL,NULL,NULL,NULL,NULL,'\0',996,100,1,'','*',NULL,NULL,256),(257,NULL,NULL,NULL,NULL,NULL,NULL,'\0',995,100,1,'','*',NULL,NULL,257),(258,NULL,NULL,NULL,NULL,NULL,NULL,'\0',997,100,1,'','*',NULL,NULL,258),(350,NULL,NULL,NULL,NULL,NULL,NULL,'\0',999,10,1,'','*',NULL,NULL,350),(351,NULL,NULL,NULL,NULL,NULL,NULL,'\0',998,10,1,'','*',NULL,NULL,351),(352,NULL,NULL,NULL,NULL,NULL,NULL,'\0',999,10,1,'','*',NULL,NULL,352),(353,NULL,NULL,NULL,NULL,NULL,NULL,'\0',999,10,1,'','*',NULL,NULL,353),(354,NULL,NULL,NULL,NULL,NULL,NULL,'\0',996,10,1,'','*',NULL,NULL,354),(355,NULL,NULL,NULL,NULL,NULL,NULL,'\0',998,10,1,'','*',NULL,NULL,355),(356,NULL,NULL,NULL,NULL,NULL,NULL,'\0',999,10,1,'','*',NULL,NULL,356),(357,NULL,NULL,NULL,NULL,NULL,NULL,'\0',993,10,1,'','*',NULL,NULL,357);
/*!40000 ALTER TABLE `product_availability` ENABLE KEYS */;
UNLOCK TABLES;

--
-- Table structure for table `product_category`
--

DROP TABLE IF EXISTS `product_category`;
/*!40101 SET @saved_cs_client     = @@character_set_client */;
/*!40101 SET character_set_client = utf8 */;
CREATE TABLE `product_category` (
  `PRODUCT_ID` bigint(20) NOT NULL,
  `CATEGORY_ID` bigint(20) NOT NULL,
  PRIMARY KEY (`PRODUCT_ID`,`CATEGORY_ID`),
  KEY `FK3xw1sbaa29r534jvedimdd7md` (`CATEGORY_ID`),
  CONSTRAINT `FK3xw1sbaa29r534jvedimdd7md` FOREIGN KEY (`CATEGORY_ID`) REFERENCES `category` (`CATEGORY_ID`),
  CONSTRAINT `FKa7245ly271mb0crlhxwhhppsq` FOREIGN KEY (`PRODUCT_ID`) REFERENCES `product` (`PRODUCT_ID`)
) ENGINE=InnoDB DEFAULT CHARSET=utf8;
/*!40101 SET character_set_client = @saved_cs_client */;

--
-- Dumping data for table `product_category`
--

LOCK TABLES `product_category` WRITE;
/*!40000 ALTER TABLE `product_category` DISABLE KEYS */;
INSERT INTO `product_category` VALUES (1,1),(2,2),(3,2),(4,2),(5,2),(6,4),(7,1),(8,3),(9,2),(10,2),(50,2),(100,4),(100,50),(150,250),(200,200),(250,250),(251,250),(252,250),(253,250),(254,250),(255,250),(256,250),(257,300),(258,300),(350,300),(351,300),(352,300),(353,300),(354,300),(355,300),(356,300),(357,300);
/*!40000 ALTER TABLE `product_category` ENABLE KEYS */;
UNLOCK TABLES;

--
-- Table structure for table `product_description`
--

DROP TABLE IF EXISTS `product_description`;
/*!40101 SET @saved_cs_client     = @@character_set_client */;
/*!40101 SET character_set_client = utf8 */;
CREATE TABLE `product_description` (
  `DESCRIPTION_ID` bigint(20) NOT NULL,
  `DATE_CREATED` datetime DEFAULT NULL,
  `DATE_MODIFIED` datetime DEFAULT NULL,
  `UPDT_ID` varchar(20) DEFAULT NULL,
  `DESCRIPTION` longtext DEFAULT NULL,
  `NAME` varchar(120) NOT NULL,
  `TITLE` varchar(100) DEFAULT NULL,
  `META_DESCRIPTION` varchar(255) DEFAULT NULL,
  `META_KEYWORDS` varchar(255) DEFAULT NULL,
  `META_TITLE` varchar(255) DEFAULT NULL,
  `DOWNLOAD_LNK` varchar(255) DEFAULT NULL,
  `PRODUCT_HIGHLIGHT` varchar(255) DEFAULT NULL,
  `SEF_URL` varchar(255) DEFAULT NULL,
  `LANGUAGE_ID` int(11) NOT NULL,
  `PRODUCT_ID` bigint(20) NOT NULL,
  PRIMARY KEY (`DESCRIPTION_ID`),
  UNIQUE KEY `UKq4dnkx5b776ayqas2h4rr2d8q` (`PRODUCT_ID`,`LANGUAGE_ID`),
  KEY `FK6esjdaa6vu2t5vjin788a8og6` (`LANGUAGE_ID`),
  KEY `PRODUCT_DESCRIPTION_SEF_URL` (`SEF_URL`),
  CONSTRAINT `FK6esjdaa6vu2t5vjin788a8og6` FOREIGN KEY (`LANGUAGE_ID`) REFERENCES `language` (`LANGUAGE_ID`),
  CONSTRAINT `FKm46yjcu59q79qrokgglwq2ove` FOREIGN KEY (`PRODUCT_ID`) REFERENCES `product` (`PRODUCT_ID`)
) ENGINE=InnoDB DEFAULT CHARSET=utf8;
/*!40101 SET character_set_client = @saved_cs_client */;

--
-- Dumping data for table `product_description`
--

LOCK TABLES `product_description` WRITE;
/*!40000 ALTER TABLE `product_description` DISABLE KEYS */;
INSERT INTO `product_description` VALUES (850,'2020-03-13 10:42:38','2020-03-13 10:42:38',NULL,'<p>\r\n	Retro style bag with leather stripe</p>\r\n','Retro style bag',NULL,'','','','','','retro-style-bag',1,1),(851,'2020-03-13 10:42:38','2020-03-13 10:42:38',NULL,'<p>\r\n	Sac style retro avec banieres en cuir</p>\r\n','Sac look retro',NULL,'','','','','','sac-look-retro',2,1),(852,'2020-03-13 10:35:25','2020-03-13 10:35:25',NULL,'<p>\r\n	Sac exotique de style vintage</p>\r\n','Sac exotique style vintage',NULL,'','','','','','sac-exotique-style-vintage',2,2),(853,'2020-03-13 10:35:25','2020-03-13 10:35:25',NULL,'<p>\r\n	Vintage exotik carry bag</p>\r\n','Vintage exotik carry bag',NULL,'','','','','','vintage-exotik-carry-bag',1,2),(854,'2020-08-27 11:40:23','2020-08-27 11:40:23',NULL,'<p>\r\n	Vintage handbag</p>\r\n','Vintage bag',NULL,'','','','','','vintage-bag',1,3),(855,'2020-03-13 10:38:00','2020-03-13 10:38:00',NULL,'<p>\r\n	Sac vintage</p>\r\n','Sac vintage',NULL,'','','','','','sac-vintage',2,3),(856,'2020-03-13 10:34:02','2020-03-13 10:34:02',NULL,'<p>\r\n	Chic vintage DeVille</p>\r\n','Chic vintage DeVille',NULL,'','','','','','chic-vintage-deville',1,4),(857,'2020-03-13 10:34:02','2020-03-13 10:34:02',NULL,'<p>\r\n	Chic vintage DeVille</p>\r\n','Chic vintage DeVille',NULL,'','','','','','chic-vintage-deville',2,4),(858,'2020-03-13 10:37:13','2020-03-13 10:37:13',NULL,'<p>\r\n	Multi use hand bag vintage bag</p>\r\n','Multi use hand bag',NULL,'','','','','','multi-use-hand-bag',1,5),(859,'2020-03-13 10:37:13','2020-03-13 10:37:13',NULL,'<p>\r\n	Sace tissu multi usge look vintage</p>\r\n','Sace tissu multi usge',NULL,'','','','','','sace-tissu-multi-usge',2,5),(860,'2020-03-13 10:42:11','2020-03-13 10:42:11',NULL,'<p>\r\n	Sac vintage bandouilleres de cuir</p>\r\n','Sac vintage bandouilleres de cuir',NULL,'','','','','','sac-vintage-bandouilleres-de-cuir',2,6),(861,'2020-03-13 10:42:11','2020-03-13 10:42:11',NULL,'<p>\r\n	Vintage bag with leather bands</p>\r\n','Vintage bag with leather bands',NULL,'','','','','','vintage-bag-with-leather-bands',1,6),(862,'2020-03-13 10:39:51','2020-03-13 10:39:51',NULL,'<p>\r\n	Vintage beach bag</p>\r\n','Vintage beach bag',NULL,'','','','','','vintage-beach-bag',1,7),(863,'2020-03-13 10:39:51','2020-03-13 10:39:51',NULL,'<p>\r\n	Sac de plage vintage</p>\r\n','Sac de plage vintage',NULL,'','','','','','sac-de-plage-vintage',2,7),(864,'2020-12-20 21:39:31','2020-12-20 21:39:31',NULL,'<p>\r\n	Vintage laptop bag</p>\r\n','Vintage laptop bag',NULL,'','classy,','','','','vintage-laptop-bag',1,8),(865,'2020-05-10 17:35:21','2020-05-10 17:35:21',NULL,'<p>\r\n	Sac pour portable vintage</p>\r\n','Sac pour portable vintage',NULL,'','','','','','sac-pour-portable-vintage',2,8),(866,'2020-03-13 10:41:33','2020-03-13 10:41:33',NULL,'<p>\r\n	Coffre antique. Importation des Indes</p>\r\n','Sac chic vintage',NULL,'','','','','','sac-chic-vintage',2,9),(867,'2020-03-13 10:41:33','2020-03-13 10:41:33',NULL,'<p>\r\n	Vintage chic handbag with leather bands</p>\r\n','Vintage chic handbag',NULL,'','','','','','vintage-chic-handbag',1,9),(868,'2020-03-13 10:28:55','2020-03-13 10:28:55',NULL,'<p>\r\n	Vintage courier bag</p>','Vintage courier bag',NULL,'','','','','','vintage-courier-bag',1,10),(869,'2020-03-13 10:28:55','2020-03-13 10:28:55',NULL,'<p>\r\n	Sac vintage style courier</p>\r\n','Sac vintage style courier',NULL,'','','','','','sac-vintage-style-courier',2,10),(1300,'2020-06-03 21:17:26','2020-06-03 21:17:26',NULL,'<p style=\"text-align: center;\">\r\n	<span style=\"font-size:24px;\">Designer Black Bag</span></p>\r\n','BALCK BAG',NULL,'','','Black Bag','','BLACK BAG','balck-bag',1,50),(1600,'2020-12-20 21:38:23','2020-12-20 21:38:23',NULL,'<p style=\"text-align: center;\">\r\n	<span style=\"font-size:24px;\">Very Comfortable and Designer Shoes</span></p>\r\n','Bata Black Shoes',NULL,'Bata Black Shoes','MEN SHOES,LEATHER,','Bata Black Shoes','','bata','bata-black-shoes',1,100),(2000,'2021-01-11 16:08:48','2021-01-11 16:08:48',NULL,'                        				<p>\r\n	Make kadhai chicken using boneless chicken which everyone at home will love for lunch or dinner</p>\r\n\r\n                        			 ','Boneless Chicken ',NULL,'Chicken','chicken,boneless,wings,breasts,','Boneless Chicken','','','boneless-chicken',1,150),(2300,'2020-11-21 22:54:26','2020-11-21 22:54:26',NULL,'<p>\r\n	Very Sweet and Mouth Watering Rasgulla</p>\r\n','Haldiram Rasgulla 500 Grams',NULL,'rasgulla','sweet,rasgulla,','rasgulla','','haldiram','rasgulla',1,200),(2550,'2021-01-08 17:54:38','2021-01-08 17:54:38',NULL,'<p>\r\n	Make chicken keema which everyone at home will love for lunch or dinner</p>\r\n','Chicken Keema',NULL,'Chicken Keema','chicken,boneless,wings,breasts,keema,','Chicken Keema','','','chicken-keema',1,250),(2551,'2021-01-16 11:01:56','2021-01-16 11:01:56',NULL,'<p>\r\n	Make tasty Skinless Chicken Curry which everyone at home will love for lunch or dinner</p>\r\n','Chicken Curry Cut Skinless',NULL,'Curry Cut','chicken,boneless,wings,breasts,curry cut,biryani,','Chicken Curry Cut Skinless','','','chicken-curry-cut-skinless',1,251),(2552,'2021-01-16 11:02:31','2021-01-16 11:02:31',NULL,'<p>\r\n	Make&nbsp; dishes using Chicken Leg Whole which everyone at home will love for lunch or dinner</p>\r\n','Chicken Leg-Whole',NULL,'Chicken Leg Whole ','chicken,boneless,wings,breasts,legs,','Chicken Leg Whole ','','Chicken Leg-Whole','chicken-leg-whole',1,252),(2553,'2021-01-16 11:03:04','2021-01-16 11:03:04',NULL,'<p>\r\n	Make&nbsp; dishes using Chicken Lollipop which everyone at home will love for lunch or dinner</p>\r\n','Chicken Lollipop',NULL,'Chicken Lollipop','chicken,boneless,wings,breasts,legs,lollipop,','Chicken Lollipop','','','chicken-lollipop',1,253),(2554,'2021-01-16 11:03:47','2021-01-16 11:03:47',NULL,'<p>\r\n	Make Kadhai chicken using Whole chicken (Skin On)which everyone at home will love for lunch or dinner</p>\r\n','Chicken Whole (Skin On) ',NULL,'Chicken Whole (Skin On)','chicken,boneless,wings,breasts,Whole Skin,','Chicken Whole (Skin On)','','','chicken-whole-skin-on',1,254),(2555,'2021-01-16 11:04:24','2021-01-16 11:04:24',NULL,'<p>\r\n	Make yummy Chicken Dishes using Chicken Wings which everyone at home will love for lunch or dinner</p>\r\n','Chicken Wings Skinless',NULL,'Chicken Whole (Skin On)','chicken,boneless,wings,breasts,Whole Skin,','Chicken Whole (Skin On)','','','chicken-wings-skinless',1,255),(2556,'2021-01-16 11:04:48','2021-01-16 11:04:48',NULL,'<p>\r\n	Make Kadhai chicken using Whole chicken (Skinless) which everyone at home will love for lunch or dinner</p>\r\n','Chicken Whole (Skinless) ',NULL,'Chicken Whole (Skinless)','chicken,boneless,wings,breasts,Whole Skin,skinless,','Chicken Whole (Skinless)','','','chicken-whole-skinless',1,256),(2557,'2021-01-16 11:05:29','2021-01-16 11:05:29',NULL,'<p>\r\n	Make Kadhai Mutton using tender,juicy Curry Cut pieces which everyone at home will love for lunch or dinner</p>\r\n','Goat Curry Cut',NULL,'Goat Curry Cut','mutton,curry cut,goat,','Goat Curry Cut','','Goat Curry Cut','goat-curry-cut',1,257),(2558,'2021-01-03 16:36:18','2021-01-03 16:36:18',NULL,'<p>\r\n	Make Kadhai Mutton using tender,juicy Curry Cut pieces which everyone at home will love for lunch or dinner</p>\r\n','Goat Curry Cut',NULL,'Goat Curry Cut','mutton,curry cut,goat,','Goat Curry Cut','','','',1,258),(2800,'2021-01-16 11:06:02','2021-01-16 11:06:02',NULL,'<p>\r\n	<span style=\"color: rgb(51, 51, 51); font-family: Lato, sans-serif; font-size: 15px; background-color: rgb(255, 255, 255);\">Make Goat Mutton keema which everyone at home will love for lunch or dinner</span></p>\r\n','Goat Mutton Keema',NULL,'Mutton Keema','mutton keema,keema,','Mutton Keema','','','goat-mutton-keema',1,350),(2801,'2021-01-16 11:07:12','2021-01-16 11:07:12',NULL,'<p>\r\n	Make mouth watering dishes from Boneless Mutton which everyone at home will love for lunch or dinner</p>\r\n','Boneless Mutton',NULL,'Boneless Mutton','boneless,','Boneless Mutton','','Boneless Mutton','boneless-mutton',1,351),(2802,'2021-01-16 11:08:00','2021-01-16 11:08:00',NULL,'<p>\r\n	Make Hot, Tasty Soup from Goat Paya (Trotters) which everyone at home will love for lunch or dinner</p>\r\n','Goat Paya (Trotters)',NULL,'Boneless Mutton','paya,soup,','Boneless Mutton','','','goat-paya-trotters',1,352),(2803,'2021-01-16 11:08:33','2021-01-16 11:08:33',NULL,'<p>\r\n	Make&nbsp; tasty dishes&nbsp; from Goat Rib Chops which everyone at home will love for lunch or dinner</p>\r\n','Goat Rib Chops',NULL,'Goat Rib Chops','rib,','Goat Rib Chops','','','goat-rib-chops',1,353),(2804,'2021-01-16 11:08:57','2021-01-16 11:08:57',NULL,'<p>\r\n	Make&nbsp; tasty dishes&nbsp; from Goat Liver which everyone at home will love for lunch or dinner</p>\r\n','Goat Liver',NULL,'Goat Liver','rib,liver,kaleji,','Goat Liver','','','goat-liver',1,354),(2805,'2021-01-16 11:09:30','2021-01-16 11:09:30',NULL,'<p>\r\n	Make tasty Biryani dishes&nbsp; from Goat Mutton which everyone at home will love for lunch or dinner</p>\r\n','Goat Mutton Biryani Cuts',NULL,'Goat Mutton Biryani Cuts','kaleji,biryani,korma,','Goat Mutton Biryani Cuts','','','goat-mutton-biryani-cuts',1,355),(2806,'2021-01-16 11:10:15','2021-01-16 11:10:15',NULL,'<p>\r\n	Make tasty mouth watering dishes&nbsp; from Goat Mutton Legs which everyone at home will love for lunch or dinner</p>\r\n','Goat Mutton Leg Whole',NULL,'Goat Mutton Leg Whole','kaleji,legs,','Goat Mutton Leg Whole','','','goat-mutton-leg-whole',1,356),(2807,'2021-01-16 11:11:04','2021-01-16 11:11:04',NULL,'<p>\r\n	Make tasty mouth watering dishes&nbsp; from Goat Shoulder Cuts which everyone at home will love for lunch or dinner</p>\r\n','Goat Mutton Shoulder Cuts',NULL,'Goat Mutton Shoulder Cuts','kaleji,shoulder cuts,','Goat Mutton Shoulder Cuts','','','goat-mutton-shoulder-cuts',1,357);
/*!40000 ALTER TABLE `product_description` ENABLE KEYS */;
UNLOCK TABLES;

--
-- Table structure for table `product_digital`
--

DROP TABLE IF EXISTS `product_digital`;
/*!40101 SET @saved_cs_client     = @@character_set_client */;
/*!40101 SET character_set_client = utf8 */;
CREATE TABLE `product_digital` (
  `PRODUCT_DIGITAL_ID` bigint(20) NOT NULL,
  `FILE_NAME` varchar(255) NOT NULL,
  `PRODUCT_ID` bigint(20) NOT NULL,
  PRIMARY KEY (`PRODUCT_DIGITAL_ID`),
  UNIQUE KEY `UKjuk1qgkh9v5w7ghvb18krwo8v` (`PRODUCT_ID`,`FILE_NAME`),
  CONSTRAINT `FK47fmb5cg68pws7k26txyl1il6` FOREIGN KEY (`PRODUCT_ID`) REFERENCES `product` (`PRODUCT_ID`)
) ENGINE=InnoDB DEFAULT CHARSET=utf8;
/*!40101 SET character_set_client = @saved_cs_client */;

--
-- Dumping data for table `product_digital`
--

LOCK TABLES `product_digital` WRITE;
/*!40000 ALTER TABLE `product_digital` DISABLE KEYS */;
/*!40000 ALTER TABLE `product_digital` ENABLE KEYS */;
UNLOCK TABLES;

--
-- Table structure for table `product_image`
--

DROP TABLE IF EXISTS `product_image`;
/*!40101 SET @saved_cs_client     = @@character_set_client */;
/*!40101 SET character_set_client = utf8 */;
CREATE TABLE `product_image` (
  `PRODUCT_IMAGE_ID` bigint(20) NOT NULL,
  `DEFAULT_IMAGE` bit(1) DEFAULT NULL,
  `IMAGE_CROP` bit(1) DEFAULT NULL,
  `IMAGE_TYPE` int(11) DEFAULT NULL,
  `PRODUCT_IMAGE` varchar(255) DEFAULT NULL,
  `PRODUCT_IMAGE_URL` varchar(255) DEFAULT NULL,
  `PRODUCT_ID` bigint(20) NOT NULL,
  PRIMARY KEY (`PRODUCT_IMAGE_ID`),
  KEY `FKgab836d8rxqg8vv55nm02r65i` (`PRODUCT_ID`),
  CONSTRAINT `FKgab836d8rxqg8vv55nm02r65i` FOREIGN KEY (`PRODUCT_ID`) REFERENCES `product` (`PRODUCT_ID`)
) ENGINE=InnoDB DEFAULT CHARSET=utf8;
/*!40101 SET character_set_client = @saved_cs_client */;

--
-- Dumping data for table `product_image`
--

LOCK TABLES `product_image` WRITE;
/*!40000 ALTER TABLE `product_image` DISABLE KEYS */;
INSERT INTO `product_image` VALUES (100,'','\0',0,'image2.jpg',NULL,10),(101,'','\0',0,'image9.jpg',NULL,4),(102,'','\0',0,'image1.jpg',NULL,2),(103,'\0','\0',0,'image4.jpg',NULL,2),(104,'','\0',0,'image7.jpg',NULL,5),(105,'','\0',0,'image4.1.jpg',NULL,3),(106,'\0','\0',0,'image4.jpg',NULL,3),(107,'\0','\0',0,'image6.jpg',NULL,8),(108,'','\0',0,'image8.jpg',NULL,7),(110,'','\0',0,'image11.jpg',NULL,9),(111,'','\0',0,'image5.jpg',NULL,6),(112,'','\0',0,'image3.jpg',NULL,1),(150,'','\0',0,'download.jpeg',NULL,8),(200,'','\0',0,'Black_Bag.jpg',NULL,50),(250,'','\0',0,'shoes.jpeg',NULL,100),(350,'','\0',0,'pw-haldiramrasgulla-halfkg.jpg',NULL,200),(400,'\0','\0',0,'chicken_breast_boneless.jpeg',NULL,150),(401,'','\0',0,'chicken-leg-boneless.jpeg',NULL,150),(403,'','\0',0,'chicken-keema.jpeg',NULL,250),(404,'','\0',0,'chicken-curry-cuts.jpg',NULL,251),(405,'','\0',0,'chicken-leg-whole.jfif',NULL,252),(406,'\0','\0',0,'chicken-drumstick_skin_on.jpg',NULL,252),(407,'','\0',0,'chicken-lollipop.jfif',NULL,253),(408,'','\0',0,'chickenwholeskinon.jpeg',NULL,254),(409,'','\0',0,'chicken-wings.jpg',NULL,255),(410,'','\0',0,'Chicken-Whole-Skinless.jpg',NULL,256),(411,'','\0',0,'mutton-curry-cut-500x500.jpg',NULL,257),(450,'','\0',0,'goat_mutton_keema.jpg',NULL,350),(451,'','\0',0,'fresh-cut-mutton-200.jpg',NULL,351),(452,'','\0',0,'Goat_Paya.jpg',NULL,352),(453,'','\0',0,'Goat-Rib-Chop1.jpg',NULL,353),(454,'','\0',0,'goat_liver.jpg',NULL,354),(455,'','\0',0,'Goat_Biryani_chops.jpg',NULL,355),(456,'','\0',0,'Revised_Goat-leg-bone.jpg',NULL,356),(457,'','\0',0,'goat_shoulder_curry_cut.jpg',NULL,357);
/*!40000 ALTER TABLE `product_image` ENABLE KEYS */;
UNLOCK TABLES;

--
-- Table structure for table `product_image_description`
--

DROP TABLE IF EXISTS `product_image_description`;
/*!40101 SET @saved_cs_client     = @@character_set_client */;
/*!40101 SET character_set_client = utf8 */;
CREATE TABLE `product_image_description` (
  `DESCRIPTION_ID` bigint(20) NOT NULL,
  `DATE_CREATED` datetime DEFAULT NULL,
  `DATE_MODIFIED` datetime DEFAULT NULL,
  `UPDT_ID` varchar(20) DEFAULT NULL,
  `DESCRIPTION` longtext DEFAULT NULL,
  `NAME` varchar(120) NOT NULL,
  `TITLE` varchar(100) DEFAULT NULL,
  `ALT_TAG` varchar(100) DEFAULT NULL,
  `LANGUAGE_ID` int(11) NOT NULL,
  `PRODUCT_IMAGE_ID` bigint(20) NOT NULL,
  PRIMARY KEY (`DESCRIPTION_ID`),
  UNIQUE KEY `UKn7yhdj6ccydgf201gibb882cd` (`PRODUCT_IMAGE_ID`,`LANGUAGE_ID`),
  KEY `FKlhdnpki4sf98wev0pcj2bvnih` (`LANGUAGE_ID`),
  CONSTRAINT `FK1dhldo18nj9l2y6qympgucynq` FOREIGN KEY (`PRODUCT_IMAGE_ID`) REFERENCES `product_image` (`PRODUCT_IMAGE_ID`),
  CONSTRAINT `FKlhdnpki4sf98wev0pcj2bvnih` FOREIGN KEY (`LANGUAGE_ID`) REFERENCES `language` (`LANGUAGE_ID`)
) ENGINE=InnoDB DEFAULT CHARSET=utf8;
/*!40101 SET character_set_client = @saved_cs_client */;

--
-- Dumping data for table `product_image_description`
--

LOCK TABLES `product_image_description` WRITE;
/*!40000 ALTER TABLE `product_image_description` DISABLE KEYS */;
INSERT INTO `product_image_description` VALUES (1050,'2020-03-13 10:28:56','2020-03-13 10:28:56',NULL,NULL,'image2.jpg',NULL,NULL,1,100),(1051,'2020-03-13 10:28:56','2020-03-13 10:28:56',NULL,NULL,'image2.jpg',NULL,NULL,2,100),(1052,'2020-03-13 10:34:02','2020-03-13 10:34:02',NULL,NULL,'image9.jpg',NULL,NULL,1,101),(1053,'2020-03-13 10:34:02','2020-03-13 10:34:02',NULL,NULL,'image9.jpg',NULL,NULL,2,101),(1054,'2020-03-13 10:35:25','2020-03-13 10:35:25',NULL,NULL,'image1.jpg',NULL,NULL,1,102),(1055,'2020-03-13 10:35:25','2020-03-13 10:35:25',NULL,NULL,'image1.jpg',NULL,NULL,2,102),(1056,'2020-03-13 10:37:13','2020-03-13 10:37:13',NULL,NULL,'image7.jpg',NULL,NULL,1,104),(1057,'2020-03-13 10:37:13','2020-03-13 10:37:13',NULL,NULL,'image7.jpg',NULL,NULL,2,104),(1058,'2020-03-13 10:38:00','2020-03-13 10:38:00',NULL,NULL,'image4.1.jpg',NULL,NULL,1,105),(1059,'2020-03-13 10:38:00','2020-03-13 10:38:00',NULL,NULL,'image4.1.jpg',NULL,NULL,2,105),(1060,'2020-03-13 10:38:59','2020-03-13 10:38:59',NULL,NULL,'image6.jpg',NULL,NULL,1,107),(1061,'2020-03-13 10:38:59','2020-03-13 10:38:59',NULL,NULL,'image6.jpg',NULL,NULL,2,107),(1062,'2020-03-13 10:39:51','2020-03-13 10:39:51',NULL,NULL,'image8.jpg',NULL,NULL,1,108),(1063,'2020-03-13 10:39:51','2020-03-13 10:39:51',NULL,NULL,'image8.jpg',NULL,NULL,2,108),(1066,'2020-03-13 10:41:33','2020-03-13 10:41:33',NULL,NULL,'image11.jpg',NULL,NULL,1,110),(1067,'2020-03-13 10:41:33','2020-03-13 10:41:33',NULL,NULL,'image11.jpg',NULL,NULL,2,110),(1068,'2020-03-13 10:42:11','2020-03-13 10:42:11',NULL,NULL,'image5.jpg',NULL,NULL,1,111),(1069,'2020-03-13 10:42:11','2020-03-13 10:42:11',NULL,NULL,'image5.jpg',NULL,NULL,2,111),(1070,'2020-03-13 10:42:38','2020-03-13 10:42:38',NULL,NULL,'image3.jpg',NULL,NULL,1,112),(1071,'2020-03-13 10:42:38','2020-03-13 10:42:38',NULL,NULL,'image3.jpg',NULL,NULL,2,112),(1350,'2020-06-03 21:17:27','2020-06-03 21:17:27',NULL,NULL,'Black_Bag.jpg',NULL,NULL,1,200),(1650,'2020-06-04 19:51:39','2020-06-04 19:51:39',NULL,NULL,'shoes.jpeg',NULL,NULL,1,250),(2350,'2020-10-04 11:21:26','2020-10-04 11:21:26',NULL,NULL,'pw-haldiramrasgulla-halfkg.jpg',NULL,NULL,1,350),(2450,'2021-01-03 13:13:37','2021-01-03 13:13:37',NULL,NULL,'chicken_breast_boneless.jpeg',NULL,NULL,1,400),(2452,'2021-01-03 13:48:09','2021-01-03 13:48:09',NULL,NULL,'chicken-keema.jpeg',NULL,NULL,1,403),(2453,'2021-01-03 13:55:38','2021-01-03 13:55:38',NULL,NULL,'chicken-curry-cuts.jpg',NULL,NULL,1,404),(2454,'2021-01-03 14:01:04','2021-01-03 14:01:04',NULL,NULL,'chicken-leg-whole.jfif',NULL,NULL,1,405),(2455,'2021-01-03 14:10:20','2021-01-03 14:10:20',NULL,NULL,'chicken-lollipop.jfif',NULL,NULL,1,407),(2456,'2021-01-03 14:17:55','2021-01-03 14:17:55',NULL,NULL,'chickenwholeskinon.jpeg',NULL,NULL,1,408),(2457,'2021-01-03 14:25:15','2021-01-03 14:25:15',NULL,NULL,'chicken-wings.jpg',NULL,NULL,1,409),(2458,'2021-01-03 14:30:06','2021-01-03 14:30:06',NULL,NULL,'Chicken-Whole-Skinless.jpg',NULL,NULL,1,410),(2459,'2021-01-03 15:59:48','2021-01-03 15:59:48',NULL,NULL,'mutton-curry-cut-500x500.jpg',NULL,NULL,1,411),(2850,'2021-01-03 16:50:10','2021-01-03 16:50:10',NULL,NULL,'goat_mutton_keema.jpg',NULL,NULL,1,450),(2851,'2021-01-03 17:04:06','2021-01-03 17:04:06',NULL,NULL,'fresh-cut-mutton-200.jpg',NULL,NULL,1,451),(2852,'2021-01-03 17:08:42','2021-01-03 17:08:42',NULL,NULL,'Goat_Paya.jpg',NULL,NULL,1,452),(2853,'2021-01-03 17:16:19','2021-01-03 17:16:19',NULL,NULL,'Goat-Rib-Chop1.jpg',NULL,NULL,1,453),(2854,'2021-01-03 17:20:42','2021-01-03 17:20:42',NULL,NULL,'goat_liver.jpg',NULL,NULL,1,454),(2855,'2021-01-03 17:24:56','2021-01-03 17:24:56',NULL,NULL,'Goat_Biryani_chops.jpg',NULL,NULL,1,455),(2856,'2021-01-03 17:32:49','2021-01-03 17:32:49',NULL,NULL,'Revised_Goat-leg-bone.jpg',NULL,NULL,1,456),(2857,'2021-01-03 17:38:32','2021-01-03 17:38:32',NULL,NULL,'goat_shoulder_curry_cut.jpg',NULL,NULL,1,457);
/*!40000 ALTER TABLE `product_image_description` ENABLE KEYS */;
UNLOCK TABLES;

--
-- Table structure for table `product_option`
--

DROP TABLE IF EXISTS `product_option`;
/*!40101 SET @saved_cs_client     = @@character_set_client */;
/*!40101 SET character_set_client = utf8 */;
CREATE TABLE `product_option` (
  `PRODUCT_OPTION_ID` bigint(20) NOT NULL,
  `PRODUCT_OPTION_CODE` varchar(255) NOT NULL,
  `PRODUCT_OPTION_SORT_ORD` int(11) DEFAULT NULL,
  `PRODUCT_OPTION_TYPE` varchar(10) DEFAULT NULL,
  `PRODUCT_OPTION_READ` bit(1) DEFAULT NULL,
  `MERCHANT_ID` int(11) NOT NULL,
  PRIMARY KEY (`PRODUCT_OPTION_ID`),
  UNIQUE KEY `UKhfcw5oi9ulljlog1b7ns1r9tu` (`MERCHANT_ID`,`PRODUCT_OPTION_CODE`),
  KEY `PRD_OPTION_CODE_IDX` (`PRODUCT_OPTION_CODE`),
  CONSTRAINT `FKp8cski5t5f5m4et4fw0uilcgu` FOREIGN KEY (`MERCHANT_ID`) REFERENCES `merchant_store` (`MERCHANT_ID`)
) ENGINE=InnoDB DEFAULT CHARSET=utf8;
/*!40101 SET character_set_client = @saved_cs_client */;

--
-- Dumping data for table `product_option`
--

LOCK TABLES `product_option` WRITE;
/*!40000 ALTER TABLE `product_option` DISABLE KEYS */;
INSERT INTO `product_option` VALUES (1,'Colour',NULL,'select','\0',1),(50,'SIZE',NULL,'radio','\0',1),(51,'Gender',NULL,'radio','\0',1),(100,'WT',NULL,'radio','\0',1);
/*!40000 ALTER TABLE `product_option` ENABLE KEYS */;
UNLOCK TABLES;

--
-- Table structure for table `product_option_desc`
--

DROP TABLE IF EXISTS `product_option_desc`;
/*!40101 SET @saved_cs_client     = @@character_set_client */;
/*!40101 SET character_set_client = utf8 */;
CREATE TABLE `product_option_desc` (
  `DESCRIPTION_ID` bigint(20) NOT NULL,
  `DATE_CREATED` datetime DEFAULT NULL,
  `DATE_MODIFIED` datetime DEFAULT NULL,
  `UPDT_ID` varchar(20) DEFAULT NULL,
  `DESCRIPTION` longtext DEFAULT NULL,
  `NAME` varchar(120) NOT NULL,
  `TITLE` varchar(100) DEFAULT NULL,
  `PRODUCT_OPTION_COMMENT` longtext DEFAULT NULL,
  `LANGUAGE_ID` int(11) NOT NULL,
  `PRODUCT_OPTION_ID` bigint(20) NOT NULL,
  PRIMARY KEY (`DESCRIPTION_ID`),
  UNIQUE KEY `UKmkcm8isyyyqbjd1yyb8mrpkuw` (`PRODUCT_OPTION_ID`,`LANGUAGE_ID`),
  KEY `FK8fiwk5o1gbn2r2u8529yaf9xt` (`LANGUAGE_ID`),
  CONSTRAINT `FK8fiwk5o1gbn2r2u8529yaf9xt` FOREIGN KEY (`LANGUAGE_ID`) REFERENCES `language` (`LANGUAGE_ID`),
  CONSTRAINT `FKgjqmfofile4hwv867irsnvuc0` FOREIGN KEY (`PRODUCT_OPTION_ID`) REFERENCES `product_option` (`PRODUCT_OPTION_ID`)
) ENGINE=InnoDB DEFAULT CHARSET=utf8;
/*!40101 SET character_set_client = @saved_cs_client */;

--
-- Dumping data for table `product_option_desc`
--

LOCK TABLES `product_option_desc` WRITE;
/*!40000 ALTER TABLE `product_option_desc` DISABLE KEYS */;
INSERT INTO `product_option_desc` VALUES (1100,'2020-05-10 17:42:48','2020-05-10 17:42:48',NULL,NULL,'Colour',NULL,NULL,2,1),(1101,'2020-05-10 17:42:48','2020-05-10 17:42:48',NULL,NULL,'Colour',NULL,NULL,1,1),(1450,'2020-06-04 19:43:56','2020-06-04 19:43:56',NULL,NULL,'SIZE',NULL,NULL,1,50),(1451,'2020-06-04 20:27:34','2020-06-04 20:27:34',NULL,NULL,'Gender',NULL,NULL,1,51),(1850,'2020-09-14 23:00:21','2020-09-14 23:00:21',NULL,NULL,'Weight',NULL,NULL,1,100);
/*!40000 ALTER TABLE `product_option_desc` ENABLE KEYS */;
UNLOCK TABLES;

--
-- Table structure for table `product_option_value`
--

DROP TABLE IF EXISTS `product_option_value`;
/*!40101 SET @saved_cs_client     = @@character_set_client */;
/*!40101 SET character_set_client = utf8 */;
CREATE TABLE `product_option_value` (
  `PRODUCT_OPTION_VALUE_ID` bigint(20) NOT NULL,
  `PRODUCT_OPTION_VAL_CODE` varchar(255) NOT NULL,
  `PRODUCT_OPT_FOR_DISP` bit(1) DEFAULT NULL,
  `PRODUCT_OPT_VAL_IMAGE` varchar(255) DEFAULT NULL,
  `PRODUCT_OPT_VAL_SORT_ORD` int(11) DEFAULT NULL,
  `MERCHANT_ID` int(11) NOT NULL,
  PRIMARY KEY (`PRODUCT_OPTION_VALUE_ID`),
  UNIQUE KEY `UKixbpi4hxrhljh935c3xfvnvsh` (`MERCHANT_ID`,`PRODUCT_OPTION_VAL_CODE`),
  KEY `PRD_OPTION_VAL_CODE_IDX` (`PRODUCT_OPTION_VAL_CODE`),
  CONSTRAINT `FKnd3nw0mamlk8bkxo8ad5m85pq` FOREIGN KEY (`MERCHANT_ID`) REFERENCES `merchant_store` (`MERCHANT_ID`)
) ENGINE=InnoDB DEFAULT CHARSET=utf8;
/*!40101 SET character_set_client = @saved_cs_client */;

--
-- Dumping data for table `product_option_value`
--

LOCK TABLES `product_option_value` WRITE;
/*!40000 ALTER TABLE `product_option_value` DISABLE KEYS */;
INSERT INTO `product_option_value` VALUES (1,'Colour','\0','gucci-red.jpg',NULL,1),(2,'Yellow','\0','YellowBag.jpg',NULL,1),(50,'SMALL','\0','',NULL,1),(51,'MEDIUM','\0','',NULL,1),(52,'Man','\0','',NULL,1),(53,'Women','\0','',NULL,1),(100,'Half','\0','',NULL,1),(101,'One','\0','',NULL,1),(102,'Two','\0','',NULL,1);
/*!40000 ALTER TABLE `product_option_value` ENABLE KEYS */;
UNLOCK TABLES;

--
-- Table structure for table `product_option_value_description`
--

DROP TABLE IF EXISTS `product_option_value_description`;
/*!40101 SET @saved_cs_client     = @@character_set_client */;
/*!40101 SET character_set_client = utf8 */;
CREATE TABLE `product_option_value_description` (
  `DESCRIPTION_ID` bigint(20) NOT NULL,
  `DATE_CREATED` datetime DEFAULT NULL,
  `DATE_MODIFIED` datetime DEFAULT NULL,
  `UPDT_ID` varchar(20) DEFAULT NULL,
  `DESCRIPTION` longtext DEFAULT NULL,
  `NAME` varchar(120) NOT NULL,
  `TITLE` varchar(100) DEFAULT NULL,
  `LANGUAGE_ID` int(11) NOT NULL,
  `PRODUCT_OPTION_VALUE_ID` bigint(20) DEFAULT NULL,
  PRIMARY KEY (`DESCRIPTION_ID`),
  UNIQUE KEY `UKasgc60ot1wy0uho96n0j8429p` (`PRODUCT_OPTION_VALUE_ID`,`LANGUAGE_ID`),
  KEY `FK19mnby7atlt85exlypxdxhacx` (`LANGUAGE_ID`),
  CONSTRAINT `FK19mnby7atlt85exlypxdxhacx` FOREIGN KEY (`LANGUAGE_ID`) REFERENCES `language` (`LANGUAGE_ID`),
  CONSTRAINT `FKqttc6b79yp2s1hyrhg4thag6s` FOREIGN KEY (`PRODUCT_OPTION_VALUE_ID`) REFERENCES `product_option_value` (`PRODUCT_OPTION_VALUE_ID`)
) ENGINE=InnoDB DEFAULT CHARSET=utf8;
/*!40101 SET character_set_client = @saved_cs_client */;

--
-- Dumping data for table `product_option_value_description`
--

LOCK TABLES `product_option_value_description` WRITE;
/*!40000 ALTER TABLE `product_option_value_description` DISABLE KEYS */;
INSERT INTO `product_option_value_description` VALUES (1150,'2020-05-10 17:44:26','2020-05-10 17:44:26',NULL,NULL,'Red',NULL,1,1),(1151,'2020-05-10 17:44:26','2020-05-10 17:44:26',NULL,NULL,'Red',NULL,2,1),(1152,'2020-05-10 18:13:59','2020-05-10 18:13:59',NULL,NULL,'Yellow',NULL,1,2),(1153,'2020-05-10 18:13:59','2020-05-10 18:13:59',NULL,NULL,'Yellow',NULL,2,2),(1500,'2020-06-04 19:47:00','2020-06-04 19:47:00',NULL,NULL,'SMALL',NULL,1,50),(1501,'2020-06-04 19:47:23','2020-06-04 19:47:23',NULL,NULL,'MEDIUM',NULL,1,51),(1502,'2020-06-04 20:27:49','2020-06-04 20:27:49',NULL,NULL,'Man',NULL,1,52),(1503,'2020-06-04 20:28:03','2020-06-04 20:28:03',NULL,NULL,'Women',NULL,1,53),(1900,'2020-09-14 23:01:07','2020-09-14 23:01:07',NULL,NULL,'0.5 KG',NULL,1,100),(1901,'2020-09-14 23:01:26','2020-09-14 23:01:26',NULL,NULL,'1 KG',NULL,1,101),(1902,'2020-09-14 23:01:47','2020-09-14 23:01:47',NULL,NULL,'2 KG',NULL,1,102);
/*!40000 ALTER TABLE `product_option_value_description` ENABLE KEYS */;
UNLOCK TABLES;

--
-- Table structure for table `product_price`
--

DROP TABLE IF EXISTS `product_price`;
/*!40101 SET @saved_cs_client     = @@character_set_client */;
/*!40101 SET character_set_client = utf8 */;
CREATE TABLE `product_price` (
  `PRODUCT_PRICE_ID` bigint(20) NOT NULL,
  `PRODUCT_PRICE_CODE` varchar(255) NOT NULL,
  `DEFAULT_PRICE` bit(1) DEFAULT NULL,
  `PRODUCT_PRICE_AMOUNT` decimal(19,2) NOT NULL,
  `PRODUCT_PRICE_SPECIAL_AMOUNT` decimal(19,2) DEFAULT NULL,
  `PRODUCT_PRICE_SPECIAL_END_DATE` date DEFAULT NULL,
  `PRODUCT_PRICE_SPECIAL_ST_DATE` date DEFAULT NULL,
  `PRODUCT_PRICE_TYPE` varchar(20) DEFAULT NULL,
  `PRODUCT_AVAIL_ID` bigint(20) NOT NULL,
  PRIMARY KEY (`PRODUCT_PRICE_ID`),
  KEY `FK1dic7jnnk1qikgvwcrf4dw12r` (`PRODUCT_AVAIL_ID`),
  CONSTRAINT `FK1dic7jnnk1qikgvwcrf4dw12r` FOREIGN KEY (`PRODUCT_AVAIL_ID`) REFERENCES `product_availability` (`PRODUCT_AVAIL_ID`)
) ENGINE=InnoDB DEFAULT CHARSET=utf8;
/*!40101 SET character_set_client = @saved_cs_client */;

--
-- Dumping data for table `product_price`
--

LOCK TABLES `product_price` WRITE;
/*!40000 ALTER TABLE `product_price` DISABLE KEYS */;
INSERT INTO `product_price` VALUES (1,'base','',48.00,NULL,NULL,NULL,'ONE_TIME',1),(2,'base','',62.00,NULL,NULL,NULL,'ONE_TIME',2),(3,'base','',69.00,NULL,NULL,NULL,'ONE_TIME',3),(4,'base','',88.00,60.00,NULL,NULL,'ONE_TIME',4),(5,'base','',65.00,49.00,NULL,NULL,'ONE_TIME',5),(6,'base','',68.00,NULL,NULL,NULL,'ONE_TIME',6),(7,'base','',60.00,NULL,NULL,NULL,'ONE_TIME',7),(9,'base','',82.00,74.00,NULL,NULL,'ONE_TIME',9),(10,'base','',60.00,NULL,NULL,NULL,'ONE_TIME',10),(50,'base','',0.00,0.00,NULL,NULL,'ONE_TIME',8),(100,'base','',95.00,NULL,NULL,NULL,'ONE_TIME',50),(150,'base','',55.00,NULL,NULL,NULL,'ONE_TIME',100),(200,'base','',100.00,NULL,NULL,NULL,'ONE_TIME',150),(250,'base','',90.00,60.00,'2020-11-04','2020-10-04','ONE_TIME',200),(252,'base','\0',200.00,180.00,'2020-11-04','2020-10-04','ONE_TIME',200),(300,'base','',120.00,NULL,NULL,NULL,'ONE_TIME',250),(301,'base','',100.00,NULL,NULL,NULL,'ONE_TIME',251),(302,'base','',0.00,NULL,NULL,NULL,'ONE_TIME',252),(303,'base','',75.00,NULL,NULL,NULL,'ONE_TIME',253),(304,'base','',100.00,NULL,NULL,NULL,'ONE_TIME',254),(305,'base','',100.00,NULL,NULL,NULL,'ONE_TIME',255),(306,'base','',105.00,NULL,NULL,NULL,'ONE_TIME',256),(307,'base','',105.00,NULL,NULL,NULL,'ONE_TIME',257),(308,'base','',105.00,NULL,NULL,NULL,'ONE_TIME',258),(400,'base','',150.00,NULL,NULL,NULL,'ONE_TIME',350),(401,'base','',190.00,NULL,NULL,NULL,'ONE_TIME',351),(402,'base','',90.00,NULL,NULL,NULL,'ONE_TIME',352),(403,'base','',90.00,NULL,NULL,NULL,'ONE_TIME',353),(404,'base','',90.00,NULL,NULL,NULL,'ONE_TIME',354),(405,'base','',90.00,NULL,NULL,NULL,'ONE_TIME',355),(406,'base','',110.00,NULL,NULL,NULL,'ONE_TIME',356),(407,'base','',180.00,NULL,NULL,NULL,'ONE_TIME',357);
/*!40000 ALTER TABLE `product_price` ENABLE KEYS */;
UNLOCK TABLES;

--
-- Table structure for table `product_price_description`
--

DROP TABLE IF EXISTS `product_price_description`;
/*!40101 SET @saved_cs_client     = @@character_set_client */;
/*!40101 SET character_set_client = utf8 */;
CREATE TABLE `product_price_description` (
  `DESCRIPTION_ID` bigint(20) NOT NULL,
  `DATE_CREATED` datetime DEFAULT NULL,
  `DATE_MODIFIED` datetime DEFAULT NULL,
  `UPDT_ID` varchar(20) DEFAULT NULL,
  `DESCRIPTION` longtext DEFAULT NULL,
  `NAME` varchar(120) NOT NULL,
  `TITLE` varchar(100) DEFAULT NULL,
  `LANGUAGE_ID` int(11) NOT NULL,
  `PRODUCT_PRICE_ID` bigint(20) NOT NULL,
  PRIMARY KEY (`DESCRIPTION_ID`),
  UNIQUE KEY `UKfrsw8d41sxxogvxxoyd8nwaxu` (`PRODUCT_PRICE_ID`,`LANGUAGE_ID`),
  KEY `FK7bmbrjr8ar5icwdpt8myj6gei` (`LANGUAGE_ID`),
  CONSTRAINT `FK7bmbrjr8ar5icwdpt8myj6gei` FOREIGN KEY (`LANGUAGE_ID`) REFERENCES `language` (`LANGUAGE_ID`),
  CONSTRAINT `FKbwxw861ipjsct606j3dagdjsf` FOREIGN KEY (`PRODUCT_PRICE_ID`) REFERENCES `product_price` (`PRODUCT_PRICE_ID`)
) ENGINE=InnoDB DEFAULT CHARSET=utf8;
/*!40101 SET character_set_client = @saved_cs_client */;

--
-- Dumping data for table `product_price_description`
--

LOCK TABLES `product_price_description` WRITE;
/*!40000 ALTER TABLE `product_price_description` DISABLE KEYS */;
INSERT INTO `product_price_description` VALUES (800,'2019-03-06 22:03:30','2019-03-06 22:03:30',NULL,NULL,'DEFAULT',NULL,2,1),(801,'2019-03-06 22:17:49','2019-03-06 22:17:49',NULL,NULL,'DEFAULT',NULL,1,1),(802,'2019-03-06 22:03:31','2019-03-06 22:03:31',NULL,NULL,'DEFAULT',NULL,2,2),(803,'2019-03-06 22:15:24','2019-03-06 22:15:24',NULL,NULL,'DEFAULT',NULL,1,2),(804,'2019-03-06 22:16:14','2019-03-06 22:16:14',NULL,NULL,'DEFAULT',NULL,1,3),(805,'2019-03-06 22:03:31','2019-03-06 22:03:31',NULL,NULL,'DEFAULT',NULL,2,3),(806,'2019-03-06 22:15:02','2019-03-06 22:15:02',NULL,NULL,'DEFAULT',NULL,1,4),(807,'2019-03-06 22:03:31','2019-03-06 22:03:31',NULL,NULL,'DEFAULT',NULL,2,4),(808,'2019-03-06 22:15:52','2019-03-06 22:15:52',NULL,NULL,'DEFAULT',NULL,1,5),(809,'2019-03-06 22:03:31','2019-03-06 22:03:31',NULL,NULL,'DEFAULT',NULL,2,5),(810,'2019-03-06 22:17:29','2019-03-06 22:17:29',NULL,NULL,'DEFAULT',NULL,1,6),(811,'2019-03-06 22:03:31','2019-03-06 22:03:31',NULL,NULL,'DEFAULT',NULL,2,6),(812,'2019-03-06 22:03:31','2019-03-06 22:03:31',NULL,NULL,'DEFAULT',NULL,2,7),(813,'2019-03-06 22:17:13','2019-03-06 22:17:13',NULL,NULL,'DEFAULT',NULL,1,7),(816,'2019-03-06 22:16:57','2019-03-06 22:16:57',NULL,NULL,'DEFAULT',NULL,1,9),(817,'2019-03-06 22:03:31','2019-03-06 22:03:31',NULL,NULL,'DEFAULT',NULL,2,9),(818,'2019-03-06 22:03:31','2019-03-06 22:03:31',NULL,NULL,'DEFAULT',NULL,2,10),(819,'2019-03-06 22:14:39','2019-03-06 22:14:39',NULL,NULL,'DEFAULT',NULL,1,10),(1200,'2020-05-10 18:08:52','2020-05-10 18:08:52',NULL,NULL,'NEW',NULL,1,50),(1201,'2020-05-10 18:08:52','2020-05-10 18:08:52',NULL,NULL,'NEW',NULL,2,50),(1250,'2020-06-03 21:17:26','2020-06-03 21:17:26',NULL,NULL,'DEFAULT',NULL,1,100),(1550,'2020-06-04 19:57:31','2020-06-04 19:57:31',NULL,NULL,'DEFAULT',NULL,1,150),(1950,'2020-09-14 23:30:33','2021-01-03 14:16:16',NULL,NULL,'DEFAULT',NULL,1,200),(2250,'2020-10-04 11:27:03','2020-10-04 11:27:03',NULL,NULL,'DEFAULT',NULL,1,250),(2252,'2020-10-04 11:34:13','2020-10-04 11:34:13',NULL,NULL,'1KGPRICE',NULL,1,252),(2500,'2020-09-14 23:30:33','2021-01-03 13:34:48',NULL,NULL,'DEFAULT',NULL,1,300),(2501,'2020-09-14 23:30:33','2021-01-03 13:54:12',NULL,NULL,'DEFAULT',NULL,1,301),(2502,'2021-02-13 10:54:58','2021-02-13 10:54:58',NULL,NULL,'DEFAULT',NULL,1,302),(2503,'2020-09-14 23:30:33','2021-01-03 14:09:12',NULL,NULL,'DEFAULT',NULL,1,303),(2504,'2020-09-14 23:30:33','2021-01-03 14:28:42',NULL,NULL,'DEFAULT',NULL,1,304),(2505,'2020-09-14 23:30:33','2021-01-03 14:23:55',NULL,NULL,'DEFAULT',NULL,1,305),(2506,'2020-09-14 23:30:33','2021-01-03 15:57:39',NULL,NULL,'DEFAULT',NULL,1,306),(2507,'2020-09-14 23:30:33','2021-01-03 16:08:55',NULL,NULL,'DEFAULT',NULL,1,307),(2508,'2020-09-14 23:30:33','2021-01-03 16:08:55',NULL,NULL,'DEFAULT',NULL,1,308),(2750,'2021-01-03 16:50:05','2021-01-03 16:58:06',NULL,NULL,'DEFAULT',NULL,1,400),(2751,'2021-01-03 16:50:05','2021-01-03 17:07:33',NULL,NULL,'DEFAULT',NULL,1,401),(2752,'2021-01-03 16:50:05','2021-01-03 17:13:56',NULL,NULL,'DEFAULT',NULL,1,402),(2753,'2021-01-03 16:50:05','2021-01-03 17:18:37',NULL,NULL,'DEFAULT',NULL,1,403),(2754,'2021-01-03 16:50:05','2021-01-03 17:23:15',NULL,NULL,'DEFAULT',NULL,1,404),(2755,'2021-01-03 16:50:05','2021-01-03 17:29:26',NULL,NULL,'DEFAULT',NULL,1,405),(2756,'2021-01-03 16:50:05','2021-01-03 17:36:54',NULL,NULL,'DEFAULT',NULL,1,406),(2757,'2021-01-03 16:50:05','2021-01-03 17:36:54',NULL,NULL,'DEFAULT',NULL,1,407);
/*!40000 ALTER TABLE `product_price_description` ENABLE KEYS */;
UNLOCK TABLES;

--
-- Table structure for table `product_relationship`
--

DROP TABLE IF EXISTS `product_relationship`;
/*!40101 SET @saved_cs_client     = @@character_set_client */;
/*!40101 SET character_set_client = utf8 */;
CREATE TABLE `product_relationship` (
  `PRODUCT_RELATIONSHIP_ID` bigint(20) NOT NULL,
  `ACTIVE` bit(1) DEFAULT NULL,
  `CODE` varchar(255) DEFAULT NULL,
  `PRODUCT_ID` bigint(20) DEFAULT NULL,
  `RELATED_PRODUCT_ID` bigint(20) DEFAULT NULL,
  `MERCHANT_ID` int(11) NOT NULL,
  PRIMARY KEY (`PRODUCT_RELATIONSHIP_ID`),
  KEY `FKso3cvinykac5wdwu1tjgfotor` (`PRODUCT_ID`),
  KEY `FKfskwtawyt85g9h6761fa69ya5` (`RELATED_PRODUCT_ID`),
  KEY `FKnprvswtbgrm6bjfq3cbdl3qsm` (`MERCHANT_ID`),
  CONSTRAINT `FKfskwtawyt85g9h6761fa69ya5` FOREIGN KEY (`RELATED_PRODUCT_ID`) REFERENCES `product` (`PRODUCT_ID`),
  CONSTRAINT `FKnprvswtbgrm6bjfq3cbdl3qsm` FOREIGN KEY (`MERCHANT_ID`) REFERENCES `merchant_store` (`MERCHANT_ID`),
  CONSTRAINT `FKso3cvinykac5wdwu1tjgfotor` FOREIGN KEY (`PRODUCT_ID`) REFERENCES `product` (`PRODUCT_ID`)
) ENGINE=InnoDB DEFAULT CHARSET=utf8;
/*!40101 SET character_set_client = @saved_cs_client */;

--
-- Dumping data for table `product_relationship`
--

LOCK TABLES `product_relationship` WRITE;
/*!40000 ALTER TABLE `product_relationship` DISABLE KEYS */;
INSERT INTO `product_relationship` VALUES (50,'','RELATED_ITEM',100,8,1),(200,'','RELATED_ITEM',250,150,1),(201,'','FEATURED_ITEM',NULL,250,1),(202,'','FEATURED_ITEM',NULL,150,1),(203,'','RELATED_ITEM',150,250,1),(204,'','RELATED_ITEM',251,250,1),(205,'','RELATED_ITEM',251,150,1),(206,'','RELATED_ITEM',252,250,1),(207,'','RELATED_ITEM',252,150,1),(208,'','RELATED_ITEM',252,251,1),(209,'','FEATURED_ITEM',NULL,252,1),(210,'','RELATED_ITEM',253,250,1),(211,'','RELATED_ITEM',253,150,1),(212,'','RELATED_ITEM',253,251,1),(213,'','FEATURED_ITEM',NULL,253,1),(214,'','RELATED_ITEM',254,250,1),(215,'','RELATED_ITEM',254,150,1),(216,'','RELATED_ITEM',254,252,1),(217,'','RELATED_ITEM',255,150,1),(218,'','RELATED_ITEM',255,252,1),(219,'','RELATED_ITEM',255,250,1),(220,'','RELATED_ITEM',255,253,1),(221,'','RELATED_ITEM',256,150,1),(222,'','RELATED_ITEM',256,252,1),(223,'','RELATED_ITEM',256,250,1),(224,'','RELATED_ITEM',256,254,1),(225,'','RELATED_ITEM',257,150,1),(226,'','RELATED_ITEM',257,252,1),(227,'','RELATED_ITEM',257,250,1),(228,'','RELATED_ITEM',257,254,1),(229,'','RELATED_ITEM',258,150,1),(230,'','RELATED_ITEM',258,252,1),(231,'','RELATED_ITEM',258,250,1),(232,'','RELATED_ITEM',258,254,1),(250,'','RELATED_ITEM',350,257,1),(251,'','RELATED_ITEM',351,257,1),(252,'','RELATED_ITEM',351,350,1),(253,'','RELATED_ITEM',352,257,1),(254,'','RELATED_ITEM',352,350,1),(255,'','RELATED_ITEM',353,257,1),(256,'','RELATED_ITEM',353,350,1),(257,'','RELATED_ITEM',354,257,1),(258,'','RELATED_ITEM',354,350,1),(259,'','RELATED_ITEM',355,257,1),(260,'','RELATED_ITEM',355,350,1),(261,'','RELATED_ITEM',355,354,1),(262,'','RELATED_ITEM',355,352,1),(263,'','FEATURED_ITEM',NULL,354,1),(264,'','FEATURED_ITEM',NULL,355,1),(265,'','RELATED_ITEM',356,257,1),(266,'','RELATED_ITEM',356,350,1),(267,'','RELATED_ITEM',356,354,1),(268,'','RELATED_ITEM',356,352,1),(269,'','RELATED_ITEM',357,257,1),(270,'','RELATED_ITEM',357,350,1),(271,'','RELATED_ITEM',357,354,1),(272,'','RELATED_ITEM',357,352,1),(273,'','FEATURED_ITEM',NULL,357,1),(274,'','FEATURED_ITEM',NULL,352,1);
/*!40000 ALTER TABLE `product_relationship` ENABLE KEYS */;
UNLOCK TABLES;

--
-- Table structure for table `product_review`
--

DROP TABLE IF EXISTS `product_review`;
/*!40101 SET @saved_cs_client     = @@character_set_client */;
/*!40101 SET character_set_client = utf8 */;
CREATE TABLE `product_review` (
  `PRODUCT_REVIEW_ID` bigint(20) NOT NULL,
  `DATE_CREATED` datetime DEFAULT NULL,
  `DATE_MODIFIED` datetime DEFAULT NULL,
  `UPDT_ID` varchar(20) DEFAULT NULL,
  `REVIEW_DATE` datetime DEFAULT NULL,
  `REVIEWS_RATING` double DEFAULT NULL,
  `REVIEWS_READ` bigint(20) DEFAULT NULL,
  `STATUS` int(11) DEFAULT NULL,
  `CUSTOMERS_ID` bigint(20) DEFAULT NULL,
  `PRODUCT_ID` bigint(20) DEFAULT NULL,
  PRIMARY KEY (`PRODUCT_REVIEW_ID`),
  UNIQUE KEY `UK9ew5idgdbk8a77534hbnhd4yb` (`CUSTOMERS_ID`,`PRODUCT_ID`),
  KEY `FKbfi8de7kxultg1vevq6jc1hn7` (`PRODUCT_ID`),
  CONSTRAINT `FK7tm0jrt0hiugo3ep49t3subou` FOREIGN KEY (`CUSTOMERS_ID`) REFERENCES `customer` (`CUSTOMER_ID`),
  CONSTRAINT `FKbfi8de7kxultg1vevq6jc1hn7` FOREIGN KEY (`PRODUCT_ID`) REFERENCES `product` (`PRODUCT_ID`)
) ENGINE=InnoDB DEFAULT CHARSET=utf8;
/*!40101 SET character_set_client = @saved_cs_client */;

--
-- Dumping data for table `product_review`
--

LOCK TABLES `product_review` WRITE;
/*!40000 ALTER TABLE `product_review` DISABLE KEYS */;
INSERT INTO `product_review` VALUES (1,'2020-09-14 23:19:59','2020-09-14 23:19:59',NULL,'2020-09-14 00:00:00',4,NULL,NULL,1301,150),(50,'2021-02-17 17:36:54','2021-02-17 17:36:54',NULL,'2021-02-17 00:00:00',4.5,NULL,NULL,1950,250);
/*!40000 ALTER TABLE `product_review` ENABLE KEYS */;
UNLOCK TABLES;

--
-- Table structure for table `product_review_description`
--

DROP TABLE IF EXISTS `product_review_description`;
/*!40101 SET @saved_cs_client     = @@character_set_client */;
/*!40101 SET character_set_client = utf8 */;
CREATE TABLE `product_review_description` (
  `DESCRIPTION_ID` bigint(20) NOT NULL,
  `DATE_CREATED` datetime DEFAULT NULL,
  `DATE_MODIFIED` datetime DEFAULT NULL,
  `UPDT_ID` varchar(20) DEFAULT NULL,
  `DESCRIPTION` longtext DEFAULT NULL,
  `NAME` varchar(120) NOT NULL,
  `TITLE` varchar(100) DEFAULT NULL,
  `LANGUAGE_ID` int(11) NOT NULL,
  `PRODUCT_REVIEW_ID` bigint(20) DEFAULT NULL,
  PRIMARY KEY (`DESCRIPTION_ID`),
  UNIQUE KEY `UKqno5wjdtcj8pm3ykkkh7t4rxj` (`PRODUCT_REVIEW_ID`,`LANGUAGE_ID`),
  KEY `FK7byc5jsf5bm4lk674ac44e50m` (`LANGUAGE_ID`),
  CONSTRAINT `FK7byc5jsf5bm4lk674ac44e50m` FOREIGN KEY (`LANGUAGE_ID`) REFERENCES `language` (`LANGUAGE_ID`),
  CONSTRAINT `FKmjivhigdcxmytndlpjuhf4o25` FOREIGN KEY (`PRODUCT_REVIEW_ID`) REFERENCES `product_review` (`PRODUCT_REVIEW_ID`)
) ENGINE=InnoDB DEFAULT CHARSET=utf8;
/*!40101 SET character_set_client = @saved_cs_client */;

--
-- Dumping data for table `product_review_description`
--

LOCK TABLES `product_review_description` WRITE;
/*!40000 ALTER TABLE `product_review_description` DISABLE KEYS */;
INSERT INTO `product_review_description` VALUES (2100,'2020-09-14 23:19:59','2020-09-14 23:19:59',NULL,'This is good stuff','-',NULL,1,1),(2900,'2021-02-17 17:36:54','2021-02-17 17:36:54',NULL,'This is good stuff','-',NULL,1,50);
/*!40000 ALTER TABLE `product_review_description` ENABLE KEYS */;
UNLOCK TABLES;

--
-- Table structure for table `product_type`
--

DROP TABLE IF EXISTS `product_type`;
/*!40101 SET @saved_cs_client     = @@character_set_client */;
/*!40101 SET character_set_client = utf8 */;
CREATE TABLE `product_type` (
  `PRODUCT_TYPE_ID` bigint(20) NOT NULL,
  `PRD_TYPE_ADD_TO_CART` bit(1) DEFAULT NULL,
  `DATE_CREATED` datetime DEFAULT NULL,
  `DATE_MODIFIED` datetime DEFAULT NULL,
  `UPDT_ID` varchar(20) DEFAULT NULL,
  `PRD_TYPE_CODE` varchar(255) DEFAULT NULL,
  `MERCHANT_ID` int(11) DEFAULT NULL,
  PRIMARY KEY (`PRODUCT_TYPE_ID`),
  KEY `FKswkvtaq4om2di6x8cd4m22ofn` (`MERCHANT_ID`),
  CONSTRAINT `FKswkvtaq4om2di6x8cd4m22ofn` FOREIGN KEY (`MERCHANT_ID`) REFERENCES `merchant_store` (`MERCHANT_ID`)
) ENGINE=InnoDB DEFAULT CHARSET=utf8;
/*!40101 SET character_set_client = @saved_cs_client */;

--
-- Dumping data for table `product_type`
--

LOCK TABLES `product_type` WRITE;
/*!40000 ALTER TABLE `product_type` DISABLE KEYS */;
INSERT INTO `product_type` VALUES (1,NULL,'2020-06-02 21:26:33','2020-06-02 21:26:33',NULL,'GENERAL',NULL);
/*!40000 ALTER TABLE `product_type` ENABLE KEYS */;
UNLOCK TABLES;

--
-- Table structure for table `product_type_description`
--

DROP TABLE IF EXISTS `product_type_description`;
/*!40101 SET @saved_cs_client     = @@character_set_client */;
/*!40101 SET character_set_client = utf8 */;
CREATE TABLE `product_type_description` (
  `DESCRIPTION_ID` bigint(20) NOT NULL,
  `DATE_CREATED` datetime DEFAULT NULL,
  `DATE_MODIFIED` datetime DEFAULT NULL,
  `UPDT_ID` varchar(20) DEFAULT NULL,
  `DESCRIPTION` longtext DEFAULT NULL,
  `NAME` varchar(120) NOT NULL,
  `TITLE` varchar(100) DEFAULT NULL,
  `LANGUAGE_ID` int(11) NOT NULL,
  `PRODUCT_TYPE_ID` bigint(20) NOT NULL,
  PRIMARY KEY (`DESCRIPTION_ID`),
  UNIQUE KEY `UKbnra4lwqjkju4yh04824sw6be` (`PRODUCT_TYPE_ID`,`LANGUAGE_ID`),
  KEY `FK81q74whco5y9fd51aa330hlc0` (`LANGUAGE_ID`),
  CONSTRAINT `FK81q74whco5y9fd51aa330hlc0` FOREIGN KEY (`LANGUAGE_ID`) REFERENCES `language` (`LANGUAGE_ID`),
  CONSTRAINT `FKrefxr8q2qwraslqguql31vu34` FOREIGN KEY (`PRODUCT_TYPE_ID`) REFERENCES `product_price` (`PRODUCT_PRICE_ID`)
) ENGINE=InnoDB DEFAULT CHARSET=utf8;
/*!40101 SET character_set_client = @saved_cs_client */;

--
-- Dumping data for table `product_type_description`
--

LOCK TABLES `product_type_description` WRITE;
/*!40000 ALTER TABLE `product_type_description` DISABLE KEYS */;
/*!40000 ALTER TABLE `product_type_description` ENABLE KEYS */;
UNLOCK TABLES;

--
-- Table structure for table `shiping_origin`
--

DROP TABLE IF EXISTS `shiping_origin`;
/*!40101 SET @saved_cs_client     = @@character_set_client */;
/*!40101 SET character_set_client = utf8 */;
CREATE TABLE `shiping_origin` (
  `SHIP_ORIGIN_ID` bigint(20) NOT NULL,
  `ACTIVE` bit(1) DEFAULT NULL,
  `STREET_ADDRESS` varchar(256) NOT NULL,
  `CITY` varchar(100) NOT NULL,
  `POSTCODE` varchar(20) NOT NULL,
  `STATE` varchar(100) DEFAULT NULL,
  `COUNTRY_ID` int(11) DEFAULT NULL,
  `MERCHANT_ID` int(11) NOT NULL,
  `ZONE_ID` bigint(20) DEFAULT NULL,
  PRIMARY KEY (`SHIP_ORIGIN_ID`),
  KEY `FKpqig59usqvs9h0dw4lm8rv7yy` (`COUNTRY_ID`),
  KEY `FKp0dbwsv3sdsp57ex7j5k9b0oq` (`MERCHANT_ID`),
  KEY `FK6k73f1n18kr7mqp708aiwq047` (`ZONE_ID`),
  CONSTRAINT `FK6k73f1n18kr7mqp708aiwq047` FOREIGN KEY (`ZONE_ID`) REFERENCES `zone` (`ZONE_ID`),
  CONSTRAINT `FKp0dbwsv3sdsp57ex7j5k9b0oq` FOREIGN KEY (`MERCHANT_ID`) REFERENCES `merchant_store` (`MERCHANT_ID`),
  CONSTRAINT `FKpqig59usqvs9h0dw4lm8rv7yy` FOREIGN KEY (`COUNTRY_ID`) REFERENCES `country` (`COUNTRY_ID`)
) ENGINE=InnoDB DEFAULT CHARSET=utf8;
/*!40101 SET character_set_client = @saved_cs_client */;

--
-- Dumping data for table `shiping_origin`
--

LOCK TABLES `shiping_origin` WRITE;
/*!40000 ALTER TABLE `shiping_origin` DISABLE KEYS */;
INSERT INTO `shiping_origin` VALUES (1,'','Gandhi Market, Piplani, BHEL','BHOPAL','462021','MADHYA PRADESH',37,1,NULL);
/*!40000 ALTER TABLE `shiping_origin` ENABLE KEYS */;
UNLOCK TABLES;

--
-- Table structure for table `shipping_quote`
--

DROP TABLE IF EXISTS `shipping_quote`;
/*!40101 SET @saved_cs_client     = @@character_set_client */;
/*!40101 SET character_set_client = utf8 */;
CREATE TABLE `shipping_quote` (
  `SHIPPING_QUOTE_ID` bigint(20) NOT NULL,
  `CART_ID` bigint(20) DEFAULT NULL,
  `CUSTOMER_ID` bigint(20) DEFAULT NULL,
  `DELIVERY_STREET_ADDRESS` varchar(256) DEFAULT NULL,
  `DELIVERY_CITY` varchar(100) DEFAULT NULL,
  `DELIVERY_COMPANY` varchar(100) DEFAULT NULL,
  `DELIVERY_FIRST_NAME` varchar(64) DEFAULT NULL,
  `DELIVERY_LAST_NAME` varchar(64) DEFAULT NULL,
  `DELIVERY_POSTCODE` varchar(20) DEFAULT NULL,
  `DELIVERY_STATE` varchar(100) DEFAULT NULL,
  `DELIVERY_TELEPHONE` varchar(32) DEFAULT NULL,
  `SHIPPING_NUMBER_DAYS` int(11) DEFAULT NULL,
  `FREE_SHIPPING` bit(1) DEFAULT NULL,
  `QUOTE_HANDLING` decimal(19,2) DEFAULT NULL,
  `MODULE` varchar(255) NOT NULL,
  `OPTION_CODE` varchar(255) DEFAULT NULL,
  `OPTION_DELIVERY_DATE` datetime DEFAULT NULL,
  `OPTION_NAME` varchar(255) DEFAULT NULL,
  `OPTION_SHIPPING_DATE` datetime DEFAULT NULL,
  `ORDER_ID` bigint(20) DEFAULT NULL,
  `QUOTE_PRICE` decimal(19,2) DEFAULT NULL,
  `QUOTE_DATE` datetime DEFAULT NULL,
  `DELIVERY_COUNTRY_ID` int(11) DEFAULT NULL,
  `DELIVERY_ZONE_ID` bigint(20) DEFAULT NULL,
  PRIMARY KEY (`SHIPPING_QUOTE_ID`),
  KEY `FK9vb7tbjl8ivygdiqw883fewx7` (`DELIVERY_COUNTRY_ID`),
  KEY `FKiioesp0vl6x4om1jeajj4uy1t` (`DELIVERY_ZONE_ID`),
  CONSTRAINT `FK9vb7tbjl8ivygdiqw883fewx7` FOREIGN KEY (`DELIVERY_COUNTRY_ID`) REFERENCES `country` (`COUNTRY_ID`),
  CONSTRAINT `FKiioesp0vl6x4om1jeajj4uy1t` FOREIGN KEY (`DELIVERY_ZONE_ID`) REFERENCES `zone` (`ZONE_ID`)
) ENGINE=InnoDB DEFAULT CHARSET=utf8;
/*!40101 SET character_set_client = @saved_cs_client */;

--
-- Dumping data for table `shipping_quote`
--

LOCK TABLES `shipping_quote` WRITE;
/*!40000 ALTER TABLE `shipping_quote` DISABLE KEYS */;
INSERT INTO `shipping_quote` VALUES (1550,1700,NULL,NULL,NULL,NULL,NULL,NULL,NULL,'',NULL,NULL,'\0',NULL,'storePickUp','storePickUp',NULL,NULL,'2020-06-03 13:49:13',NULL,0.00,'2020-06-03 13:49:13',37,117),(1551,1700,NULL,'','Bhopal','HUGHES',NULL,NULL,'462041','',NULL,NULL,'\0',NULL,'priceByDistance','priceByDistance',NULL,'India','2020-06-03 13:50:23',NULL,5.00,'2020-06-03 13:50:23',37,117),(1552,1700,NULL,'','Bhopal','HUGHES',NULL,NULL,'462041','',NULL,NULL,'\0',NULL,'storePickUp','storePickUp',NULL,NULL,'2020-06-03 13:50:23',NULL,0.00,'2020-06-03 13:50:23',37,117),(1553,1700,NULL,'T.T. Nagar Road','Bhopal','HUGHES',NULL,NULL,'462002','',NULL,NULL,'\0',NULL,'priceByDistance','priceByDistance',NULL,'India','2020-06-03 13:50:46',NULL,81.00,'2020-06-03 13:50:46',37,117),(1554,1700,NULL,'T.T. Nagar Road','Bhopal','HUGHES',NULL,NULL,'462002','',NULL,NULL,'\0',NULL,'storePickUp','storePickUp',NULL,NULL,'2020-06-03 13:50:46',NULL,0.00,'2020-06-03 13:50:46',37,117),(1600,1750,NULL,NULL,NULL,NULL,NULL,NULL,NULL,'',NULL,NULL,'\0',NULL,'storePickUp','storePickUp',NULL,NULL,'2020-06-03 14:25:45',NULL,0.00,'2020-06-03 14:25:45',37,117),(1601,1750,NULL,'','Bhopal','HSC',NULL,NULL,'462041','',NULL,NULL,'\0',NULL,'priceByDistance','priceByDistance',NULL,'India','2020-06-03 14:26:10',NULL,5.00,'2020-06-03 14:26:10',37,117),(1602,1750,NULL,'','Bhopal','HSC',NULL,NULL,'462041','',NULL,NULL,'\0',NULL,'storePickUp','storePickUp',NULL,NULL,'2020-06-03 14:26:10',NULL,0.00,'2020-06-03 14:26:10',37,117),(1603,1751,NULL,NULL,NULL,NULL,NULL,NULL,NULL,'',NULL,NULL,'\0',NULL,'storePickUp','storePickUp',NULL,NULL,'2020-06-03 14:31:47',NULL,0.00,'2020-06-03 14:31:47',37,117),(1604,1751,NULL,'','Bhopal','Hsc',NULL,NULL,'462022','',NULL,NULL,'\0',NULL,'priceByDistance','priceByDistance',NULL,'India','2020-06-03 14:32:22',NULL,57.00,'2020-06-03 14:32:22',37,117),(1605,1751,NULL,'','Bhopal','Hsc',NULL,NULL,'462022','',NULL,NULL,'\0',NULL,'storePickUp','storePickUp',NULL,NULL,'2020-06-03 14:32:22',NULL,0.00,'2020-06-03 14:32:22',37,117),(1606,1752,NULL,NULL,NULL,NULL,NULL,NULL,NULL,'',NULL,NULL,'\0',NULL,'storePickUp','storePickUp',NULL,NULL,'2020-06-03 14:37:49',NULL,0.00,'2020-06-03 14:37:49',37,117),(1607,1752,NULL,'','Bhopal','Hsc',NULL,NULL,'462023','',NULL,NULL,'\0',NULL,'priceByDistance','priceByDistance',NULL,'India','2020-06-03 14:38:31',NULL,25.00,'2020-06-03 14:38:31',37,117),(1608,1752,NULL,'','Bhopal','Hsc',NULL,NULL,'462023','',NULL,NULL,'\0',NULL,'storePickUp','storePickUp',NULL,NULL,'2020-06-03 14:38:31',NULL,0.00,'2020-06-03 14:38:31',37,117),(1650,1801,NULL,NULL,NULL,NULL,NULL,NULL,NULL,'',NULL,NULL,'\0',NULL,'storePickUp','storePickUp',NULL,NULL,'2020-06-03 15:49:23',NULL,0.00,'2020-06-03 15:49:23',37,117),(1651,1801,NULL,'32 ABHINAV HOMES','BHOPAL','HUGHES',NULL,NULL,'4','',NULL,NULL,'\0',NULL,'priceByDistance','priceByDistance',NULL,'India','2020-06-03 15:50:49',NULL,20.00,'2020-06-03 15:50:49',37,117),(1652,1801,NULL,'32 ABHINAV HOMES','BHOPAL','HUGHES',NULL,NULL,'4','',NULL,NULL,'\0',NULL,'storePickUp','storePickUp',NULL,NULL,'2020-06-03 15:50:49',NULL,0.00,'2020-06-03 15:50:49',37,117),(1653,1801,NULL,'32 ABHINAV HOMES','BHOPAL','HUGHES',NULL,NULL,'46','',NULL,NULL,'\0',NULL,'priceByDistance','priceByDistance',NULL,'India','2020-06-03 15:50:52',NULL,20.00,'2020-06-03 15:50:52',37,117),(1654,1801,NULL,'32 ABHINAV HOMES','BHOPAL','HUGHES',NULL,NULL,'46','',NULL,NULL,'\0',NULL,'storePickUp','storePickUp',NULL,NULL,'2020-06-03 15:50:52',NULL,0.00,'2020-06-03 15:50:52',37,117),(1655,1801,NULL,'32 ABHINAV HOMES','BHOPAL','HUGHES',NULL,NULL,'462','',NULL,NULL,'\0',NULL,'priceByDistance','priceByDistance',NULL,'India','2020-06-03 15:50:53',NULL,20.00,'2020-06-03 15:50:53',37,117),(1656,1801,NULL,'32 ABHINAV HOMES','BHOPAL','HUGHES',NULL,NULL,'462','',NULL,NULL,'\0',NULL,'storePickUp','storePickUp',NULL,NULL,'2020-06-03 15:50:53',NULL,0.00,'2020-06-03 15:50:53',37,117),(1657,1801,NULL,'32 ABHINAV HOMES','BHOPAL','HUGHES',NULL,NULL,'4620','',NULL,NULL,'\0',NULL,'priceByDistance','priceByDistance',NULL,'India','2020-06-03 15:50:54',NULL,20.00,'2020-06-03 15:50:54',37,117),(1658,1801,NULL,'32 ABHINAV HOMES','BHOPAL','HUGHES',NULL,NULL,'4620','',NULL,NULL,'\0',NULL,'storePickUp','storePickUp',NULL,NULL,'2020-06-03 15:50:54',NULL,0.00,'2020-06-03 15:50:54',37,117),(1659,1801,NULL,'32 ABHINAV HOMES','BHOPAL','HUGHES',NULL,NULL,'46202','',NULL,NULL,'\0',NULL,'priceByDistance','priceByDistance',NULL,'India','2020-06-03 15:50:54',NULL,20.00,'2020-06-03 15:50:54',37,117),(1660,1801,NULL,'32 ABHINAV HOMES','BHOPAL','HUGHES',NULL,NULL,'46202','',NULL,NULL,'\0',NULL,'storePickUp','storePickUp',NULL,NULL,'2020-06-03 15:50:54',NULL,0.00,'2020-06-03 15:50:54',37,117),(1661,1801,NULL,'32 ABHINAV HOMES','BHOPAL','HUGHES',NULL,NULL,'462021','',NULL,NULL,'\0',NULL,'priceByDistance','priceByDistance',NULL,'India','2020-06-03 15:50:56',NULL,9.00,'2020-06-03 15:50:56',37,117),(1662,1801,NULL,'32 ABHINAV HOMES','BHOPAL','HUGHES',NULL,NULL,'462021','',NULL,NULL,'\0',NULL,'storePickUp','storePickUp',NULL,NULL,'2020-06-03 15:50:56',NULL,0.00,'2020-06-03 15:50:56',37,117),(1663,1801,NULL,'32 ABHINAV HOMES','BHOPAL','HUGHES',NULL,NULL,'462021','',NULL,NULL,'\0',NULL,'priceByDistance','priceByDistance',NULL,'India','2020-06-03 15:50:58',NULL,9.00,'2020-06-03 15:50:58',37,117),(1664,1801,NULL,'32 ABHINAV HOMES','BHOPAL','HUGHES',NULL,NULL,'462021','',NULL,NULL,'\0',NULL,'storePickUp','storePickUp',NULL,NULL,'2020-06-03 15:50:58',NULL,0.00,'2020-06-03 15:50:58',37,117),(1665,1802,NULL,NULL,NULL,NULL,NULL,NULL,NULL,'',NULL,NULL,'\0',NULL,'storePickUp','storePickUp',NULL,NULL,'2020-06-03 15:55:30',NULL,0.00,'2020-06-03 15:55:30',37,117),(1666,1802,NULL,'H. No. 142 Govindpura','Bhopal','Hsc',NULL,NULL,'4','',NULL,NULL,'\0',NULL,'priceByDistance','priceByDistance',NULL,'India','2020-06-03 15:56:26',NULL,32.00,'2020-06-03 15:56:26',37,117),(1667,1802,NULL,'H. No. 142 Govindpura','Bhopal','Hsc',NULL,NULL,'4','',NULL,NULL,'\0',NULL,'storePickUp','storePickUp',NULL,NULL,'2020-06-03 15:56:26',NULL,0.00,'2020-06-03 15:56:26',37,117),(1668,1802,NULL,'H. No. 142 Govindpura','Bhopal','Hsc',NULL,NULL,'46','',NULL,NULL,'\0',NULL,'priceByDistance','priceByDistance',NULL,'India','2020-06-03 15:56:26',NULL,32.00,'2020-06-03 15:56:26',37,117),(1669,1802,NULL,'H. No. 142 Govindpura','Bhopal','Hsc',NULL,NULL,'46','',NULL,NULL,'\0',NULL,'storePickUp','storePickUp',NULL,NULL,'2020-06-03 15:56:26',NULL,0.00,'2020-06-03 15:56:26',37,117),(1670,1802,NULL,'H. No. 142 Govindpura','Bhopal','Hsc',NULL,NULL,'462','',NULL,NULL,'\0',NULL,'priceByDistance','priceByDistance',NULL,'India','2020-06-03 15:56:27',NULL,32.00,'2020-06-03 15:56:27',37,117),(1671,1802,NULL,'H. No. 142 Govindpura','Bhopal','Hsc',NULL,NULL,'462','',NULL,NULL,'\0',NULL,'storePickUp','storePickUp',NULL,NULL,'2020-06-03 15:56:27',NULL,0.00,'2020-06-03 15:56:27',37,117),(1672,1802,NULL,'H. No. 142 Govindpura','Bhopal','Hsc',NULL,NULL,'4620','',NULL,NULL,'\0',NULL,'priceByDistance','priceByDistance',NULL,'India','2020-06-03 15:56:28',NULL,32.00,'2020-06-03 15:56:28',37,117),(1673,1802,NULL,'H. No. 142 Govindpura','Bhopal','Hsc',NULL,NULL,'4620','',NULL,NULL,'\0',NULL,'storePickUp','storePickUp',NULL,NULL,'2020-06-03 15:56:28',NULL,0.00,'2020-06-03 15:56:28',37,117),(1674,1802,NULL,'H. No. 142 Govindpura','Bhopal','Hsc',NULL,NULL,'46202','',NULL,NULL,'\0',NULL,'priceByDistance','priceByDistance',NULL,'India','2020-06-03 15:56:28',NULL,32.00,'2020-06-03 15:56:28',37,117),(1675,1802,NULL,'H. No. 142 Govindpura','Bhopal','Hsc',NULL,NULL,'46202','',NULL,NULL,'\0',NULL,'storePickUp','storePickUp',NULL,NULL,'2020-06-03 15:56:28',NULL,0.00,'2020-06-03 15:56:28',37,117),(1676,1802,NULL,'H. No. 142 Govindpura','Bhopal','Hsc',NULL,NULL,'462021','',NULL,NULL,'\0',NULL,'priceByDistance','priceByDistance',NULL,'India','2020-06-03 15:56:29',NULL,32.00,'2020-06-03 15:56:29',37,117),(1677,1802,NULL,'H. No. 142 Govindpura','Bhopal','Hsc',NULL,NULL,'462021','',NULL,NULL,'\0',NULL,'storePickUp','storePickUp',NULL,NULL,'2020-06-03 15:56:29',NULL,0.00,'2020-06-03 15:56:29',37,117),(1678,1802,NULL,'H. No. 142 Govindpura','Bhopal','Hsc',NULL,NULL,'462021','',NULL,NULL,'\0',NULL,'priceByDistance','priceByDistance',NULL,'India','2020-06-03 15:56:34',NULL,32.00,'2020-06-03 15:56:34',37,117),(1679,1802,NULL,'H. No. 142 Govindpura','Bhopal','Hsc',NULL,NULL,'462021','',NULL,NULL,'\0',NULL,'storePickUp','storePickUp',NULL,NULL,'2020-06-03 15:56:34',NULL,0.00,'2020-06-03 15:56:34',37,117),(1700,1850,NULL,NULL,NULL,NULL,NULL,NULL,NULL,'',NULL,NULL,'\0',NULL,'storePickUp','storePickUp',NULL,NULL,'2020-06-03 21:19:08',NULL,0.00,'2020-06-03 21:19:08',37,117),(1701,1851,NULL,NULL,NULL,NULL,NULL,NULL,NULL,'',NULL,NULL,'\0',NULL,'storePickUp','storePickUp',NULL,NULL,'2020-06-03 21:23:14',NULL,0.00,'2020-06-03 21:23:14',37,117),(1702,1851,NULL,'','Bhopal','Hsc',NULL,NULL,'462022','',NULL,NULL,'\0',NULL,'priceByDistance','priceByDistance',NULL,'India','2020-06-03 21:23:50',NULL,57.00,'2020-06-03 21:23:50',37,117),(1703,1851,NULL,'','Bhopal','Hsc',NULL,NULL,'462022','',NULL,NULL,'\0',NULL,'storePickUp','storePickUp',NULL,NULL,'2020-06-03 21:23:50',NULL,0.00,'2020-06-03 21:23:50',37,117),(1750,1900,NULL,NULL,NULL,NULL,NULL,NULL,NULL,'',NULL,NULL,'\0',NULL,'storePickUp','storePickUp',NULL,NULL,'2020-06-04 14:36:34',NULL,0.00,'2020-06-04 14:36:34',37,117),(1751,1901,NULL,NULL,NULL,NULL,NULL,NULL,NULL,'',NULL,NULL,'\0',NULL,'storePickUp','storePickUp',NULL,NULL,'2020-06-04 14:56:04',NULL,0.00,'2020-06-04 14:56:04',37,117),(1752,1901,NULL,'','Bhopal','HSC',NULL,NULL,'462022','',NULL,NULL,'\0',NULL,'priceByDistance','priceByDistance',NULL,'India','2020-06-04 14:56:42',NULL,57.00,'2020-06-04 14:56:42',37,117),(1753,1901,NULL,'','Bhopal','HSC',NULL,NULL,'462022','',NULL,NULL,'\0',NULL,'storePickUp','storePickUp',NULL,NULL,'2020-06-04 14:56:42',NULL,0.00,'2020-06-04 14:56:42',37,117),(1754,1901,NULL,NULL,NULL,NULL,NULL,NULL,NULL,'',NULL,NULL,'\0',NULL,'storePickUp','storePickUp',NULL,NULL,'2020-06-04 14:58:46',NULL,0.00,'2020-06-04 14:58:46',37,117),(1755,1901,NULL,'','Bhopal','HUGHES',NULL,NULL,'462041','',NULL,NULL,'\0',NULL,'priceByDistance','priceByDistance',NULL,'India','2020-06-04 14:59:14',NULL,5.00,'2020-06-04 14:59:14',37,117),(1756,1901,NULL,'','Bhopal','HUGHES',NULL,NULL,'462041','',NULL,NULL,'\0',NULL,'storePickUp','storePickUp',NULL,NULL,'2020-06-04 14:59:14',NULL,0.00,'2020-06-04 14:59:14',37,117),(1800,1900,NULL,NULL,NULL,NULL,NULL,NULL,NULL,'',NULL,NULL,'\0',NULL,'storePickUp','storePickUp',NULL,NULL,'2020-06-04 20:03:01',NULL,0.00,'2020-06-04 20:03:01',37,117),(1850,2000,NULL,NULL,NULL,NULL,NULL,NULL,NULL,'',NULL,NULL,'\0',NULL,'storePickUp','storePickUp',NULL,NULL,'2020-06-05 21:10:27',NULL,0.00,'2020-06-05 21:10:27',37,117),(1851,2000,NULL,'','Bhopal','Singh',NULL,NULL,'462022','',NULL,NULL,'\0',NULL,'priceByDistance','priceByDistance',NULL,'India','2020-06-05 21:10:55',NULL,57.00,'2020-06-05 21:10:55',37,117),(1852,2000,NULL,'','Bhopal','Singh',NULL,NULL,'462022','',NULL,NULL,'\0',NULL,'storePickUp','storePickUp',NULL,NULL,'2020-06-05 21:10:55',NULL,0.00,'2020-06-05 21:10:55',37,117),(1900,2050,NULL,NULL,NULL,NULL,NULL,NULL,NULL,'',NULL,NULL,'\0',NULL,'storePickUp','storePickUp',NULL,NULL,'2020-06-05 22:21:13',NULL,0.00,'2020-06-05 22:21:13',37,117),(1901,2050,NULL,'BHEL Toy Train','Bhopal','HUGHES',NULL,NULL,'462022','',NULL,NULL,'\0',NULL,'priceByDistance','priceByDistance',NULL,'India','2020-06-05 22:21:43',NULL,27.00,'2020-06-05 22:21:43',37,117),(1902,2050,NULL,'BHEL Toy Train','Bhopal','HUGHES',NULL,NULL,'462022','',NULL,NULL,'\0',NULL,'storePickUp','storePickUp',NULL,NULL,'2020-06-05 22:21:43',NULL,0.00,'2020-06-05 22:21:43',37,117),(1903,2050,NULL,'BHEL Toy Train ','Bhopal','HUGHES',NULL,NULL,'462022','',NULL,NULL,'\0',NULL,'priceByDistance','priceByDistance',NULL,'India','2020-06-05 22:22:26',NULL,27.00,'2020-06-05 22:22:26',37,117),(1904,2050,NULL,'BHEL Toy Train ','Bhopal','HUGHES',NULL,NULL,'462022','',NULL,NULL,'\0',NULL,'storePickUp','storePickUp',NULL,NULL,'2020-06-05 22:22:26',NULL,0.00,'2020-06-05 22:22:26',37,117),(1905,2051,NULL,NULL,NULL,NULL,NULL,NULL,NULL,'',NULL,NULL,'\0',NULL,'storePickUp','storePickUp',NULL,NULL,'2020-06-05 22:29:29',NULL,0.00,'2020-06-05 22:29:29',37,117),(1906,2051,NULL,'','Bhopal','carnival',NULL,NULL,'462022','',NULL,NULL,'\0',NULL,'priceByDistance','priceByDistance',NULL,'India','2020-06-05 22:29:52',NULL,57.00,'2020-06-05 22:29:52',37,117),(1907,2051,NULL,'','Bhopal','carnival',NULL,NULL,'462022','',NULL,NULL,'\0',NULL,'storePickUp','storePickUp',NULL,NULL,'2020-06-05 22:29:52',NULL,0.00,'2020-06-05 22:29:52',37,117),(1908,2051,NULL,'h.no. 32','Bhopal','carnival',NULL,NULL,'462022','',NULL,NULL,'\0',NULL,'priceByDistance','priceByDistance',NULL,'India','2020-06-05 22:30:34',NULL,57.00,'2020-06-05 22:30:34',37,117),(1909,2051,NULL,'h.no. 32','Bhopal','carnival',NULL,NULL,'462022','',NULL,NULL,'\0',NULL,'storePickUp','storePickUp',NULL,NULL,'2020-06-05 22:30:34',NULL,0.00,'2020-06-05 22:30:34',37,117),(1910,2052,NULL,NULL,NULL,NULL,NULL,NULL,NULL,'',NULL,NULL,'\0',NULL,'storePickUp','storePickUp',NULL,NULL,'2020-06-05 22:33:50',NULL,0.00,'2020-06-05 22:33:50',37,117),(1911,2052,NULL,'Bairagarh Road','Bhopal','HUGHES',NULL,NULL,'462030','',NULL,NULL,'\0',NULL,'priceByDistance','priceByDistance',NULL,'India','2020-06-05 22:34:18',NULL,105.00,'2020-06-05 22:34:18',37,117),(1912,2052,NULL,'Bairagarh Road','Bhopal','HUGHES',NULL,NULL,'462030','',NULL,NULL,'\0',NULL,'storePickUp','storePickUp',NULL,NULL,'2020-06-05 22:34:18',NULL,0.00,'2020-06-05 22:34:18',37,117),(1913,2052,NULL,'Bairagarh Road','Bhopal','HUGHES',NULL,NULL,'462030','',NULL,NULL,'\0',NULL,'priceByDistance','priceByDistance',NULL,'India','2020-06-05 22:35:10',NULL,105.00,'2020-06-05 22:35:10',37,117),(1914,2052,NULL,'Bairagarh Road','Bhopal','HUGHES',NULL,NULL,'462030','',NULL,NULL,'\0',NULL,'storePickUp','storePickUp',NULL,NULL,'2020-06-05 22:35:10',NULL,0.00,'2020-06-05 22:35:10',37,117),(1950,1900,NULL,'H.NO. 32 ABHINAV HOMES PHASE2','BHOPAL','HSC',NULL,NULL,'462041',NULL,NULL,NULL,'\0',NULL,'priceByDistance','priceByDistance',NULL,'India','2020-06-06 22:19:13',NULL,9.00,'2020-06-06 22:19:13',37,117),(1951,1900,NULL,'H.NO. 32 ABHINAV HOMES PHASE2','BHOPAL','HSC',NULL,NULL,'462041',NULL,NULL,NULL,'\0',NULL,'storePickUp','storePickUp',NULL,NULL,'2020-06-06 22:19:13',NULL,0.00,'2020-06-06 22:19:13',37,117),(1952,1900,NULL,'','Bhopal','HSC',NULL,NULL,'462041','',NULL,NULL,'\0',NULL,'priceByDistance','priceByDistance',NULL,'India','2020-06-06 22:26:41',NULL,5.00,'2020-06-06 22:26:41',37,117),(1953,1900,NULL,'','Bhopal','HSC',NULL,NULL,'462041','',NULL,NULL,'\0',NULL,'storePickUp','storePickUp',NULL,NULL,'2020-06-06 22:26:41',NULL,0.00,'2020-06-06 22:26:41',37,117),(1954,1900,NULL,'H.NO. 32 ABHINAV HOMES PHASE2','BHOPAL','HSC',NULL,NULL,'462041',NULL,NULL,NULL,'\0',NULL,'priceByDistance','priceByDistance',NULL,'India','2020-06-06 22:28:13',NULL,9.00,'2020-06-06 22:28:13',37,117),(1955,1900,NULL,'H.NO. 32 ABHINAV HOMES PHASE2','BHOPAL','HSC',NULL,NULL,'462041',NULL,NULL,NULL,'\0',NULL,'storePickUp','storePickUp',NULL,NULL,'2020-06-06 22:28:13',NULL,0.00,'2020-06-06 22:28:13',37,117),(1956,1900,NULL,'','Bhopal','HSC',NULL,NULL,'462041','',NULL,NULL,'\0',NULL,'priceByDistance','priceByDistance',NULL,'India','2020-06-06 22:29:01',NULL,5.00,'2020-06-06 22:29:01',37,117),(1957,1900,NULL,'','Bhopal','HSC',NULL,NULL,'462041','',NULL,NULL,'\0',NULL,'storePickUp','storePickUp',NULL,NULL,'2020-06-06 22:29:01',NULL,0.00,'2020-06-06 22:29:01',37,117),(2000,2150,NULL,NULL,NULL,NULL,NULL,NULL,NULL,'',NULL,NULL,'\0',NULL,'storePickUp','storePickUp',NULL,NULL,'2020-06-07 16:21:07',NULL,0.00,'2020-06-07 16:21:07',37,117),(2001,2150,NULL,'','Bhopal','HSC',NULL,NULL,'462022','',NULL,NULL,'\0',NULL,'priceByDistance','priceByDistance',NULL,'India','2020-06-07 16:21:39',NULL,57.00,'2020-06-07 16:21:39',37,117),(2002,2150,NULL,'','Bhopal','HSC',NULL,NULL,'462022','',NULL,NULL,'\0',NULL,'storePickUp','storePickUp',NULL,NULL,'2020-06-07 16:21:39',NULL,0.00,'2020-06-07 16:21:39',37,117),(2050,2200,NULL,NULL,NULL,NULL,NULL,NULL,NULL,'',NULL,NULL,'\0',NULL,'storePickUp','storePickUp',NULL,NULL,'2020-06-07 17:55:31',NULL,0.00,'2020-06-07 17:55:31',37,117),(2051,2200,NULL,'','Bhopal','Carnival',NULL,NULL,'462022','',NULL,NULL,'\0',NULL,'priceByDistance','priceByDistance',NULL,'India','2020-06-07 17:56:04',NULL,57.00,'2020-06-07 17:56:04',37,117),(2052,2200,NULL,'','Bhopal','Carnival',NULL,NULL,'462022','',NULL,NULL,'\0',NULL,'storePickUp','storePickUp',NULL,NULL,'2020-06-07 17:56:04',NULL,0.00,'2020-06-07 17:56:04',37,117),(2100,2250,NULL,NULL,NULL,NULL,NULL,NULL,NULL,'',NULL,NULL,'\0',NULL,'storePickUp','storePickUp',NULL,NULL,'2020-06-14 22:29:09',NULL,0.00,'2020-06-14 22:29:09',37,117),(2150,2300,NULL,NULL,NULL,NULL,NULL,NULL,NULL,'',NULL,NULL,'\0',NULL,'storePickUp','storePickUp',NULL,NULL,'2020-06-14 22:56:11',NULL,0.00,'2020-06-14 22:56:11',37,117),(2200,2300,NULL,NULL,NULL,NULL,NULL,NULL,NULL,'',NULL,NULL,'\0',NULL,'storePickUp','storePickUp',NULL,NULL,'2020-06-14 23:06:36',NULL,0.00,'2020-06-14 23:06:36',37,117),(2201,2300,NULL,NULL,NULL,NULL,NULL,NULL,NULL,'',NULL,NULL,'\0',NULL,'storePickUp','storePickUp',NULL,NULL,'2020-06-14 23:14:36',NULL,0.00,'2020-06-14 23:14:36',37,117),(2250,2300,NULL,NULL,NULL,NULL,NULL,NULL,NULL,'',NULL,NULL,'\0',NULL,'storePickUp','storePickUp',NULL,NULL,'2020-06-14 23:17:34',NULL,0.00,'2020-06-14 23:17:34',37,117),(2300,2300,NULL,NULL,NULL,NULL,NULL,NULL,NULL,'',NULL,NULL,'\0',NULL,'storePickUp','storePickUp',NULL,NULL,'2020-06-16 00:00:02',NULL,0.00,'2020-06-16 00:00:02',37,117),(2350,2350,NULL,NULL,NULL,NULL,NULL,NULL,NULL,'',NULL,NULL,'\0',NULL,'storePickUp','storePickUp',NULL,NULL,'2020-06-16 00:14:19',NULL,0.00,'2020-06-16 00:14:19',37,117),(2400,2350,NULL,NULL,NULL,NULL,NULL,NULL,NULL,'',NULL,NULL,'\0',NULL,'storePickUp','storePickUp',NULL,NULL,'2020-06-16 00:19:30',NULL,0.00,'2020-06-16 00:19:30',37,117),(2450,2300,NULL,NULL,NULL,NULL,NULL,NULL,NULL,'',NULL,NULL,'\0',NULL,'storePickUp','storePickUp',NULL,NULL,'2020-06-16 13:29:25',NULL,0.00,'2020-06-16 13:29:25',37,117),(2500,2400,NULL,NULL,NULL,NULL,NULL,NULL,NULL,'',NULL,NULL,'\0',NULL,'storePickUp','storePickUp',NULL,NULL,'2020-06-22 00:57:09',NULL,0.00,'2020-06-22 00:57:09',37,117),(2501,2450,NULL,NULL,NULL,NULL,NULL,NULL,NULL,'',NULL,NULL,'\0',NULL,'storePickUp','storePickUp',NULL,NULL,'2020-06-22 01:00:32',NULL,0.00,'2020-06-22 01:00:32',37,117),(2502,2450,NULL,'','Bhopal','HSC',NULL,NULL,'462023','',NULL,NULL,'\0',NULL,'priceByDistance','priceByDistance',NULL,'India','2020-06-22 01:01:22',NULL,25.00,'2020-06-22 01:01:22',37,117),(2503,2450,NULL,'','Bhopal','HSC',NULL,NULL,'462023','',NULL,NULL,'\0',NULL,'storePickUp','storePickUp',NULL,NULL,'2020-06-22 01:01:22',NULL,0.00,'2020-06-22 01:01:22',37,117),(2550,2450,NULL,NULL,NULL,NULL,NULL,NULL,NULL,'',NULL,NULL,'\0',NULL,'storePickUp','storePickUp',NULL,NULL,'2020-06-22 01:13:43',NULL,0.00,'2020-06-22 01:13:43',37,117),(2551,2450,NULL,'','Bhopal','HSC',NULL,NULL,'462022','',NULL,NULL,'\0',NULL,'priceByDistance','priceByDistance',NULL,'India','2020-06-22 01:14:15',NULL,57.00,'2020-06-22 01:14:15',37,117),(2552,2450,NULL,'','Bhopal','HSC',NULL,NULL,'462022','',NULL,NULL,'\0',NULL,'storePickUp','storePickUp',NULL,NULL,'2020-06-22 01:14:15',NULL,0.00,'2020-06-22 01:14:15',37,117),(2600,2450,NULL,NULL,NULL,NULL,NULL,NULL,NULL,'',NULL,NULL,'\0',NULL,'storePickUp','storePickUp',NULL,NULL,'2020-06-22 01:29:56',NULL,0.00,'2020-06-22 01:29:56',37,117),(2601,2450,NULL,'','Bhopal','HSCTM',NULL,NULL,'462022','',NULL,NULL,'\0',NULL,'priceByDistance','priceByDistance',NULL,'India','2020-06-22 01:30:24',NULL,57.00,'2020-06-22 01:30:24',37,117),(2602,2450,NULL,'','Bhopal','HSCTM',NULL,NULL,'462022','',NULL,NULL,'\0',NULL,'storePickUp','storePickUp',NULL,NULL,'2020-06-22 01:30:24',NULL,0.00,'2020-06-22 01:30:24',37,117),(2603,2450,NULL,NULL,NULL,NULL,NULL,NULL,NULL,'',NULL,NULL,'\0',NULL,'storePickUp','storePickUp',NULL,NULL,'2020-06-22 01:31:45',NULL,0.00,'2020-06-22 01:31:45',37,117),(2604,2450,NULL,NULL,NULL,NULL,NULL,NULL,NULL,'',NULL,NULL,'\0',NULL,'storePickUp','storePickUp',NULL,NULL,'2020-06-22 01:32:37',NULL,0.00,'2020-06-22 01:32:37',37,117),(2605,2450,NULL,NULL,NULL,NULL,NULL,NULL,NULL,'',NULL,NULL,'\0',NULL,'storePickUp','storePickUp',NULL,NULL,'2020-06-22 01:33:34',NULL,0.00,'2020-06-22 01:33:34',37,117),(2606,2450,NULL,'Bhopal Bypass Road','Bhopal','HSCTM',NULL,NULL,'4','',NULL,NULL,'\0',NULL,'priceByDistance','priceByDistance',NULL,'India','2020-06-22 01:34:44',NULL,72.00,'2020-06-22 01:34:44',37,117),(2607,2450,NULL,'Bhopal Bypass Road','Bhopal','HSCTM',NULL,NULL,'4','',NULL,NULL,'\0',NULL,'storePickUp','storePickUp',NULL,NULL,'2020-06-22 01:34:44',NULL,0.00,'2020-06-22 01:34:44',37,117),(2608,2450,NULL,'Bhopal Bypass Road','Bhopal','HSCTM',NULL,NULL,'46','',NULL,NULL,'\0',NULL,'priceByDistance','priceByDistance',NULL,'India','2020-06-22 01:34:44',NULL,72.00,'2020-06-22 01:34:44',37,117),(2609,2450,NULL,'Bhopal Bypass Road','Bhopal','HSCTM',NULL,NULL,'46','',NULL,NULL,'\0',NULL,'storePickUp','storePickUp',NULL,NULL,'2020-06-22 01:34:44',NULL,0.00,'2020-06-22 01:34:44',37,117),(2610,2450,NULL,'Bhopal Bypass Road','Bhopal','HSCTM',NULL,NULL,'462','',NULL,NULL,'\0',NULL,'priceByDistance','priceByDistance',NULL,'India','2020-06-22 01:34:45',NULL,92.00,'2020-06-22 01:34:45',37,117),(2611,2450,NULL,'Bhopal Bypass Road','Bhopal','HSCTM',NULL,NULL,'462','',NULL,NULL,'\0',NULL,'storePickUp','storePickUp',NULL,NULL,'2020-06-22 01:34:45',NULL,0.00,'2020-06-22 01:34:45',37,117),(2612,2450,NULL,'Bhopal Bypass Road','Bhopal','HSCTM',NULL,NULL,'4620','',NULL,NULL,'\0',NULL,'priceByDistance','priceByDistance',NULL,'India','2020-06-22 01:34:48',NULL,92.00,'2020-06-22 01:34:48',37,117),(2613,2450,NULL,'Bhopal Bypass Road','Bhopal','HSCTM',NULL,NULL,'4620','',NULL,NULL,'\0',NULL,'storePickUp','storePickUp',NULL,NULL,'2020-06-22 01:34:48',NULL,0.00,'2020-06-22 01:34:48',37,117),(2614,2450,NULL,'Bhopal Bypass Road','Bhopal','HSCTM',NULL,NULL,'46202','',NULL,NULL,'\0',NULL,'priceByDistance','priceByDistance',NULL,'India','2020-06-22 01:34:49',NULL,92.00,'2020-06-22 01:34:49',37,117),(2615,2450,NULL,'Bhopal Bypass Road','Bhopal','HSCTM',NULL,NULL,'46202','',NULL,NULL,'\0',NULL,'storePickUp','storePickUp',NULL,NULL,'2020-06-22 01:34:49',NULL,0.00,'2020-06-22 01:34:49',37,117),(2616,2450,NULL,'Bhopal Bypass Road','Bhopal','HSCTM',NULL,NULL,'462021','',NULL,NULL,'\0',NULL,'priceByDistance','priceByDistance',NULL,'India','2020-06-22 01:34:49',NULL,92.00,'2020-06-22 01:34:49',37,117),(2617,2450,NULL,'Bhopal Bypass Road','Bhopal','HSCTM',NULL,NULL,'462021','',NULL,NULL,'\0',NULL,'storePickUp','storePickUp',NULL,NULL,'2020-06-22 01:34:49',NULL,0.00,'2020-06-22 01:34:49',37,117),(2618,2450,NULL,'Bhopal Bypass Road','Bhopal','HSCTM',NULL,NULL,'462021','',NULL,NULL,'\0',NULL,'priceByDistance','priceByDistance',NULL,'India','2020-06-22 01:34:52',NULL,92.00,'2020-06-22 01:34:52',37,117),(2619,2450,NULL,'Bhopal Bypass Road','Bhopal','HSCTM',NULL,NULL,'462021','',NULL,NULL,'\0',NULL,'storePickUp','storePickUp',NULL,NULL,'2020-06-22 01:34:52',NULL,0.00,'2020-06-22 01:34:52',37,117),(2620,2450,NULL,NULL,NULL,NULL,NULL,NULL,NULL,'',NULL,NULL,'\0',NULL,'storePickUp','storePickUp',NULL,NULL,'2020-06-22 01:35:36',NULL,0.00,'2020-06-22 01:35:36',37,117),(2650,2500,NULL,NULL,NULL,NULL,NULL,NULL,NULL,'',NULL,NULL,'\0',NULL,'storePickUp','storePickUp',NULL,NULL,'2020-06-28 00:36:38',NULL,0.00,'2020-06-28 00:36:38',37,117),(2700,2500,NULL,NULL,NULL,NULL,NULL,NULL,NULL,'',NULL,NULL,'\0',NULL,'storePickUp','storePickUp',NULL,NULL,'2020-06-28 00:46:45',NULL,0.00,'2020-06-28 00:46:45',37,117),(2701,2500,NULL,'LIG Sector-B','Bhopal','HSC',NULL,NULL,'462022','',NULL,NULL,'\0',NULL,'priceByDistance','priceByDistance',NULL,'India','2020-06-28 00:48:34',NULL,15.00,'2020-06-28 00:48:34',37,117),(2702,2500,NULL,'LIG Sector-B','Bhopal','HSC',NULL,NULL,'462022','',NULL,NULL,'\0',NULL,'storePickUp','storePickUp',NULL,NULL,'2020-06-28 00:48:34',NULL,0.00,'2020-06-28 00:48:34',37,117),(2703,2500,NULL,'','Bhopal','HSC',NULL,NULL,'462022','',NULL,NULL,'\0',NULL,'priceByDistance','priceByDistance',NULL,'India','2020-06-28 00:49:20',NULL,57.00,'2020-06-28 00:49:20',37,117),(2704,2500,NULL,'','Bhopal','HSC',NULL,NULL,'462022','',NULL,NULL,'\0',NULL,'storePickUp','storePickUp',NULL,NULL,'2020-06-28 00:49:20',NULL,0.00,'2020-06-28 00:49:20',37,117),(2705,2500,NULL,'','Bhopal','HSC',NULL,NULL,'462023','',NULL,NULL,'\0',NULL,'priceByDistance','priceByDistance',NULL,'India','2020-06-28 00:50:34',NULL,25.00,'2020-06-28 00:50:34',37,117),(2706,2500,NULL,'','Bhopal','HSC',NULL,NULL,'462023','',NULL,NULL,'\0',NULL,'storePickUp','storePickUp',NULL,NULL,'2020-06-28 00:50:34',NULL,0.00,'2020-06-28 00:50:34',37,117),(2707,2500,NULL,'Eastern Road of BHEL','Bhopal','HSC',NULL,NULL,'462022','',NULL,NULL,'\0',NULL,'priceByDistance','priceByDistance',NULL,'India','2020-06-28 00:52:16',NULL,25.00,'2020-06-28 00:52:16',37,117),(2708,2500,NULL,'Eastern Road of BHEL','Bhopal','HSC',NULL,NULL,'462022','',NULL,NULL,'\0',NULL,'storePickUp','storePickUp',NULL,NULL,'2020-06-28 00:52:16',NULL,0.00,'2020-06-28 00:52:16',37,117),(2709,2500,NULL,'','Bhopal','HSC',NULL,NULL,'462003','',NULL,NULL,'\0',NULL,'priceByDistance','priceByDistance',NULL,'India','2020-06-28 00:52:46',NULL,66.00,'2020-06-28 00:52:46',37,117),(2710,2500,NULL,'','Bhopal','HSC',NULL,NULL,'462003','',NULL,NULL,'\0',NULL,'storePickUp','storePickUp',NULL,NULL,'2020-06-28 00:52:46',NULL,0.00,'2020-06-28 00:52:46',37,117),(2750,2300,NULL,NULL,NULL,NULL,NULL,NULL,NULL,'',NULL,NULL,'\0',NULL,'storePickUp','storePickUp',NULL,NULL,'2020-06-28 11:15:54',NULL,0.00,'2020-06-28 11:15:54',37,117),(2751,2300,NULL,'','','','','','','',NULL,NULL,'\0',NULL,'storePickUp','storePickUp',NULL,NULL,'2020-06-28 11:18:18',NULL,0.00,'2020-06-28 11:18:18',37,117),(2752,2300,NULL,'Abhinav Homes Phase 4, ISRO Colony, Ayodhya Nagar, Bhopal, Madhya Pradesh, India','Bhopal','HSC',NULL,NULL,'462041','',NULL,NULL,'\0',NULL,'priceByDistance','priceByDistance',NULL,'India','2020-06-28 11:24:14',NULL,3.00,'2020-06-28 11:24:14',37,117),(2753,2300,NULL,'Abhinav Homes Phase 4, ISRO Colony, Ayodhya Nagar, Bhopal, Madhya Pradesh, India','Bhopal','HSC',NULL,NULL,'462041','',NULL,NULL,'\0',NULL,'storePickUp','storePickUp',NULL,NULL,'2020-06-28 11:24:14',NULL,0.00,'2020-06-28 11:24:14',37,117),(2754,2300,NULL,'Abhinav Homes Phase 4, ISRO Colony, Ayodhya Nagar, Bhopal, Madhya Pradesh, India','Bhopal','HSC',NULL,NULL,'462041','',NULL,NULL,'\0',NULL,'priceByDistance','priceByDistance',NULL,'India','2020-06-28 11:25:43',NULL,3.00,'2020-06-28 11:25:43',37,117),(2755,2300,NULL,'Abhinav Homes Phase 4, ISRO Colony, Ayodhya Nagar, Bhopal, Madhya Pradesh, India','Bhopal','HSC',NULL,NULL,'462041','',NULL,NULL,'\0',NULL,'storePickUp','storePickUp',NULL,NULL,'2020-06-28 11:25:43',NULL,0.00,'2020-06-28 11:25:43',37,117),(2800,2550,NULL,NULL,NULL,NULL,NULL,NULL,NULL,'',NULL,NULL,'\0',NULL,'storePickUp','storePickUp',NULL,NULL,'2020-06-28 11:39:49',NULL,0.00,'2020-06-28 11:39:49',37,117),(2801,2550,NULL,'','Bhopal','hsc',NULL,NULL,'462022','',NULL,NULL,'\0',NULL,'priceByDistance','priceByDistance',NULL,'India','2020-06-28 11:40:25',NULL,57.00,'2020-06-28 11:40:25',37,117),(2802,2550,NULL,'','Bhopal','hsc',NULL,NULL,'462022','',NULL,NULL,'\0',NULL,'storePickUp','storePickUp',NULL,NULL,'2020-06-28 11:40:25',NULL,0.00,'2020-06-28 11:40:25',37,117),(2803,2300,NULL,'Abhinav Homes Phase 4, ISRO Colony, Ayodhya Nagar, Bhopal, Madhya Pradesh, India','Bhopal','HSC',NULL,NULL,'462041','',NULL,NULL,'\0',NULL,'priceByDistance','priceByDistance',NULL,'India','2020-06-28 11:41:49',NULL,3.00,'2020-06-28 11:41:49',37,117),(2804,2300,NULL,'Abhinav Homes Phase 4, ISRO Colony, Ayodhya Nagar, Bhopal, Madhya Pradesh, India','Bhopal','HSC',NULL,NULL,'462041','',NULL,NULL,'\0',NULL,'storePickUp','storePickUp',NULL,NULL,'2020-06-28 11:41:49',NULL,0.00,'2020-06-28 11:41:49',37,117),(2850,2600,NULL,NULL,NULL,NULL,NULL,NULL,NULL,'',NULL,NULL,'\0',NULL,'storePickUp','storePickUp',NULL,NULL,'2020-06-28 11:45:12',NULL,0.00,'2020-06-28 11:45:12',37,117),(2900,2650,NULL,NULL,NULL,NULL,NULL,NULL,NULL,'',NULL,NULL,'\0',NULL,'storePickUp','storePickUp',NULL,NULL,'2020-06-28 11:53:07',NULL,0.00,'2020-06-28 11:53:07',37,117),(2901,2650,NULL,NULL,NULL,NULL,NULL,NULL,NULL,'',NULL,NULL,'\0',NULL,'storePickUp','storePickUp',NULL,NULL,'2020-06-28 11:54:49',NULL,0.00,'2020-06-28 11:54:49',37,117),(2902,2650,NULL,'','Bhopal','',NULL,NULL,'462022','',NULL,NULL,'\0',NULL,'priceByDistance','priceByDistance',NULL,'India','2020-06-28 11:56:00',NULL,57.00,'2020-06-28 11:56:00',37,117),(2903,2650,NULL,'','Bhopal','',NULL,NULL,'462022','',NULL,NULL,'\0',NULL,'storePickUp','storePickUp',NULL,NULL,'2020-06-28 11:56:00',NULL,0.00,'2020-06-28 11:56:00',37,117),(2904,2300,NULL,'Abhinav Homes Phase 4, ISRO Colony, Ayodhya Nagar, Bhopal, Madhya Pradesh, India','Bhopal','HSC',NULL,NULL,'462041','',NULL,NULL,'\0',NULL,'priceByDistance','priceByDistance',NULL,'India','2020-06-28 11:57:33',NULL,3.00,'2020-06-28 11:57:33',37,117),(2905,2300,NULL,'Abhinav Homes Phase 4, ISRO Colony, Ayodhya Nagar, Bhopal, Madhya Pradesh, India','Bhopal','HSC',NULL,NULL,'462041','',NULL,NULL,'\0',NULL,'storePickUp','storePickUp',NULL,NULL,'2020-06-28 11:57:33',NULL,0.00,'2020-06-28 11:57:33',37,117),(2950,2300,NULL,NULL,NULL,NULL,NULL,NULL,NULL,'',NULL,NULL,'\0',NULL,'storePickUp','storePickUp',NULL,NULL,'2020-06-28 12:05:31',NULL,0.00,'2020-06-28 12:05:31',37,117),(2951,2300,NULL,'Saket Nagar Main Road','Bhopal','HSC',NULL,NULL,'462024','',NULL,NULL,'\0',NULL,'priceByDistance','priceByDistance',NULL,'India','2020-06-28 12:08:02',NULL,38.00,'2020-06-28 12:08:02',37,117),(2952,2300,NULL,'Saket Nagar Main Road','Bhopal','HSC',NULL,NULL,'462024','',NULL,NULL,'\0',NULL,'storePickUp','storePickUp',NULL,NULL,'2020-06-28 12:08:02',NULL,0.00,'2020-06-28 12:08:02',37,117),(2953,2700,NULL,NULL,NULL,NULL,NULL,NULL,NULL,'',NULL,NULL,'\0',NULL,'storePickUp','storePickUp',NULL,NULL,'2020-06-28 12:12:14',NULL,0.00,'2020-06-28 12:12:14',37,117),(2954,2700,NULL,'Madhya Pradesh State Highway 23','Bhopal','HSC',NULL,NULL,'4','',NULL,NULL,'\0',NULL,'priceByDistance','priceByDistance',NULL,'India','2020-06-28 12:12:50',NULL,56.00,'2020-06-28 12:12:50',37,117),(2955,2700,NULL,'Madhya Pradesh State Highway 23','Bhopal','HSC',NULL,NULL,'4','',NULL,NULL,'\0',NULL,'storePickUp','storePickUp',NULL,NULL,'2020-06-28 12:12:50',NULL,0.00,'2020-06-28 12:12:50',37,117),(2956,2700,NULL,'Madhya Pradesh State Highway 23','Bhopal','HSC',NULL,NULL,'46','',NULL,NULL,'\0',NULL,'priceByDistance','priceByDistance',NULL,'India','2020-06-28 12:12:50',NULL,56.00,'2020-06-28 12:12:50',37,117),(2957,2700,NULL,'Madhya Pradesh State Highway 23','Bhopal','HSC',NULL,NULL,'46','',NULL,NULL,'\0',NULL,'storePickUp','storePickUp',NULL,NULL,'2020-06-28 12:12:50',NULL,0.00,'2020-06-28 12:12:50',37,117),(2958,2700,NULL,'Madhya Pradesh State Highway 23','Bhopal','HSC',NULL,NULL,'465','',NULL,NULL,'\0',NULL,'priceByDistance','priceByDistance',NULL,'India','2020-06-28 12:12:52',NULL,56.00,'2020-06-28 12:12:52',37,117),(2959,2700,NULL,'Madhya Pradesh State Highway 23','Bhopal','HSC',NULL,NULL,'465','',NULL,NULL,'\0',NULL,'storePickUp','storePickUp',NULL,NULL,'2020-06-28 12:12:52',NULL,0.00,'2020-06-28 12:12:52',37,117),(2960,2700,NULL,'Madhya Pradesh State Highway 23','Bhopal','HSC',NULL,NULL,'4650','',NULL,NULL,'\0',NULL,'priceByDistance','priceByDistance',NULL,'India','2020-06-28 12:12:53',NULL,56.00,'2020-06-28 12:12:53',37,117),(2961,2700,NULL,'Madhya Pradesh State Highway 23','Bhopal','HSC',NULL,NULL,'4650','',NULL,NULL,'\0',NULL,'storePickUp','storePickUp',NULL,NULL,'2020-06-28 12:12:53',NULL,0.00,'2020-06-28 12:12:53',37,117),(2962,2700,NULL,'Madhya Pradesh State Highway 23','Bhopal','HSC',NULL,NULL,'465','',NULL,NULL,'\0',NULL,'priceByDistance','priceByDistance',NULL,'India','2020-06-28 12:12:55',NULL,56.00,'2020-06-28 12:12:55',37,117),(2963,2700,NULL,'Madhya Pradesh State Highway 23','Bhopal','HSC',NULL,NULL,'465','',NULL,NULL,'\0',NULL,'storePickUp','storePickUp',NULL,NULL,'2020-06-28 12:12:55',NULL,0.00,'2020-06-28 12:12:55',37,117),(2964,2700,NULL,'Madhya Pradesh State Highway 23','Bhopal','HSC',NULL,NULL,'','',NULL,NULL,'\0',NULL,'storePickUp','storePickUp',NULL,NULL,'2020-06-28 12:12:55',NULL,0.00,'2020-06-28 12:12:55',37,117),(2965,2700,NULL,'Madhya Pradesh State Highway 23','Bhopal','HSC',NULL,NULL,'46','',NULL,NULL,'\0',NULL,'priceByDistance','priceByDistance',NULL,'India','2020-06-28 12:12:55',NULL,56.00,'2020-06-28 12:12:55',37,117),(2966,2700,NULL,'Madhya Pradesh State Highway 23','Bhopal','HSC',NULL,NULL,'46','',NULL,NULL,'\0',NULL,'storePickUp','storePickUp',NULL,NULL,'2020-06-28 12:12:55',NULL,0.00,'2020-06-28 12:12:55',37,117),(2967,2700,NULL,'Madhya Pradesh State Highway 23','Bhopal','HSC',NULL,NULL,'4','',NULL,NULL,'\0',NULL,'priceByDistance','priceByDistance',NULL,'India','2020-06-28 12:12:55',NULL,56.00,'2020-06-28 12:12:55',37,117),(2968,2700,NULL,'Madhya Pradesh State Highway 23','Bhopal','HSC',NULL,NULL,'4','',NULL,NULL,'\0',NULL,'storePickUp','storePickUp',NULL,NULL,'2020-06-28 12:12:55',NULL,0.00,'2020-06-28 12:12:55',37,117),(2969,2700,NULL,'Madhya Pradesh State Highway 23','Bhopal','HSC',NULL,NULL,'4','',NULL,NULL,'\0',NULL,'priceByDistance','priceByDistance',NULL,'India','2020-06-28 12:12:57',NULL,56.00,'2020-06-28 12:12:57',37,117),(2970,2700,NULL,'Madhya Pradesh State Highway 23','Bhopal','HSC',NULL,NULL,'4','',NULL,NULL,'\0',NULL,'storePickUp','storePickUp',NULL,NULL,'2020-06-28 12:12:57',NULL,0.00,'2020-06-28 12:12:57',37,117),(2971,2700,NULL,'Madhya Pradesh State Highway 23','Bhopal','HSC',NULL,NULL,'46','',NULL,NULL,'\0',NULL,'priceByDistance','priceByDistance',NULL,'India','2020-06-28 12:12:57',NULL,56.00,'2020-06-28 12:12:57',37,117),(2972,2700,NULL,'Madhya Pradesh State Highway 23','Bhopal','HSC',NULL,NULL,'46','',NULL,NULL,'\0',NULL,'storePickUp','storePickUp',NULL,NULL,'2020-06-28 12:12:57',NULL,0.00,'2020-06-28 12:12:57',37,117),(2973,2700,NULL,'Madhya Pradesh State Highway 23','Bhopal','HSC',NULL,NULL,'462','',NULL,NULL,'\0',NULL,'priceByDistance','priceByDistance',NULL,'India','2020-06-28 12:12:58',NULL,56.00,'2020-06-28 12:12:58',37,117),(2974,2700,NULL,'Madhya Pradesh State Highway 23','Bhopal','HSC',NULL,NULL,'462','',NULL,NULL,'\0',NULL,'storePickUp','storePickUp',NULL,NULL,'2020-06-28 12:12:58',NULL,0.00,'2020-06-28 12:12:58',37,117),(2975,2700,NULL,'Madhya Pradesh State Highway 23','Bhopal','HSC',NULL,NULL,'4620','',NULL,NULL,'\0',NULL,'priceByDistance','priceByDistance',NULL,'India','2020-06-28 12:12:58',NULL,56.00,'2020-06-28 12:12:58',37,117),(2976,2700,NULL,'Madhya Pradesh State Highway 23','Bhopal','HSC',NULL,NULL,'4620','',NULL,NULL,'\0',NULL,'storePickUp','storePickUp',NULL,NULL,'2020-06-28 12:12:58',NULL,0.00,'2020-06-28 12:12:58',37,117),(2977,2700,NULL,'Madhya Pradesh State Highway 23','Bhopal','HSC',NULL,NULL,'46202','',NULL,NULL,'\0',NULL,'priceByDistance','priceByDistance',NULL,'India','2020-06-28 12:12:58',NULL,56.00,'2020-06-28 12:12:58',37,117),(2978,2700,NULL,'Madhya Pradesh State Highway 23','Bhopal','HSC',NULL,NULL,'46202','',NULL,NULL,'\0',NULL,'storePickUp','storePickUp',NULL,NULL,'2020-06-28 12:12:58',NULL,0.00,'2020-06-28 12:12:58',37,117),(2979,2700,NULL,'Madhya Pradesh State Highway 23','Bhopal','HSC',NULL,NULL,'462022','',NULL,NULL,'\0',NULL,'priceByDistance','priceByDistance',NULL,'India','2020-06-28 12:12:58',NULL,56.00,'2020-06-28 12:12:58',37,117),(2980,2700,NULL,'Madhya Pradesh State Highway 23','Bhopal','HSC',NULL,NULL,'462022','',NULL,NULL,'\0',NULL,'storePickUp','storePickUp',NULL,NULL,'2020-06-28 12:12:58',NULL,0.00,'2020-06-28 12:12:58',37,117),(2981,2700,NULL,'Madhya Pradesh State Highway 23','Bhopal','HSC',NULL,NULL,'4620222','',NULL,NULL,'\0',NULL,'priceByDistance','priceByDistance',NULL,'India','2020-06-28 12:12:59',NULL,56.00,'2020-06-28 12:12:59',37,117),(2982,2700,NULL,'Madhya Pradesh State Highway 23','Bhopal','HSC',NULL,NULL,'4620222','',NULL,NULL,'\0',NULL,'storePickUp','storePickUp',NULL,NULL,'2020-06-28 12:12:59',NULL,0.00,'2020-06-28 12:12:59',37,117),(2983,2700,NULL,'Madhya Pradesh State Highway 23','Bhopal','HSC',NULL,NULL,'462022','',NULL,NULL,'\0',NULL,'priceByDistance','priceByDistance',NULL,'India','2020-06-28 12:13:00',NULL,56.00,'2020-06-28 12:13:00',37,117),(2984,2700,NULL,'Madhya Pradesh State Highway 23','Bhopal','HSC',NULL,NULL,'462022','',NULL,NULL,'\0',NULL,'storePickUp','storePickUp',NULL,NULL,'2020-06-28 12:13:00',NULL,0.00,'2020-06-28 12:13:00',37,117),(2985,2700,NULL,'Madhya Pradesh State Highway 23','Bhopal','HSC',NULL,NULL,'462022','',NULL,NULL,'\0',NULL,'priceByDistance','priceByDistance',NULL,'India','2020-06-28 12:13:19',NULL,56.00,'2020-06-28 12:13:19',37,117),(2986,2700,NULL,'Madhya Pradesh State Highway 23','Bhopal','HSC',NULL,NULL,'462022','',NULL,NULL,'\0',NULL,'storePickUp','storePickUp',NULL,NULL,'2020-06-28 12:13:19',NULL,0.00,'2020-06-28 12:13:19',37,117),(3000,2750,NULL,NULL,NULL,NULL,NULL,NULL,NULL,'',NULL,NULL,'\0',NULL,'storePickUp','storePickUp',NULL,NULL,'2020-06-28 17:06:47',NULL,0.00,'2020-06-28 17:06:47',37,117),(3050,2750,NULL,NULL,NULL,NULL,NULL,NULL,NULL,'',NULL,NULL,'\0',NULL,'storePickUp','storePickUp',NULL,NULL,'2020-06-28 17:11:26',NULL,0.00,'2020-06-28 17:11:26',37,117),(3100,2750,NULL,NULL,NULL,NULL,NULL,NULL,NULL,'',NULL,NULL,'\0',NULL,'storePickUp','storePickUp',NULL,NULL,'2020-06-28 17:15:46',NULL,0.00,'2020-06-28 17:15:46',37,117),(3101,2750,NULL,NULL,NULL,NULL,NULL,NULL,NULL,'',NULL,NULL,'\0',NULL,'storePickUp','storePickUp',NULL,NULL,'2020-06-28 17:20:42',NULL,0.00,'2020-06-28 17:20:42',37,117),(3150,2450,NULL,NULL,NULL,NULL,NULL,NULL,NULL,'',NULL,NULL,'\0',NULL,'storePickUp','storePickUp',NULL,NULL,'2020-06-28 18:04:59',NULL,0.00,'2020-06-28 18:04:59',37,117),(3200,2450,NULL,NULL,NULL,NULL,NULL,NULL,NULL,'',NULL,NULL,'\0',NULL,'storePickUp','storePickUp',NULL,NULL,'2020-06-28 18:23:28',NULL,0.00,'2020-06-28 18:23:28',37,117),(3250,2800,NULL,NULL,NULL,NULL,NULL,NULL,NULL,'',NULL,NULL,'\0',NULL,'storePickUp','storePickUp',NULL,NULL,'2020-07-25 14:06:26',NULL,0.00,'2020-07-25 14:06:26',37,117),(3251,2800,NULL,NULL,NULL,NULL,NULL,NULL,NULL,'',NULL,NULL,'\0',NULL,'storePickUp','storePickUp',NULL,NULL,'2020-07-25 14:06:58',NULL,0.00,'2020-07-25 14:06:58',37,117),(3252,2800,NULL,NULL,NULL,NULL,NULL,NULL,NULL,'',NULL,NULL,'\0',NULL,'storePickUp','storePickUp',NULL,NULL,'2020-07-25 14:12:07',NULL,0.00,'2020-07-25 14:12:07',37,117),(3253,2802,NULL,NULL,NULL,NULL,NULL,NULL,NULL,'',NULL,NULL,'\0',NULL,'storePickUp','storePickUp',NULL,NULL,'2020-07-25 14:17:12',NULL,0.00,'2020-07-25 14:17:12',37,117),(3254,2802,NULL,NULL,NULL,NULL,NULL,NULL,NULL,'',NULL,NULL,'\0',NULL,'storePickUp','storePickUp',NULL,NULL,'2020-07-25 14:22:05',NULL,0.00,'2020-07-25 14:22:05',37,117),(3300,2850,NULL,NULL,NULL,NULL,NULL,NULL,NULL,'',NULL,NULL,'\0',NULL,'storePickUp','storePickUp',NULL,NULL,'2020-07-25 23:33:31',NULL,0.00,'2020-07-25 23:33:31',37,117),(3301,2850,NULL,'','Bhopal','HNS',NULL,NULL,'462022','',NULL,NULL,'\0',NULL,'priceByDistance','priceByDistance',NULL,'India','2020-07-25 23:34:13',NULL,55.00,'2020-07-25 23:34:13',37,117),(3302,2850,NULL,'','Bhopal','HNS',NULL,NULL,'462022','',NULL,NULL,'\0',NULL,'storePickUp','storePickUp',NULL,NULL,'2020-07-25 23:34:13',NULL,0.00,'2020-07-25 23:34:13',37,117),(3350,2900,NULL,NULL,NULL,NULL,NULL,NULL,NULL,'',NULL,NULL,'\0',NULL,'storePickUp','storePickUp',NULL,NULL,'2020-07-26 00:24:56',NULL,0.00,'2020-07-26 00:24:56',37,117),(3351,2900,NULL,NULL,NULL,NULL,NULL,NULL,NULL,'',NULL,NULL,'\0',NULL,'storePickUp','storePickUp',NULL,NULL,'2020-07-26 00:25:41',NULL,0.00,'2020-07-26 00:25:41',37,117),(3400,2900,NULL,NULL,NULL,NULL,NULL,NULL,NULL,'',NULL,NULL,'\0',NULL,'storePickUp','storePickUp',NULL,NULL,'2020-07-26 00:34:49',NULL,0.00,'2020-07-26 00:34:49',37,117),(3401,2900,NULL,NULL,NULL,NULL,NULL,NULL,NULL,'',NULL,NULL,'\0',NULL,'storePickUp','storePickUp',NULL,NULL,'2020-07-26 00:35:49',NULL,0.00,'2020-07-26 00:35:49',37,117),(3402,2900,NULL,NULL,NULL,NULL,NULL,NULL,NULL,'',NULL,NULL,'\0',NULL,'storePickUp','storePickUp',NULL,NULL,'2020-07-26 00:36:32',NULL,0.00,'2020-07-26 00:36:32',37,117),(3450,2900,NULL,NULL,NULL,NULL,NULL,NULL,NULL,'',NULL,NULL,'\0',NULL,'storePickUp','storePickUp',NULL,NULL,'2020-07-26 00:51:16',NULL,0.00,'2020-07-26 00:51:16',37,117),(3500,2900,NULL,NULL,NULL,NULL,NULL,NULL,NULL,'',NULL,NULL,'\0',NULL,'storePickUp','storePickUp',NULL,NULL,'2020-07-26 00:55:16',NULL,0.00,'2020-07-26 00:55:16',37,117),(3501,2900,NULL,'','Bhopal','FISERV',NULL,NULL,'462041','',NULL,NULL,'\0',NULL,'priceByDistance','priceByDistance',NULL,'India','2020-07-26 00:56:10',NULL,5.00,'2020-07-26 00:56:10',37,117),(3502,2900,NULL,'','Bhopal','FISERV',NULL,NULL,'462041','',NULL,NULL,'\0',NULL,'storePickUp','storePickUp',NULL,NULL,'2020-07-26 00:56:10',NULL,0.00,'2020-07-26 00:56:10',37,117),(3503,2900,NULL,'h.no. 5467','Bhopal','FISERV',NULL,NULL,'462041','',NULL,NULL,'\0',NULL,'priceByDistance','priceByDistance',NULL,'India','2020-07-26 00:56:38',NULL,5.00,'2020-07-26 00:56:38',37,117),(3504,2900,NULL,'h.no. 5467','Bhopal','FISERV',NULL,NULL,'462041','',NULL,NULL,'\0',NULL,'storePickUp','storePickUp',NULL,NULL,'2020-07-26 00:56:38',NULL,0.00,'2020-07-26 00:56:38',37,117),(3505,2950,NULL,NULL,NULL,NULL,NULL,NULL,NULL,'',NULL,NULL,'\0',NULL,'storePickUp','storePickUp',NULL,NULL,'2020-07-26 00:58:43',NULL,0.00,'2020-07-26 00:58:43',37,117),(3506,2950,NULL,NULL,NULL,NULL,NULL,NULL,NULL,'',NULL,NULL,'\0',NULL,'storePickUp','storePickUp',NULL,NULL,'2020-07-26 00:59:29',NULL,0.00,'2020-07-26 00:59:29',37,117),(3507,2950,NULL,NULL,NULL,NULL,NULL,NULL,NULL,'',NULL,NULL,'\0',NULL,'storePickUp','storePickUp',NULL,NULL,'2020-07-26 01:01:15',NULL,0.00,'2020-07-26 01:01:15',37,117),(3508,2950,NULL,'','Bhopal','HNS',NULL,NULL,'462041','',NULL,NULL,'\0',NULL,'priceByDistance','priceByDistance',NULL,'India','2020-07-26 01:01:46',NULL,5.00,'2020-07-26 01:01:46',37,117),(3509,2950,NULL,'','Bhopal','HNS',NULL,NULL,'462041','',NULL,NULL,'\0',NULL,'storePickUp','storePickUp',NULL,NULL,'2020-07-26 01:01:46',NULL,0.00,'2020-07-26 01:01:46',37,117),(3510,2951,NULL,NULL,NULL,NULL,NULL,NULL,NULL,'',NULL,NULL,'\0',NULL,'storePickUp','storePickUp',NULL,NULL,'2020-07-26 01:27:01',NULL,0.00,'2020-07-26 01:27:01',37,117),(3511,2951,NULL,'','Bhopal','HSC',NULL,NULL,'462041','',NULL,NULL,'\0',NULL,'priceByDistance','priceByDistance',NULL,'India','2020-07-26 01:27:48',NULL,5.00,'2020-07-26 01:27:48',37,117),(3512,2951,NULL,'','Bhopal','HSC',NULL,NULL,'462041','',NULL,NULL,'\0',NULL,'storePickUp','storePickUp',NULL,NULL,'2020-07-26 01:27:48',NULL,0.00,'2020-07-26 01:27:48',37,117),(3550,3000,NULL,'H.NO. 581 ABHINAV HOMES PHASE2 , AYODHYA NAGAR','BHOPAL','HSC',NULL,NULL,'462041',NULL,NULL,NULL,'\0',NULL,'storePickUp','storePickUp',NULL,NULL,'2020-07-26 21:21:04',NULL,0.00,'2020-07-26 21:21:04',37,117),(3551,3000,NULL,'H.NO. 581 ABHINAV HOMES PHASE2 , AYODHYA NAGAR','BHOPAL','HSC',NULL,NULL,'462041',NULL,NULL,NULL,'\0',NULL,'priceByDistance','priceByDistance',NULL,'India','2020-07-26 21:26:03',NULL,7.00,'2020-07-26 21:26:03',37,117),(3552,3000,NULL,'H.NO. 581 ABHINAV HOMES PHASE2 , AYODHYA NAGAR','BHOPAL','HSC',NULL,NULL,'462041',NULL,NULL,NULL,'\0',NULL,'storePickUp','storePickUp',NULL,NULL,'2020-07-26 21:26:03',NULL,0.00,'2020-07-26 21:26:03',37,117),(3553,3000,NULL,'H.NO. 581 ABHINAV HOMES PHASE2 , AYODHYA NAGAR','BHOPAL','HSC',NULL,NULL,'462041',NULL,NULL,NULL,'\0',NULL,'priceByDistance','priceByDistance',NULL,'India','2020-07-26 21:42:13',NULL,7.00,'2020-07-26 21:42:13',37,117),(3554,3000,NULL,'H.NO. 581 ABHINAV HOMES PHASE2 , AYODHYA NAGAR','BHOPAL','HSC',NULL,NULL,'462041',NULL,NULL,NULL,'\0',NULL,'storePickUp','storePickUp',NULL,NULL,'2020-07-26 21:42:13',NULL,0.00,'2020-07-26 21:42:13',37,117),(3555,3000,NULL,'H.NO. 581 ABHINAV HOMES PHASE2 , AYODHYA NAGAR','BHOPAL','HSC',NULL,NULL,'462041',NULL,NULL,NULL,'\0',NULL,'priceByDistance','priceByDistance',NULL,'India','2020-07-26 21:43:32',NULL,7.00,'2020-07-26 21:43:32',37,117),(3556,3000,NULL,'H.NO. 581 ABHINAV HOMES PHASE2 , AYODHYA NAGAR','BHOPAL','HSC',NULL,NULL,'462041',NULL,NULL,NULL,'\0',NULL,'storePickUp','storePickUp',NULL,NULL,'2020-07-26 21:43:32',NULL,0.00,'2020-07-26 21:43:32',37,117),(3557,3000,NULL,'H.NO. 581 ABHINAV HOMES PHASE2 , AYODHYA NAGAR','BHOPAL','HSC',NULL,NULL,'462041',NULL,NULL,NULL,'\0',NULL,'priceByDistance','priceByDistance',NULL,'India','2020-07-26 21:43:47',NULL,7.00,'2020-07-26 21:43:47',37,117),(3558,3000,NULL,'H.NO. 581 ABHINAV HOMES PHASE2 , AYODHYA NAGAR','BHOPAL','HSC',NULL,NULL,'462041',NULL,NULL,NULL,'\0',NULL,'storePickUp','storePickUp',NULL,NULL,'2020-07-26 21:43:47',NULL,0.00,'2020-07-26 21:43:47',37,117),(3600,3000,NULL,'H.NO. 581 ABHINAV HOMES PHASE2 , AYODHYA NAGAR','BHOPAL','HSC',NULL,NULL,'462041',NULL,NULL,NULL,'\0',NULL,'priceByDistance','priceByDistance',NULL,'India','2020-07-26 22:59:07',NULL,7.00,'2020-07-26 22:59:07',37,117),(3601,3000,NULL,'H.NO. 581 ABHINAV HOMES PHASE2 , AYODHYA NAGAR','BHOPAL','HSC',NULL,NULL,'462041',NULL,NULL,NULL,'\0',NULL,'storePickUp','storePickUp',NULL,NULL,'2020-07-26 22:59:07',NULL,0.00,'2020-07-26 22:59:07',37,117),(3602,3000,NULL,'H.NO. 581 ABHINAV HOMES PHASE2 , AYODHYA NAGAR','BHOPAL','HSC',NULL,NULL,'462041',NULL,NULL,NULL,'\0',NULL,'priceByDistance','priceByDistance',NULL,'India','2020-07-26 23:00:31',NULL,7.00,'2020-07-26 23:00:31',37,117),(3603,3000,NULL,'H.NO. 581 ABHINAV HOMES PHASE2 , AYODHYA NAGAR','BHOPAL','HSC',NULL,NULL,'462041',NULL,NULL,NULL,'\0',NULL,'storePickUp','storePickUp',NULL,NULL,'2020-07-26 23:00:31',NULL,0.00,'2020-07-26 23:00:31',37,117),(3650,3000,NULL,'H.NO. 581 ABHINAV HOMES PHASE2 , AYODHYA NAGAR','BHOPAL','HSC',NULL,NULL,'462041',NULL,NULL,NULL,'\0',NULL,'priceByDistance','priceByDistance',NULL,'India','2020-07-26 23:47:12',NULL,7.00,'2020-07-26 23:47:12',37,117),(3651,3000,NULL,'H.NO. 581 ABHINAV HOMES PHASE2 , AYODHYA NAGAR','BHOPAL','HSC',NULL,NULL,'462041',NULL,NULL,NULL,'\0',NULL,'storePickUp','storePickUp',NULL,NULL,'2020-07-26 23:47:12',NULL,0.00,'2020-07-26 23:47:12',37,117),(3700,3000,NULL,NULL,NULL,NULL,NULL,NULL,NULL,'',NULL,NULL,'\0',NULL,'storePickUp','storePickUp',NULL,NULL,'2020-07-27 23:19:59',NULL,0.00,'2020-07-27 23:19:59',37,117),(3701,3000,NULL,'','Bhopal','HSC',NULL,NULL,'462022','',NULL,NULL,'\0',NULL,'priceByDistance','priceByDistance',NULL,'India','2020-07-27 23:21:04',NULL,55.00,'2020-07-27 23:21:04',37,117),(3702,3000,NULL,'','Bhopal','HSC',NULL,NULL,'462022','',NULL,NULL,'\0',NULL,'storePickUp','storePickUp',NULL,NULL,'2020-07-27 23:21:04',NULL,0.00,'2020-07-27 23:21:04',37,117),(3703,3000,NULL,'H.NO. 581 ABHINAV HOMES PHASE2 , AYODHYA NAGAR','BHOPAL','HSC',NULL,NULL,'462041',NULL,NULL,NULL,'\0',NULL,'priceByDistance','priceByDistance',NULL,'India','2020-07-27 23:24:16',NULL,7.00,'2020-07-27 23:24:16',37,117),(3704,3000,NULL,'H.NO. 581 ABHINAV HOMES PHASE2 , AYODHYA NAGAR','BHOPAL','HSC',NULL,NULL,'462041',NULL,NULL,NULL,'\0',NULL,'storePickUp','storePickUp',NULL,NULL,'2020-07-27 23:24:16',NULL,0.00,'2020-07-27 23:24:16',37,117),(3750,3000,NULL,'H.NO. 581 ABHINAV HOMES PHASE2 , AYODHYA NAGAR','BHOPAL','HSC',NULL,NULL,'462041',NULL,NULL,NULL,'\0',NULL,'priceByDistance','priceByDistance',NULL,'India','2020-07-27 23:38:23',NULL,7.00,'2020-07-27 23:38:23',37,117),(3751,3000,NULL,'H.NO. 581 ABHINAV HOMES PHASE2 , AYODHYA NAGAR','BHOPAL','HSC',NULL,NULL,'462041',NULL,NULL,NULL,'\0',NULL,'storePickUp','storePickUp',NULL,NULL,'2020-07-27 23:38:23',NULL,0.00,'2020-07-27 23:38:23',37,117),(3800,3000,NULL,'H.NO. 581 ABHINAV HOMES PHASE2 , AYODHYA NAGAR','BHOPAL','HSC',NULL,NULL,'462041',NULL,NULL,NULL,'\0',NULL,'priceByDistance','priceByDistance',NULL,'India','2020-07-28 00:03:31',NULL,7.00,'2020-07-28 00:03:31',37,117),(3801,3000,NULL,'H.NO. 581 ABHINAV HOMES PHASE2 , AYODHYA NAGAR','BHOPAL','HSC',NULL,NULL,'462041',NULL,NULL,NULL,'\0',NULL,'storePickUp','storePickUp',NULL,NULL,'2020-07-28 00:03:31',NULL,0.00,'2020-07-28 00:03:31',37,117),(3850,3000,NULL,'H.NO. 581 ABHINAV HOMES PHASE2 , AYODHYA NAGAR','BHOPAL','HSC',NULL,NULL,'462041',NULL,NULL,NULL,'\0',NULL,'priceByDistance','priceByDistance',NULL,'India','2020-08-01 15:29:17',NULL,7.00,'2020-08-01 15:29:17',37,117),(3851,3000,NULL,'H.NO. 581 ABHINAV HOMES PHASE2 , AYODHYA NAGAR','BHOPAL','HSC',NULL,NULL,'462041',NULL,NULL,NULL,'\0',NULL,'storePickUp','storePickUp',NULL,NULL,'2020-08-01 15:29:17',NULL,0.00,'2020-08-01 15:29:17',37,117),(3852,3000,NULL,'H.NO. 581 ABHINAV HOMES PHASE2 , AYODHYA NAGAR','BHOPAL','HSC',NULL,NULL,'462041',NULL,NULL,NULL,'\0',NULL,'priceByDistance','priceByDistance',NULL,'India','2020-08-01 15:30:26',NULL,7.00,'2020-08-01 15:30:26',37,117),(3853,3000,NULL,'H.NO. 581 ABHINAV HOMES PHASE2 , AYODHYA NAGAR','BHOPAL','HSC',NULL,NULL,'462041',NULL,NULL,NULL,'\0',NULL,'storePickUp','storePickUp',NULL,NULL,'2020-08-01 15:30:26',NULL,0.00,'2020-08-01 15:30:26',37,117),(3854,3000,NULL,'H.NO. 581 ABHINAV HOMES PHASE2 , AYODHYA NAGAR','BHOPAL','HSC',NULL,NULL,'462041',NULL,NULL,NULL,'\0',NULL,'priceByDistance','priceByDistance',NULL,'India','2020-08-01 15:34:36',NULL,7.00,'2020-08-01 15:34:36',37,117),(3855,3000,NULL,'H.NO. 581 ABHINAV HOMES PHASE2 , AYODHYA NAGAR','BHOPAL','HSC',NULL,NULL,'462041',NULL,NULL,NULL,'\0',NULL,'storePickUp','storePickUp',NULL,NULL,'2020-08-01 15:34:36',NULL,0.00,'2020-08-01 15:34:36',37,117),(3900,3000,NULL,'H.NO. 581 ABHINAV HOMES PHASE2 , AYODHYA NAGAR','BHOPAL','HSC',NULL,NULL,'462041',NULL,NULL,NULL,'\0',NULL,'priceByDistance','priceByDistance',NULL,'India','2020-08-01 15:51:10',NULL,7.00,'2020-08-01 15:51:10',37,117),(3901,3000,NULL,'H.NO. 581 ABHINAV HOMES PHASE2 , AYODHYA NAGAR','BHOPAL','HSC',NULL,NULL,'462041',NULL,NULL,NULL,'\0',NULL,'storePickUp','storePickUp',NULL,NULL,'2020-08-01 15:51:10',NULL,0.00,'2020-08-01 15:51:10',37,117),(3902,3000,NULL,'H.NO. 581 ABHINAV HOMES PHASE2 , AYODHYA NAGAR','BHOPAL','HSC',NULL,NULL,'462041',NULL,NULL,NULL,'\0',NULL,'priceByDistance','priceByDistance',NULL,'India','2020-08-01 15:51:39',NULL,7.00,'2020-08-01 15:51:39',37,117),(3903,3000,NULL,'H.NO. 581 ABHINAV HOMES PHASE2 , AYODHYA NAGAR','BHOPAL','HSC',NULL,NULL,'462041',NULL,NULL,NULL,'\0',NULL,'storePickUp','storePickUp',NULL,NULL,'2020-08-01 15:51:39',NULL,0.00,'2020-08-01 15:51:39',37,117),(3904,3000,NULL,'H.NO. 581 ABHINAV HOMES PHASE2 , AYODHYA NAGAR','BHOPAL','HSC',NULL,NULL,'462041',NULL,NULL,NULL,'\0',NULL,'priceByDistance','priceByDistance',NULL,'India','2020-08-01 15:52:16',NULL,7.00,'2020-08-01 15:52:16',37,117),(3905,3000,NULL,'H.NO. 581 ABHINAV HOMES PHASE2 , AYODHYA NAGAR','BHOPAL','HSC',NULL,NULL,'462041',NULL,NULL,NULL,'\0',NULL,'storePickUp','storePickUp',NULL,NULL,'2020-08-01 15:52:16',NULL,0.00,'2020-08-01 15:52:16',37,117),(3906,3000,NULL,'Piplani Road','Bhopal','HSC',NULL,NULL,'462022','',NULL,NULL,'\0',NULL,'priceByDistance','priceByDistance',NULL,'India','2020-08-01 15:52:42',NULL,20.00,'2020-08-01 15:52:42',37,117),(3907,3000,NULL,'Piplani Road','Bhopal','HSC',NULL,NULL,'462022','',NULL,NULL,'\0',NULL,'storePickUp','storePickUp',NULL,NULL,'2020-08-01 15:52:42',NULL,0.00,'2020-08-01 15:52:42',37,117),(3908,3000,NULL,'H.NO. 581 ABHINAV HOMES PHASE2 , AYODHYA NAGAR','BHOPAL','HSC',NULL,NULL,'462041',NULL,NULL,NULL,'\0',NULL,'priceByDistance','priceByDistance',NULL,'India','2020-08-01 15:53:57',NULL,7.00,'2020-08-01 15:53:57',37,117),(3909,3000,NULL,'H.NO. 581 ABHINAV HOMES PHASE2 , AYODHYA NAGAR','BHOPAL','HSC',NULL,NULL,'462041',NULL,NULL,NULL,'\0',NULL,'storePickUp','storePickUp',NULL,NULL,'2020-08-01 15:53:57',NULL,0.00,'2020-08-01 15:53:57',37,117),(3910,3000,NULL,'','Bhopal','HSC',NULL,NULL,'462022','',NULL,NULL,'\0',NULL,'priceByDistance','priceByDistance',NULL,'India','2020-08-01 15:54:29',NULL,55.00,'2020-08-01 15:54:29',37,117),(3911,3000,NULL,'','Bhopal','HSC',NULL,NULL,'462022','',NULL,NULL,'\0',NULL,'storePickUp','storePickUp',NULL,NULL,'2020-08-01 15:54:29',NULL,0.00,'2020-08-01 15:54:29',37,117),(3912,3000,NULL,'H.NO. 581 ABHINAV HOMES PHASE2 , AYODHYA NAGAR','BHOPAL','HSC',NULL,NULL,'462041',NULL,NULL,NULL,'\0',NULL,'priceByDistance','priceByDistance',NULL,'India','2020-08-01 15:55:44',NULL,7.00,'2020-08-01 15:55:44',37,117),(3913,3000,NULL,'H.NO. 581 ABHINAV HOMES PHASE2 , AYODHYA NAGAR','BHOPAL','HSC',NULL,NULL,'462041',NULL,NULL,NULL,'\0',NULL,'storePickUp','storePickUp',NULL,NULL,'2020-08-01 15:55:44',NULL,0.00,'2020-08-01 15:55:44',37,117),(3914,3000,NULL,'H.NO. 581 ABHINAV HOMES PHASE2 , AYODHYA NAGAR','BHOPAL','HSC',NULL,NULL,'462041',NULL,NULL,NULL,'\0',NULL,'priceByDistance','priceByDistance',NULL,'India','2020-08-01 15:56:14',NULL,7.00,'2020-08-01 15:56:14',37,117),(3915,3000,NULL,'H.NO. 581 ABHINAV HOMES PHASE2 , AYODHYA NAGAR','BHOPAL','HSC',NULL,NULL,'462041',NULL,NULL,NULL,'\0',NULL,'storePickUp','storePickUp',NULL,NULL,'2020-08-01 15:56:14',NULL,0.00,'2020-08-01 15:56:14',37,117),(3916,3000,NULL,'','Bhopal','HSC',NULL,NULL,'462022','',NULL,NULL,'\0',NULL,'priceByDistance','priceByDistance',NULL,'India','2020-08-01 15:56:37',NULL,55.00,'2020-08-01 15:56:37',37,117),(3917,3000,NULL,'','Bhopal','HSC',NULL,NULL,'462022','',NULL,NULL,'\0',NULL,'storePickUp','storePickUp',NULL,NULL,'2020-08-01 15:56:37',NULL,0.00,'2020-08-01 15:56:37',37,117),(3950,3000,NULL,'H.NO. 581 ABHINAV HOMES PHASE2 , AYODHYA NAGAR','BHOPAL','HSC',NULL,NULL,'462041',NULL,NULL,NULL,'\0',NULL,'priceByDistance','priceByDistance',NULL,'India','2020-08-01 16:21:22',NULL,7.00,'2020-08-01 16:21:22',37,117),(3951,3000,NULL,'H.NO. 581 ABHINAV HOMES PHASE2 , AYODHYA NAGAR','BHOPAL','HSC',NULL,NULL,'462041',NULL,NULL,NULL,'\0',NULL,'storePickUp','storePickUp',NULL,NULL,'2020-08-01 16:21:22',NULL,0.00,'2020-08-01 16:21:22',37,117),(4000,3000,NULL,'H.NO. 581 ABHINAV HOMES PHASE2 , AYODHYA NAGAR','BHOPAL','HSC',NULL,NULL,'462041',NULL,NULL,NULL,'\0',NULL,'priceByDistance','priceByDistance',NULL,'India','2020-08-01 16:33:26',NULL,7.00,'2020-08-01 16:33:26',37,117),(4001,3000,NULL,'H.NO. 581 ABHINAV HOMES PHASE2 , AYODHYA NAGAR','BHOPAL','HSC',NULL,NULL,'462041',NULL,NULL,NULL,'\0',NULL,'storePickUp','storePickUp',NULL,NULL,'2020-08-01 16:33:27',NULL,0.00,'2020-08-01 16:33:27',37,117),(4050,3000,NULL,'H.NO. 581 ABHINAV HOMES PHASE2 , AYODHYA NAGAR','BHOPAL','HSC',NULL,NULL,'462041',NULL,NULL,NULL,'\0',NULL,'priceByDistance','priceByDistance',NULL,'India','2020-08-01 16:43:57',NULL,7.00,'2020-08-01 16:43:57',37,117),(4051,3000,NULL,'H.NO. 581 ABHINAV HOMES PHASE2 , AYODHYA NAGAR','BHOPAL','HSC',NULL,NULL,'462041',NULL,NULL,NULL,'\0',NULL,'storePickUp','storePickUp',NULL,NULL,'2020-08-01 16:43:58',NULL,0.00,'2020-08-01 16:43:58',37,117),(4100,3000,NULL,'H.NO. 581 ABHINAV HOMES PHASE2 , AYODHYA NAGAR','BHOPAL','HSC',NULL,NULL,'462041',NULL,NULL,NULL,'\0',NULL,'priceByDistance','priceByDistance',NULL,'India','2020-08-01 16:50:16',NULL,7.00,'2020-08-01 16:50:16',37,117),(4101,3000,NULL,'H.NO. 581 ABHINAV HOMES PHASE2 , AYODHYA NAGAR','BHOPAL','HSC',NULL,NULL,'462041',NULL,NULL,NULL,'\0',NULL,'storePickUp','storePickUp',NULL,NULL,'2020-08-01 16:50:16',NULL,0.00,'2020-08-01 16:50:16',37,117),(4150,3000,NULL,'H.NO. 581 ABHINAV HOMES PHASE2 , AYODHYA NAGAR','BHOPAL','HSC',NULL,NULL,'462041',NULL,NULL,NULL,'\0',NULL,'priceByDistance','priceByDistance',NULL,'India','2020-08-01 17:03:28',NULL,7.00,'2020-08-01 17:03:28',37,117),(4151,3000,NULL,'H.NO. 581 ABHINAV HOMES PHASE2 , AYODHYA NAGAR','BHOPAL','HSC',NULL,NULL,'462041',NULL,NULL,NULL,'\0',NULL,'storePickUp','storePickUp',NULL,NULL,'2020-08-01 17:03:28',NULL,0.00,'2020-08-01 17:03:28',37,117),(4152,3000,NULL,'TT Nagar Square','Bhopal','HSC',NULL,NULL,'462003','',NULL,NULL,'\0',NULL,'priceByDistance','priceByDistance',NULL,'India','2020-08-01 17:04:34',NULL,58.00,'2020-08-01 17:04:34',37,117),(4153,3000,NULL,'TT Nagar Square','Bhopal','HSC',NULL,NULL,'462003','',NULL,NULL,'\0',NULL,'storePickUp','storePickUp',NULL,NULL,'2020-08-01 17:04:34',NULL,0.00,'2020-08-01 17:04:34',37,117),(4154,3000,NULL,'','Bhopal','HSC',NULL,NULL,'462022','',NULL,NULL,'\0',NULL,'priceByDistance','priceByDistance',NULL,'India','2020-08-01 17:04:53',NULL,55.00,'2020-08-01 17:04:53',37,117),(4155,3000,NULL,'','Bhopal','HSC',NULL,NULL,'462022','',NULL,NULL,'\0',NULL,'storePickUp','storePickUp',NULL,NULL,'2020-08-01 17:04:53',NULL,0.00,'2020-08-01 17:04:53',37,117),(4156,3000,NULL,'','Bhopal','HSC',NULL,NULL,'462041','',NULL,NULL,'\0',NULL,'priceByDistance','priceByDistance',NULL,'India','2020-08-01 17:05:11',NULL,5.00,'2020-08-01 17:05:11',37,117),(4157,3000,NULL,'','Bhopal','HSC',NULL,NULL,'462041','',NULL,NULL,'\0',NULL,'storePickUp','storePickUp',NULL,NULL,'2020-08-01 17:05:11',NULL,0.00,'2020-08-01 17:05:11',37,117),(4158,3000,NULL,'','Bhopal','HSC',NULL,NULL,'462041','',NULL,NULL,'\0',NULL,'priceByDistance','priceByDistance',NULL,'India','2020-08-01 17:06:40',NULL,5.00,'2020-08-01 17:06:40',37,117),(4159,3000,NULL,'','Bhopal','HSC',NULL,NULL,'462041','',NULL,NULL,'\0',NULL,'storePickUp','storePickUp',NULL,NULL,'2020-08-01 17:06:40',NULL,0.00,'2020-08-01 17:06:40',37,117),(4160,3000,NULL,'','Bhopal','HSC',NULL,NULL,'462041','',NULL,NULL,'\0',NULL,'priceByDistance','priceByDistance',NULL,'India','2020-08-01 17:07:03',NULL,5.00,'2020-08-01 17:07:03',37,117),(4161,3000,NULL,'','Bhopal','HSC',NULL,NULL,'462041','',NULL,NULL,'\0',NULL,'storePickUp','storePickUp',NULL,NULL,'2020-08-01 17:07:03',NULL,0.00,'2020-08-01 17:07:03',37,117),(4162,3000,NULL,'','Bhopal','HSC',NULL,NULL,'462022','',NULL,NULL,'\0',NULL,'priceByDistance','priceByDistance',NULL,'India','2020-08-01 17:07:52',NULL,55.00,'2020-08-01 17:07:52',37,117),(4163,3000,NULL,'','Bhopal','HSC',NULL,NULL,'462022','',NULL,NULL,'\0',NULL,'storePickUp','storePickUp',NULL,NULL,'2020-08-01 17:07:52',NULL,0.00,'2020-08-01 17:07:52',37,117),(4164,3000,NULL,'h.no. 43','Bhopal','HSC',NULL,NULL,'462022','',NULL,NULL,'\0',NULL,'priceByDistance','priceByDistance',NULL,'India','2020-08-01 17:08:08',NULL,55.00,'2020-08-01 17:08:08',37,117),(4165,3000,NULL,'h.no. 43','Bhopal','HSC',NULL,NULL,'462022','',NULL,NULL,'\0',NULL,'storePickUp','storePickUp',NULL,NULL,'2020-08-01 17:08:08',NULL,0.00,'2020-08-01 17:08:08',37,117),(4166,3050,NULL,'H.NO. 581 ABHINAV HOMES PHASE2 , AYODHYA NAGAR','BHOPAL','HSC',NULL,NULL,'462041',NULL,NULL,NULL,'\0',NULL,'priceByDistance','priceByDistance',NULL,'India','2020-08-01 17:09:40',NULL,7.00,'2020-08-01 17:09:40',37,117),(4167,3050,NULL,'H.NO. 581 ABHINAV HOMES PHASE2 , AYODHYA NAGAR','BHOPAL','HSC',NULL,NULL,'462041',NULL,NULL,NULL,'\0',NULL,'storePickUp','storePickUp',NULL,NULL,'2020-08-01 17:09:40',NULL,0.00,'2020-08-01 17:09:40',37,117),(4168,3050,NULL,'H.NO. 581 ABHINAV HOMES PHASE2 , AYODHYA NAGAR','BHOPAL','HSC',NULL,NULL,'462041',NULL,NULL,NULL,'\0',NULL,'priceByDistance','priceByDistance',NULL,'India','2020-08-01 17:10:48',NULL,7.00,'2020-08-01 17:10:48',37,117),(4169,3050,NULL,'H.NO. 581 ABHINAV HOMES PHASE2 , AYODHYA NAGAR','BHOPAL','HSC',NULL,NULL,'462041',NULL,NULL,NULL,'\0',NULL,'storePickUp','storePickUp',NULL,NULL,'2020-08-01 17:10:48',NULL,0.00,'2020-08-01 17:10:48',37,117),(4170,3050,NULL,'H.NO. 581 ABHINAV HOMES PHASE2 , AYODHYA NAGAR','BHOPAL','HSC',NULL,NULL,'462041',NULL,NULL,NULL,'\0',NULL,'priceByDistance','priceByDistance',NULL,'India','2020-08-01 17:12:21',NULL,7.00,'2020-08-01 17:12:21',37,117),(4171,3050,NULL,'H.NO. 581 ABHINAV HOMES PHASE2 , AYODHYA NAGAR','BHOPAL','HSC',NULL,NULL,'462041',NULL,NULL,NULL,'\0',NULL,'storePickUp','storePickUp',NULL,NULL,'2020-08-01 17:12:21',NULL,0.00,'2020-08-01 17:12:21',37,117),(4172,2801,NULL,NULL,NULL,NULL,NULL,NULL,NULL,'',NULL,NULL,'\0',NULL,'storePickUp','storePickUp',NULL,NULL,'2020-08-01 17:13:40',NULL,0.00,'2020-08-01 17:13:40',37,117),(4173,2801,NULL,'LIG Sector-B','Bhopal','HSC',NULL,NULL,'462022','',NULL,NULL,'\0',NULL,'priceByDistance','priceByDistance',NULL,'India','2020-08-01 17:14:39',NULL,15.00,'2020-08-01 17:14:39',37,117),(4174,2801,NULL,'LIG Sector-B','Bhopal','HSC',NULL,NULL,'462022','',NULL,NULL,'\0',NULL,'storePickUp','storePickUp',NULL,NULL,'2020-08-01 17:14:39',NULL,0.00,'2020-08-01 17:14:39',37,117),(4175,2801,NULL,NULL,NULL,NULL,NULL,NULL,NULL,'',NULL,NULL,'\0',NULL,'storePickUp','storePickUp',NULL,NULL,'2020-08-01 17:15:58',NULL,0.00,'2020-08-01 17:15:58',37,117),(4176,3050,NULL,'h.no. 43','Bhopal','HSC',NULL,NULL,'462022','',NULL,NULL,'\0',NULL,'priceByDistance','priceByDistance',NULL,'India','2020-08-01 17:18:21',NULL,55.00,'2020-08-01 17:18:21',37,117),(4177,3050,NULL,'h.no. 43','Bhopal','HSC',NULL,NULL,'462022','',NULL,NULL,'\0',NULL,'storePickUp','storePickUp',NULL,NULL,'2020-08-01 17:18:21',NULL,0.00,'2020-08-01 17:18:21',37,117),(4178,3051,NULL,'h.no. 43','Bhopal','HSC',NULL,NULL,'462022','',NULL,NULL,'\0',NULL,'priceByDistance','priceByDistance',NULL,'India','2020-08-01 17:20:11',NULL,55.00,'2020-08-01 17:20:11',37,117),(4179,3051,NULL,'h.no. 43','Bhopal','HSC',NULL,NULL,'462022','',NULL,NULL,'\0',NULL,'storePickUp','storePickUp',NULL,NULL,'2020-08-01 17:20:11',NULL,0.00,'2020-08-01 17:20:11',37,117),(4180,3051,NULL,'Ayodhya Bypass Road','Bhopal','HSC',NULL,NULL,'462022','',NULL,NULL,'\0',NULL,'priceByDistance','priceByDistance',NULL,'India','2020-08-01 17:20:48',NULL,1.00,'2020-08-01 17:20:48',37,117),(4181,3051,NULL,'Ayodhya Bypass Road','Bhopal','HSC',NULL,NULL,'462022','',NULL,NULL,'\0',NULL,'storePickUp','storePickUp',NULL,NULL,'2020-08-01 17:20:48',NULL,0.00,'2020-08-01 17:20:48',37,117),(4182,3051,NULL,'h.no. 43','Bhopal','HSC',NULL,NULL,'462022','',NULL,NULL,'\0',NULL,'priceByDistance','priceByDistance',NULL,'India','2020-08-01 17:21:45',NULL,55.00,'2020-08-01 17:21:45',37,117),(4183,3051,NULL,'h.no. 43','Bhopal','HSC',NULL,NULL,'462022','',NULL,NULL,'\0',NULL,'storePickUp','storePickUp',NULL,NULL,'2020-08-01 17:21:45',NULL,0.00,'2020-08-01 17:21:45',37,117),(4184,3051,NULL,'','Bhopal','HSC',NULL,NULL,'462039','',NULL,NULL,'\0',NULL,'priceByDistance','priceByDistance',NULL,'India','2020-08-01 17:22:28',NULL,60.00,'2020-08-01 17:22:28',37,117),(4185,3051,NULL,'','Bhopal','HSC',NULL,NULL,'462039','',NULL,NULL,'\0',NULL,'storePickUp','storePickUp',NULL,NULL,'2020-08-01 17:22:28',NULL,0.00,'2020-08-01 17:22:28',37,117),(4186,3051,NULL,'h.no. 43','Bhopal','HSC',NULL,NULL,'462022','',NULL,NULL,'\0',NULL,'priceByDistance','priceByDistance',NULL,'India','2020-08-01 17:22:58',NULL,55.00,'2020-08-01 17:22:58',37,117),(4187,3051,NULL,'h.no. 43','Bhopal','HSC',NULL,NULL,'462022','',NULL,NULL,'\0',NULL,'storePickUp','storePickUp',NULL,NULL,'2020-08-01 17:22:58',NULL,0.00,'2020-08-01 17:22:58',37,117),(4200,3100,NULL,'h.no. 43','Bhopal','HSC',NULL,NULL,'462022','',NULL,NULL,'\0',NULL,'priceByDistance','priceByDistance',NULL,'India','2020-08-01 17:26:13',NULL,55.00,'2020-08-01 17:26:13',37,117),(4201,3100,NULL,'h.no. 43','Bhopal','HSC',NULL,NULL,'462022','',NULL,NULL,'\0',NULL,'storePickUp','storePickUp',NULL,NULL,'2020-08-01 17:26:14',NULL,0.00,'2020-08-01 17:26:14',37,117),(4250,3100,NULL,'h.no. 43','Bhopal','HSC',NULL,NULL,'462022','',NULL,NULL,'\0',NULL,'priceByDistance','priceByDistance',NULL,'India','2020-08-01 17:44:08',NULL,55.00,'2020-08-01 17:44:08',37,117),(4251,3100,NULL,'h.no. 43','Bhopal','HSC',NULL,NULL,'462022','',NULL,NULL,'\0',NULL,'storePickUp','storePickUp',NULL,NULL,'2020-08-01 17:44:08',NULL,0.00,'2020-08-01 17:44:08',37,117),(4252,3100,NULL,'','Bhopal','HSC',NULL,NULL,'462041','',NULL,NULL,'\0',NULL,'priceByDistance','priceByDistance',NULL,'India','2020-08-01 17:44:45',NULL,5.00,'2020-08-01 17:44:45',37,117),(4253,3100,NULL,'','Bhopal','HSC',NULL,NULL,'462041','',NULL,NULL,'\0',NULL,'storePickUp','storePickUp',NULL,NULL,'2020-08-01 17:44:45',NULL,0.00,'2020-08-01 17:44:45',37,117),(4254,3150,NULL,'h.no. 43','Bhopal','HSC',NULL,NULL,'462022','',NULL,NULL,'\0',NULL,'priceByDistance','priceByDistance',NULL,'India','2020-08-01 17:48:12',NULL,55.00,'2020-08-01 17:48:12',37,117),(4255,3150,NULL,'h.no. 43','Bhopal','HSC',NULL,NULL,'462022','',NULL,NULL,'\0',NULL,'storePickUp','storePickUp',NULL,NULL,'2020-08-01 17:48:12',NULL,0.00,'2020-08-01 17:48:12',37,117),(4256,3150,NULL,'Jehanuma Palace Road','Bhopal','HSC',NULL,NULL,'462002','',NULL,NULL,'\0',NULL,'priceByDistance','priceByDistance',NULL,'India','2020-08-01 17:49:11',NULL,56.00,'2020-08-01 17:49:11',37,117),(4257,3150,NULL,'Jehanuma Palace Road','Bhopal','HSC',NULL,NULL,'462002','',NULL,NULL,'\0',NULL,'storePickUp','storePickUp',NULL,NULL,'2020-08-01 17:49:11',NULL,0.00,'2020-08-01 17:49:11',37,117),(4258,3151,NULL,'Jehanuma Palace Road','Bhopal','HSC',NULL,NULL,'462002','',NULL,NULL,'\0',NULL,'priceByDistance','priceByDistance',NULL,'India','2020-08-01 17:57:26',NULL,56.00,'2020-08-01 17:57:26',37,117),(4259,3151,NULL,'Jehanuma Palace Road','Bhopal','HSC',NULL,NULL,'462002','',NULL,NULL,'\0',NULL,'storePickUp','storePickUp',NULL,NULL,'2020-08-01 17:57:26',NULL,0.00,'2020-08-01 17:57:26',37,117),(4260,3151,NULL,'Jehanuma Palace Road','Bhopal','HSC',NULL,NULL,'462002','',NULL,NULL,'\0',NULL,'priceByDistance','priceByDistance',NULL,'India','2020-08-01 18:00:18',NULL,56.00,'2020-08-01 18:00:18',37,117),(4261,3151,NULL,'Jehanuma Palace Road','Bhopal','HSC',NULL,NULL,'462002','',NULL,NULL,'\0',NULL,'storePickUp','storePickUp',NULL,NULL,'2020-08-01 18:00:18',NULL,0.00,'2020-08-01 18:00:18',37,117),(4262,3151,NULL,'','Bhopal','HSC',NULL,NULL,'462022','',NULL,NULL,'\0',NULL,'priceByDistance','priceByDistance',NULL,'India','2020-08-01 18:00:47',NULL,55.00,'2020-08-01 18:00:47',37,117),(4263,3151,NULL,'','Bhopal','HSC',NULL,NULL,'462022','',NULL,NULL,'\0',NULL,'storePickUp','storePickUp',NULL,NULL,'2020-08-01 18:00:47',NULL,0.00,'2020-08-01 18:00:47',37,117),(4264,3151,NULL,'Jehanuma Palace Road','Bhopal','HSC',NULL,NULL,'462002','',NULL,NULL,'\0',NULL,'priceByDistance','priceByDistance',NULL,'India','2020-08-01 18:01:55',NULL,56.00,'2020-08-01 18:01:55',37,117),(4265,3151,NULL,'Jehanuma Palace Road','Bhopal','HSC',NULL,NULL,'462002','',NULL,NULL,'\0',NULL,'storePickUp','storePickUp',NULL,NULL,'2020-08-01 18:01:55',NULL,0.00,'2020-08-01 18:01:55',37,117),(4300,3151,NULL,'Jehanuma Palace Road','Bhopal','HSC',NULL,NULL,'462002','',NULL,NULL,'\0',NULL,'priceByDistance','priceByDistance',NULL,'India','2020-08-01 18:07:42',NULL,56.00,'2020-08-01 18:07:42',37,117),(4301,3151,NULL,'Jehanuma Palace Road','Bhopal','HSC',NULL,NULL,'462002','',NULL,NULL,'\0',NULL,'storePickUp','storePickUp',NULL,NULL,'2020-08-01 18:07:42',NULL,0.00,'2020-08-01 18:07:42',37,117),(4302,3151,NULL,'Piplani Gurudwara Square','Bhopal','HSC',NULL,NULL,'462022','',NULL,NULL,'\0',NULL,'priceByDistance','priceByDistance',NULL,'India','2020-08-01 18:10:29',NULL,28.00,'2020-08-01 18:10:29',37,117),(4303,3151,NULL,'Piplani Gurudwara Square','Bhopal','HSC',NULL,NULL,'462022','',NULL,NULL,'\0',NULL,'storePickUp','storePickUp',NULL,NULL,'2020-08-01 18:10:29',NULL,0.00,'2020-08-01 18:10:29',37,117),(4304,3151,NULL,'Jehanuma Palace Road','Bhopal','HSC',NULL,NULL,'462002','',NULL,NULL,'\0',NULL,'priceByDistance','priceByDistance',NULL,'India','2020-08-01 18:11:34',NULL,56.00,'2020-08-01 18:11:34',37,117),(4305,3151,NULL,'Jehanuma Palace Road','Bhopal','HSC',NULL,NULL,'462002','',NULL,NULL,'\0',NULL,'storePickUp','storePickUp',NULL,NULL,'2020-08-01 18:11:34',NULL,0.00,'2020-08-01 18:11:34',37,117),(4306,3151,NULL,'Jehanuma Palace Road','Bhopal','HSC',NULL,NULL,'462002','',NULL,NULL,'\0',NULL,'priceByDistance','priceByDistance',NULL,'India','2020-08-01 18:11:52',NULL,56.00,'2020-08-01 18:11:52',37,117),(4307,3151,NULL,'Jehanuma Palace Road','Bhopal','HSC',NULL,NULL,'462002','',NULL,NULL,'\0',NULL,'storePickUp','storePickUp',NULL,NULL,'2020-08-01 18:11:52',NULL,0.00,'2020-08-01 18:11:52',37,117),(4350,3151,NULL,'Jehanuma Palace Road','Bhopal','HSC',NULL,NULL,'462002','',NULL,NULL,'\0',NULL,'storePickUp','storePickUp',NULL,NULL,'2020-08-09 17:40:11',NULL,0.00,'2020-08-09 17:40:11',37,117),(4400,3151,NULL,'Jehanuma Palace Road','Bhopal','HSC',NULL,NULL,'462002','',NULL,NULL,'\0',NULL,'priceByDistance','priceByDistance',NULL,'India','2020-08-09 17:47:13',NULL,56.00,'2020-08-09 17:47:13',37,117),(4401,3151,NULL,'Jehanuma Palace Road','Bhopal','HSC',NULL,NULL,'462002','',NULL,NULL,'\0',NULL,'storePickUp','storePickUp',NULL,NULL,'2020-08-09 17:47:14',NULL,0.00,'2020-08-09 17:47:14',37,117),(4402,3200,NULL,'Jehanuma Palace Road','Bhopal','HSC',NULL,NULL,'462002','',NULL,NULL,'\0',NULL,'priceByDistance','priceByDistance',NULL,'India','2020-08-09 17:50:40',NULL,56.00,'2020-08-09 17:50:40',37,117),(4403,3200,NULL,'Jehanuma Palace Road','Bhopal','HSC',NULL,NULL,'462002','',NULL,NULL,'\0',NULL,'storePickUp','storePickUp',NULL,NULL,'2020-08-09 17:50:40',NULL,0.00,'2020-08-09 17:50:40',37,117),(4404,3201,NULL,NULL,NULL,NULL,NULL,NULL,NULL,'',NULL,NULL,'\0',NULL,'storePickUp','storePickUp',NULL,NULL,'2020-08-09 17:52:56',NULL,0.00,'2020-08-09 17:52:56',37,117),(4405,3201,NULL,'','Bhopal','HNS',NULL,NULL,'462041','',NULL,NULL,'\0',NULL,'priceByDistance','priceByDistance',NULL,'India','2020-08-09 17:53:36',NULL,5.00,'2020-08-09 17:53:36',37,117),(4406,3201,NULL,'','Bhopal','HNS',NULL,NULL,'462041','',NULL,NULL,'\0',NULL,'storePickUp','storePickUp',NULL,NULL,'2020-08-09 17:53:36',NULL,0.00,'2020-08-09 17:53:36',37,117),(4407,3201,NULL,'H.No. 545','Bhopal','HNS',NULL,NULL,'462041','',NULL,NULL,'\0',NULL,'priceByDistance','priceByDistance',NULL,'India','2020-08-09 17:54:52',NULL,5.00,'2020-08-09 17:54:52',37,117),(4408,3201,NULL,'H.No. 545','Bhopal','HNS',NULL,NULL,'462041','',NULL,NULL,'\0',NULL,'storePickUp','storePickUp',NULL,NULL,'2020-08-09 17:54:52',NULL,0.00,'2020-08-09 17:54:52',37,117),(4409,3200,NULL,'Jehanuma Palace Road','Bhopal','HSC',NULL,NULL,'462002','',NULL,NULL,'\0',NULL,'priceByDistance','priceByDistance',NULL,'India','2020-08-09 17:57:38',NULL,56.00,'2020-08-09 17:57:38',37,117),(4410,3200,NULL,'Jehanuma Palace Road','Bhopal','HSC',NULL,NULL,'462002','',NULL,NULL,'\0',NULL,'storePickUp','storePickUp',NULL,NULL,'2020-08-09 17:57:38',NULL,0.00,'2020-08-09 17:57:38',37,117),(4411,3200,NULL,'','Bhopal','HSC',NULL,NULL,'462022','',NULL,NULL,'\0',NULL,'priceByDistance','priceByDistance',NULL,'India','2020-08-09 17:57:59',NULL,55.00,'2020-08-09 17:57:59',37,117),(4412,3200,NULL,'','Bhopal','HSC',NULL,NULL,'462022','',NULL,NULL,'\0',NULL,'storePickUp','storePickUp',NULL,NULL,'2020-08-09 17:57:59',NULL,0.00,'2020-08-09 17:57:59',37,117),(4413,3202,NULL,NULL,NULL,NULL,NULL,NULL,NULL,'',NULL,NULL,'\0',NULL,'storePickUp','storePickUp',NULL,NULL,'2020-08-09 18:42:17',NULL,0.00,'2020-08-09 18:42:17',37,117),(4414,3202,NULL,'','Bhopal','HSC',NULL,NULL,'462022','',NULL,NULL,'\0',NULL,'priceByDistance','priceByDistance',NULL,'India','2020-08-09 18:43:12',NULL,55.00,'2020-08-09 18:43:12',37,117),(4415,3202,NULL,'','Bhopal','HSC',NULL,NULL,'462022','',NULL,NULL,'\0',NULL,'storePickUp','storePickUp',NULL,NULL,'2020-08-09 18:43:12',NULL,0.00,'2020-08-09 18:43:12',37,117),(4416,3203,NULL,NULL,NULL,NULL,NULL,NULL,NULL,'',NULL,NULL,'\0',NULL,'storePickUp','storePickUp',NULL,NULL,'2020-08-09 18:47:37',NULL,0.00,'2020-08-09 18:47:37',37,117),(4417,3203,NULL,'','Bhopal','HNS',NULL,NULL,'462041','',NULL,NULL,'\0',NULL,'priceByDistance','priceByDistance',NULL,'India','2020-08-09 18:48:32',NULL,5.00,'2020-08-09 18:48:32',37,117),(4418,3203,NULL,'','Bhopal','HNS',NULL,NULL,'462041','',NULL,NULL,'\0',NULL,'storePickUp','storePickUp',NULL,NULL,'2020-08-09 18:48:32',NULL,0.00,'2020-08-09 18:48:32',37,117),(4419,3203,NULL,NULL,NULL,NULL,NULL,NULL,NULL,'',NULL,NULL,'\0',NULL,'storePickUp','storePickUp',NULL,NULL,'2020-08-09 19:02:17',NULL,0.00,'2020-08-09 19:02:17',37,117),(4420,3203,NULL,'Piplani Gurudwara Square','Bhopal','HSC',NULL,NULL,'462022','',NULL,NULL,'\0',NULL,'priceByDistance','priceByDistance',NULL,'India','2020-08-09 19:06:15',NULL,28.00,'2020-08-09 19:06:15',37,117),(4421,3203,NULL,'Piplani Gurudwara Square','Bhopal','HSC',NULL,NULL,'462022','',NULL,NULL,'\0',NULL,'storePickUp','storePickUp',NULL,NULL,'2020-08-09 19:06:15',NULL,0.00,'2020-08-09 19:06:15',37,117),(4422,3204,NULL,NULL,NULL,NULL,NULL,NULL,NULL,'',NULL,NULL,'\0',NULL,'storePickUp','storePickUp',NULL,NULL,'2020-08-09 19:08:55',NULL,0.00,'2020-08-09 19:08:55',37,117),(4423,3204,NULL,'','Bhopal','hns',NULL,NULL,'462041','',NULL,NULL,'\0',NULL,'priceByDistance','priceByDistance',NULL,'India','2020-08-09 19:09:41',NULL,5.00,'2020-08-09 19:09:41',37,117),(4424,3204,NULL,'','Bhopal','hns',NULL,NULL,'462041','',NULL,NULL,'\0',NULL,'storePickUp','storePickUp',NULL,NULL,'2020-08-09 19:09:41',NULL,0.00,'2020-08-09 19:09:41',37,117),(4425,3204,NULL,'','Bhopal','hns',NULL,NULL,'462041','',NULL,NULL,'\0',NULL,'priceByDistance','priceByDistance',NULL,'India','2020-08-09 19:20:19',NULL,5.00,'2020-08-09 19:20:19',37,117),(4426,3204,NULL,'','Bhopal','hns',NULL,NULL,'462041','',NULL,NULL,'\0',NULL,'storePickUp','storePickUp',NULL,NULL,'2020-08-09 19:20:19',NULL,0.00,'2020-08-09 19:20:19',37,117),(4427,3204,NULL,'','Bhopal','hns',NULL,NULL,'462022','',NULL,NULL,'\0',NULL,'priceByDistance','priceByDistance',NULL,'India','2020-08-09 19:24:00',NULL,55.00,'2020-08-09 19:24:00',37,117),(4428,3204,NULL,'','Bhopal','hns',NULL,NULL,'462022','',NULL,NULL,'\0',NULL,'storePickUp','storePickUp',NULL,NULL,'2020-08-09 19:24:00',NULL,0.00,'2020-08-09 19:24:00',37,117),(4429,3204,NULL,NULL,NULL,NULL,NULL,NULL,NULL,'',NULL,NULL,'\0',NULL,'storePickUp','storePickUp',NULL,NULL,'2020-08-09 19:27:33',NULL,0.00,'2020-08-09 19:27:33',37,117),(4450,3250,NULL,'H.NO. 543','Bhopal','HSC',NULL,NULL,'462022','',NULL,NULL,'\0',NULL,'priceByDistance','priceByDistance',NULL,'India','2020-08-10 09:28:01',NULL,55.00,'2020-08-10 09:28:01',37,117),(4451,3250,NULL,'H.NO. 543','Bhopal','HSC',NULL,NULL,'462022','',NULL,NULL,'\0',NULL,'storePickUp','storePickUp',NULL,NULL,'2020-08-10 09:28:01',NULL,0.00,'2020-08-10 09:28:01',37,117),(4452,3250,NULL,'Ayodhya Nagar Sector D,ISRO Colony,Ayodhya Bypass','Bhopal','HSC',NULL,NULL,'462041','',NULL,NULL,'\0',NULL,'priceByDistance','priceByDistance',NULL,'India','2020-08-10 09:28:38',NULL,10.00,'2020-08-10 09:28:38',37,117),(4453,3250,NULL,'Ayodhya Nagar Sector D,ISRO Colony,Ayodhya Bypass','Bhopal','HSC',NULL,NULL,'462041','',NULL,NULL,'\0',NULL,'storePickUp','storePickUp',NULL,NULL,'2020-08-10 09:28:38',NULL,0.00,'2020-08-10 09:28:38',37,117),(4454,3250,NULL,'Abhinav Homes Phase II,Ayodhya Nagar,Bhopal','Bhopal','HSC',NULL,NULL,'462041','',NULL,NULL,'\0',NULL,'priceByDistance','priceByDistance',NULL,'India','2020-08-10 09:29:24',NULL,7.00,'2020-08-10 09:29:24',37,117),(4455,3250,NULL,'Abhinav Homes Phase II,Ayodhya Nagar,Bhopal','Bhopal','HSC',NULL,NULL,'462041','',NULL,NULL,'\0',NULL,'storePickUp','storePickUp',NULL,NULL,'2020-08-10 09:29:24',NULL,0.00,'2020-08-10 09:29:24',37,117),(4500,3300,NULL,NULL,NULL,NULL,NULL,NULL,NULL,'',NULL,NULL,'\0',NULL,'storePickUp','storePickUp',NULL,NULL,'2020-08-10 10:39:46',NULL,0.00,'2020-08-10 10:39:46',37,117),(4501,3300,NULL,'','Bhopal','HNS',NULL,NULL,'462022','',NULL,NULL,'\0',NULL,'priceByDistance','priceByDistance',NULL,'India','2020-08-10 10:40:25',NULL,55.00,'2020-08-10 10:40:25',37,117),(4502,3300,NULL,'','Bhopal','HNS',NULL,NULL,'462022','',NULL,NULL,'\0',NULL,'storePickUp','storePickUp',NULL,NULL,'2020-08-10 10:40:25',NULL,0.00,'2020-08-10 10:40:25',37,117),(4503,3301,NULL,NULL,NULL,NULL,NULL,NULL,NULL,'',NULL,NULL,'\0',NULL,'storePickUp','storePickUp',NULL,NULL,'2020-08-10 10:42:45',NULL,0.00,'2020-08-10 10:42:45',37,117),(4504,3301,NULL,'Indrapuri A sector, Sector A, Indrapuri','Bhopal','HSC',NULL,NULL,'462022','',NULL,NULL,'\0',NULL,'priceByDistance','priceByDistance',NULL,'India','2020-08-10 10:43:16',NULL,13.00,'2020-08-10 10:43:16',37,117),(4505,3301,NULL,'Indrapuri A sector, Sector A, Indrapuri','Bhopal','HSC',NULL,NULL,'462022','',NULL,NULL,'\0',NULL,'storePickUp','storePickUp',NULL,NULL,'2020-08-10 10:43:16',NULL,0.00,'2020-08-10 10:43:16',37,117),(4506,3301,NULL,'Sonagiri Square,BHEL, Bhopal, Bhopal','Bhopal','HSC',NULL,NULL,'462022','',NULL,NULL,'\0',NULL,'priceByDistance','priceByDistance',NULL,'India','2020-08-10 10:44:20',NULL,16.00,'2020-08-10 10:44:20',37,117),(4507,3301,NULL,'Sonagiri Square,BHEL, Bhopal, Bhopal','Bhopal','HSC',NULL,NULL,'462022','',NULL,NULL,'\0',NULL,'storePickUp','storePickUp',NULL,NULL,'2020-08-10 10:44:20',NULL,0.00,'2020-08-10 10:44:20',37,117),(4508,3301,NULL,'Piplani Rd, Piplani, BHEL','Bhopal','HSC',NULL,NULL,'462022','',NULL,NULL,'\0',NULL,'priceByDistance','priceByDistance',NULL,'India','2020-08-10 10:45:00',NULL,20.00,'2020-08-10 10:45:00',37,117),(4509,3301,NULL,'Piplani Rd, Piplani, BHEL','Bhopal','HSC',NULL,NULL,'462022','',NULL,NULL,'\0',NULL,'storePickUp','storePickUp',NULL,NULL,'2020-08-10 10:45:00',NULL,0.00,'2020-08-10 10:45:00',37,117),(4510,3301,NULL,'Bharat Nagar Rd, Karamveer Nagar, Bharat Nagar','Bhopal','HSC',NULL,NULL,'462022','',NULL,NULL,'\0',NULL,'priceByDistance','priceByDistance',NULL,'India','2020-08-10 10:51:08',NULL,10.00,'2020-08-10 10:51:08',37,117),(4511,3301,NULL,'Bharat Nagar Rd, Karamveer Nagar, Bharat Nagar','Bhopal','HSC',NULL,NULL,'462022','',NULL,NULL,'\0',NULL,'storePickUp','storePickUp',NULL,NULL,'2020-08-10 10:51:08',NULL,0.00,'2020-08-10 10:51:08',37,117),(4512,3301,NULL,'','','','','','','',NULL,NULL,'\0',NULL,'storePickUp','storePickUp',NULL,NULL,'2020-08-10 10:52:04',NULL,0.00,'2020-08-10 10:52:04',37,117),(4513,3301,NULL,'H.NO. 32 ABHINAV HOMES PHASE2','BHOPAL','HNS','Ritesh','Kumar','462041','',NULL,NULL,'\0',NULL,'priceByDistance','priceByDistance',NULL,'India','2020-08-10 10:52:47',NULL,7.00,'2020-08-10 10:52:47',37,117),(4514,3301,NULL,'H.NO. 32 ABHINAV HOMES PHASE2','BHOPAL','HNS','Ritesh','Kumar','462041','',NULL,NULL,'\0',NULL,'priceByDistance','priceByDistance',NULL,'India','2020-08-10 10:52:47',NULL,7.00,'2020-08-10 10:52:47',37,117),(4515,3301,NULL,'H.NO. 32 ABHINAV HOMES PHASE2','BHOPAL','HNS','Ritesh','Kumar','462041','',NULL,NULL,'\0',NULL,'storePickUp','storePickUp',NULL,NULL,'2020-08-10 10:52:47',NULL,0.00,'2020-08-10 10:52:47',37,117),(4516,3301,NULL,'H.NO. 32 ABHINAV HOMES PHASE2','BHOPAL','HNS','Ritesh','Kumar','462041','',NULL,NULL,'\0',NULL,'storePickUp','storePickUp',NULL,NULL,'2020-08-10 10:52:47',NULL,0.00,'2020-08-10 10:52:47',37,117),(4517,3301,NULL,'H.NO. 32 ABHINAV HOMES PHASE2','BHOPAL','HNS','Ritesh','Kumar','462041','',NULL,NULL,'\0',NULL,'priceByDistance','priceByDistance',NULL,'India','2020-08-10 10:53:50',NULL,7.00,'2020-08-10 10:53:50',37,117),(4518,3301,NULL,'H.NO. 32 ABHINAV HOMES PHASE2','BHOPAL','HNS','Ritesh','Kumar','462041','',NULL,NULL,'\0',NULL,'storePickUp','storePickUp',NULL,NULL,'2020-08-10 10:53:50',NULL,0.00,'2020-08-10 10:53:50',37,117),(4550,3350,NULL,NULL,NULL,NULL,NULL,NULL,NULL,'',NULL,NULL,'\0',NULL,'storePickUp','storePickUp',NULL,NULL,'2020-08-11 16:40:32',NULL,0.00,'2020-08-11 16:40:32',37,117),(4551,3350,NULL,'Vrindavan Nagar, Rajeev Nagar, Ayodhya Bypass','Bhopal','ADOBE',NULL,NULL,'462041','',NULL,NULL,'\0',NULL,'priceByDistance','priceByDistance',NULL,'India','2020-08-11 16:41:13',NULL,6.00,'2020-08-11 16:41:13',37,117),(4552,3350,NULL,'Vrindavan Nagar, Rajeev Nagar, Ayodhya Bypass','Bhopal','ADOBE',NULL,NULL,'462041','',NULL,NULL,'\0',NULL,'storePickUp','storePickUp',NULL,NULL,'2020-08-11 16:41:13',NULL,0.00,'2020-08-11 16:41:13',37,117),(4600,3400,NULL,NULL,NULL,NULL,NULL,NULL,NULL,'',NULL,NULL,'\0',NULL,'storePickUp','storePickUp',NULL,NULL,'2020-08-16 12:31:24',NULL,0.00,'2020-08-16 12:31:24',37,117),(4601,3401,NULL,NULL,NULL,NULL,NULL,NULL,NULL,'',NULL,NULL,'\0',NULL,'storePickUp','storePickUp',NULL,NULL,'2020-08-16 12:35:49',NULL,0.00,'2020-08-16 12:35:49',37,117),(4602,3401,NULL,'Bhavani Tower, Ayodhya Bypass Rd, Chhatrapati Nagar','Bhopal','BOA',NULL,NULL,'462022','',NULL,NULL,'\0',NULL,'priceByDistance','priceByDistance',NULL,'India','2020-08-16 12:36:37',NULL,2.00,'2020-08-16 12:36:37',37,117),(4603,3401,NULL,'Bhavani Tower, Ayodhya Bypass Rd, Chhatrapati Nagar','Bhopal','BOA',NULL,NULL,'462022','',NULL,NULL,'\0',NULL,'storePickUp','storePickUp',NULL,NULL,'2020-08-16 12:36:37',NULL,0.00,'2020-08-16 12:36:37',37,117),(4604,3401,NULL,NULL,NULL,NULL,NULL,NULL,NULL,'',NULL,NULL,'\0',NULL,'storePickUp','storePickUp',NULL,NULL,'2020-08-16 12:38:27',NULL,0.00,'2020-08-16 12:38:27',37,117),(4605,3401,NULL,'Bhawani Campus, Paras Nagar, Ayodhya Nagar','Bhopal','HSBC',NULL,NULL,'462022','',NULL,NULL,'\0',NULL,'priceByDistance','priceByDistance',NULL,'India','2020-08-16 12:38:55',NULL,3.00,'2020-08-16 12:38:55',37,117),(4606,3401,NULL,'Bhawani Campus, Paras Nagar, Ayodhya Nagar','Bhopal','HSBC',NULL,NULL,'462022','',NULL,NULL,'\0',NULL,'storePickUp','storePickUp',NULL,NULL,'2020-08-16 12:38:55',NULL,0.00,'2020-08-16 12:38:55',37,117),(4607,3401,NULL,'Ayodhya Nagar Sector D, ISRO Colony, Ayodhya Bypass','Bhopal','HSBC',NULL,NULL,'462041','',NULL,NULL,'\0',NULL,'priceByDistance','priceByDistance',NULL,'India','2020-08-16 12:39:17',NULL,10.00,'2020-08-16 12:39:17',37,117),(4608,3401,NULL,'Ayodhya Nagar Sector D, ISRO Colony, Ayodhya Bypass','Bhopal','HSBC',NULL,NULL,'462041','',NULL,NULL,'\0',NULL,'storePickUp','storePickUp',NULL,NULL,'2020-08-16 12:39:17',NULL,0.00,'2020-08-16 12:39:17',37,117),(4609,3401,NULL,'Abhinav Homes Phase 4, ISRO Colony, Ayodhya Nagar','Bhopal','HSBC',NULL,NULL,'462041','',NULL,NULL,'\0',NULL,'priceByDistance','priceByDistance',NULL,'India','2020-08-16 12:39:37',NULL,3.00,'2020-08-16 12:39:37',37,117),(4610,3401,NULL,'Abhinav Homes Phase 4, ISRO Colony, Ayodhya Nagar','Bhopal','HSBC',NULL,NULL,'462041','',NULL,NULL,'\0',NULL,'storePickUp','storePickUp',NULL,NULL,'2020-08-16 12:39:37',NULL,0.00,'2020-08-16 12:39:37',37,117),(4611,3401,NULL,'Minal Residency Water Tank - 1, Minal & New Minal Residency, Minal Residency','Bhopal','HSBC',NULL,NULL,'462023','',NULL,NULL,'\0',NULL,'priceByDistance','priceByDistance',NULL,'India','2020-08-16 12:40:00',NULL,12.00,'2020-08-16 12:40:00',37,117),(4612,3401,NULL,'Minal Residency Water Tank - 1, Minal & New Minal Residency, Minal Residency','Bhopal','HSBC',NULL,NULL,'462023','',NULL,NULL,'\0',NULL,'storePickUp','storePickUp',NULL,NULL,'2020-08-16 12:40:00',NULL,0.00,'2020-08-16 12:40:00',37,117),(4613,3402,NULL,NULL,NULL,NULL,NULL,NULL,NULL,'',NULL,NULL,'\0',NULL,'storePickUp','storePickUp',NULL,NULL,'2020-08-16 12:42:30',NULL,0.00,'2020-08-16 12:42:30',37,117),(4614,3402,NULL,'Abhinav Enclave, Chhattisgarh Colony, Prakash Nagar','Bhopal','HSC',NULL,NULL,'462041','',NULL,NULL,'\0',NULL,'priceByDistance','priceByDistance',NULL,'India','2020-08-16 12:43:17',NULL,9.00,'2020-08-16 12:43:17',37,117),(4615,3402,NULL,'Abhinav Enclave, Chhattisgarh Colony, Prakash Nagar','Bhopal','HSC',NULL,NULL,'462041','',NULL,NULL,'\0',NULL,'storePickUp','storePickUp',NULL,NULL,'2020-08-16 12:43:17',NULL,0.00,'2020-08-16 12:43:17',37,117),(4650,3450,NULL,NULL,NULL,NULL,NULL,NULL,NULL,'',NULL,NULL,'\0',NULL,'storePickUp','storePickUp',NULL,NULL,'2020-08-16 12:50:32',NULL,0.00,'2020-08-16 12:50:32',37,117),(4651,3450,NULL,'Bhawani Campus, Paras Nagar, Ayodhya Nagar','Bhopal','RACHIT',NULL,NULL,'462022','',NULL,NULL,'\0',NULL,'priceByDistance','priceByDistance',NULL,'India','2020-08-16 12:51:28',NULL,3.00,'2020-08-16 12:51:28',37,117),(4652,3450,NULL,'Bhawani Campus, Paras Nagar, Ayodhya Nagar','Bhopal','RACHIT',NULL,NULL,'462022','',NULL,NULL,'\0',NULL,'storePickUp','storePickUp',NULL,NULL,'2020-08-16 12:51:28',NULL,0.00,'2020-08-16 12:51:28',37,117),(4653,3450,NULL,NULL,NULL,NULL,NULL,NULL,NULL,'',NULL,NULL,'\0',NULL,'storePickUp','storePickUp',NULL,NULL,'2020-08-16 12:53:54',NULL,0.00,'2020-08-16 12:53:54',37,117),(4654,3450,NULL,'Hazrat Nizamuddin Colony, Sector B, Ayodhya Nagar','Bhopal','HNS',NULL,NULL,'462022','',NULL,NULL,'\0',NULL,'priceByDistance','priceByDistance',NULL,'India','2020-08-16 12:54:13',NULL,9.00,'2020-08-16 12:54:13',37,117),(4655,3450,NULL,'Hazrat Nizamuddin Colony, Sector B, Ayodhya Nagar','Bhopal','HNS',NULL,NULL,'462022','',NULL,NULL,'\0',NULL,'storePickUp','storePickUp',NULL,NULL,'2020-08-16 12:54:13',NULL,0.00,'2020-08-16 12:54:13',37,117),(4656,3450,NULL,'h.no. 45, Hazrat Nizamuddin Colony, Sector B, Ayodhya Nagar','Bhopal','HNS',NULL,NULL,'462022','',NULL,NULL,'\0',NULL,'priceByDistance','priceByDistance',NULL,'India','2020-08-16 12:55:16',NULL,9.00,'2020-08-16 12:55:16',37,117),(4657,3450,NULL,'h.no. 45, Hazrat Nizamuddin Colony, Sector B, Ayodhya Nagar','Bhopal','HNS',NULL,NULL,'462022','',NULL,NULL,'\0',NULL,'storePickUp','storePickUp',NULL,NULL,'2020-08-16 12:55:16',NULL,0.00,'2020-08-16 12:55:16',37,117),(4658,3451,NULL,NULL,NULL,NULL,NULL,NULL,NULL,'',NULL,NULL,'\0',NULL,'storePickUp','storePickUp',NULL,NULL,'2020-08-16 13:04:52',NULL,0.00,'2020-08-16 13:04:52',37,117),(4659,3451,NULL,'Bhel Nagar, Chhattisgarh Colony, Prakash Nagar','Bhopal','HSC',NULL,NULL,'462041','',NULL,NULL,'\0',NULL,'priceByDistance','priceByDistance',NULL,'India','2020-08-16 13:05:15',NULL,10.00,'2020-08-16 13:05:15',37,117),(4660,3451,NULL,'Bhel Nagar, Chhattisgarh Colony, Prakash Nagar','Bhopal','HSC',NULL,NULL,'462041','',NULL,NULL,'\0',NULL,'storePickUp','storePickUp',NULL,NULL,'2020-08-16 13:05:15',NULL,0.00,'2020-08-16 13:05:15',37,117),(4661,3451,NULL,NULL,NULL,NULL,NULL,NULL,NULL,'',NULL,NULL,'\0',NULL,'storePickUp','storePickUp',NULL,NULL,'2020-08-16 13:06:24',NULL,0.00,'2020-08-16 13:06:24',37,117),(4662,3451,NULL,'Eastern Rd of BHEL, Sector C, Indrapuri','Bhopal','HSC',NULL,NULL,'462022','',NULL,NULL,'\0',NULL,'priceByDistance','priceByDistance',NULL,'India','2020-08-16 13:06:49',NULL,23.00,'2020-08-16 13:06:49',37,117),(4663,3451,NULL,'Eastern Rd of BHEL, Sector C, Indrapuri','Bhopal','HSC',NULL,NULL,'462022','',NULL,NULL,'\0',NULL,'storePickUp','storePickUp',NULL,NULL,'2020-08-16 13:06:49',NULL,0.00,'2020-08-16 13:06:49',37,117),(4700,3500,NULL,NULL,NULL,NULL,NULL,NULL,NULL,'',NULL,NULL,'\0',NULL,'storePickUp','storePickUp',NULL,NULL,'2020-08-16 13:13:42',NULL,0.00,'2020-08-16 13:13:42',37,117),(4701,3500,NULL,'Bhawani Campus, Paras Nagar, Ayodhya Nagar','Bhopal','HSC',NULL,NULL,'462022','',NULL,NULL,'\0',NULL,'priceByDistance','priceByDistance',NULL,'India','2020-08-16 13:14:18',NULL,3.00,'2020-08-16 13:14:18',37,117),(4702,3500,NULL,'Bhawani Campus, Paras Nagar, Ayodhya Nagar','Bhopal','HSC',NULL,NULL,'462022','',NULL,NULL,'\0',NULL,'storePickUp','storePickUp',NULL,NULL,'2020-08-16 13:14:18',NULL,0.00,'2020-08-16 13:14:18',37,117),(4750,3550,NULL,NULL,NULL,NULL,NULL,NULL,NULL,'',NULL,NULL,'\0',NULL,'storePickUp','storePickUp',NULL,NULL,'2020-08-16 13:35:58',NULL,0.00,'2020-08-16 13:35:58',37,117),(4751,3550,NULL,'Kalpana Nagar, Bhopal, Bhopal','Bhopal','qwe',NULL,NULL,'462022','',NULL,NULL,'\0',NULL,'priceByDistance','priceByDistance',NULL,'India','2020-08-16 13:36:25',NULL,11.00,'2020-08-16 13:36:25',37,117),(4752,3550,NULL,'Kalpana Nagar, Bhopal, Bhopal','Bhopal','qwe',NULL,NULL,'462022','',NULL,NULL,'\0',NULL,'storePickUp','storePickUp',NULL,NULL,'2020-08-16 13:36:25',NULL,0.00,'2020-08-16 13:36:25',37,117),(4800,3600,NULL,NULL,NULL,NULL,NULL,NULL,NULL,'',NULL,NULL,'\0',NULL,'storePickUp','storePickUp',NULL,NULL,'2020-08-20 12:42:49',NULL,0.00,'2020-08-20 12:42:49',37,117),(4801,3600,NULL,'Ayodhya Nagar Extension, Ayodhya Nagar, Bhopal','Bhopal','SINGH',NULL,NULL,'462041','',NULL,NULL,'\0',NULL,'priceByDistance','priceByDistance',NULL,'India','2020-08-20 12:43:32',NULL,6.00,'2020-08-20 12:43:32',37,117),(4802,3600,NULL,'Ayodhya Nagar Extension, Ayodhya Nagar, Bhopal','Bhopal','SINGH',NULL,NULL,'462041','',NULL,NULL,'\0',NULL,'storePickUp','storePickUp',NULL,NULL,'2020-08-20 12:43:32',NULL,0.00,'2020-08-20 12:43:32',37,117),(4850,3650,NULL,NULL,NULL,NULL,NULL,NULL,NULL,'',NULL,NULL,'\0',NULL,'storePickUp','storePickUp',NULL,NULL,'2020-08-21 12:46:52',NULL,0.00,'2020-08-21 12:46:52',37,117),(4851,3650,NULL,'Phase - 2, Sector B, Ayodhya Nagar','Bhopal','HNS',NULL,NULL,'462022','',NULL,NULL,'\0',NULL,'priceByDistance','priceByDistance',NULL,'India','2020-08-21 12:47:18',NULL,3.00,'2020-08-21 12:47:18',37,117),(4852,3650,NULL,'Phase - 2, Sector B, Ayodhya Nagar','Bhopal','HNS',NULL,NULL,'462022','',NULL,NULL,'\0',NULL,'storePickUp','storePickUp',NULL,NULL,'2020-08-21 12:47:18',NULL,0.00,'2020-08-21 12:47:18',37,117),(4900,3700,NULL,NULL,NULL,NULL,NULL,NULL,NULL,'',NULL,NULL,'\0',NULL,'storePickUp','storePickUp',NULL,NULL,'2020-08-21 16:33:06',NULL,0.00,'2020-08-21 16:33:06',37,117),(4901,3700,NULL,'Berkheda BHEL, Sector A, Berkheda','Bhopal','hsc',NULL,NULL,'462022','',NULL,NULL,'\0',NULL,'priceByDistance','priceByDistance',NULL,'India','2020-08-21 16:33:38',NULL,26.00,'2020-08-21 16:33:38',37,117),(4902,3700,NULL,'Berkheda BHEL, Sector A, Berkheda','Bhopal','hsc',NULL,NULL,'462022','',NULL,NULL,'\0',NULL,'storePickUp','storePickUp',NULL,NULL,'2020-08-21 16:33:38',NULL,0.00,'2020-08-21 16:33:38',37,117),(4950,3750,NULL,NULL,NULL,NULL,NULL,NULL,NULL,'',NULL,NULL,'\0',NULL,'storePickUp','storePickUp',NULL,NULL,'2020-08-21 16:42:58',NULL,0.00,'2020-08-21 16:42:58',37,117),(4951,3750,NULL,'MP Nagar Zone-I, Zone-I, MP Nagar','Bhopal','FFDD',NULL,NULL,'462023','',NULL,NULL,'\0',NULL,'priceByDistance','priceByDistance',NULL,'India','2020-08-21 16:43:23',NULL,36.00,'2020-08-21 16:43:23',37,117),(4952,3750,NULL,'MP Nagar Zone-I, Zone-I, MP Nagar','Bhopal','FFDD',NULL,NULL,'462023','',NULL,NULL,'\0',NULL,'storePickUp','storePickUp',NULL,NULL,'2020-08-21 16:43:23',NULL,0.00,'2020-08-21 16:43:23',37,117),(5000,3800,NULL,NULL,NULL,NULL,NULL,NULL,NULL,'',NULL,NULL,'\0',NULL,'storePickUp','storePickUp',NULL,NULL,'2020-08-21 16:52:40',NULL,0.00,'2020-08-21 16:52:40',37,117),(5001,3800,NULL,'Flora City, ISRO Colony, Ayodhya Bypass','Bhopal','fdffs',NULL,NULL,'462041','',NULL,NULL,'\0',NULL,'priceByDistance','priceByDistance',NULL,'India','2020-08-21 16:53:30',NULL,8.00,'2020-08-21 16:53:30',37,117),(5002,3800,NULL,'Flora City, ISRO Colony, Ayodhya Bypass','Bhopal','fdffs',NULL,NULL,'462041','',NULL,NULL,'\0',NULL,'storePickUp','storePickUp',NULL,NULL,'2020-08-21 16:53:30',NULL,0.00,'2020-08-21 16:53:30',37,117),(5003,3801,NULL,NULL,NULL,NULL,NULL,NULL,NULL,'',NULL,NULL,'\0',NULL,'storePickUp','storePickUp',NULL,NULL,'2020-08-21 16:58:23',NULL,0.00,'2020-08-21 16:58:23',37,117),(5004,3801,NULL,'Sonagiri Square,BHEL, Bhopal, Bhopal','Bhopal','fffsffs',NULL,NULL,'462022','',NULL,NULL,'\0',NULL,'priceByDistance','priceByDistance',NULL,'India','2020-08-21 16:59:41',NULL,16.00,'2020-08-21 16:59:41',37,117),(5005,3801,NULL,'Sonagiri Square,BHEL, Bhopal, Bhopal','Bhopal','fffsffs',NULL,NULL,'462022','',NULL,NULL,'\0',NULL,'storePickUp','storePickUp',NULL,NULL,'2020-08-21 16:59:41',NULL,0.00,'2020-08-21 16:59:41',37,117),(5050,3850,NULL,NULL,NULL,NULL,NULL,NULL,NULL,'',NULL,NULL,'\0',NULL,'storePickUp','storePickUp',NULL,NULL,'2020-08-22 17:24:09',NULL,0.00,'2020-08-22 17:24:09',37,117),(5051,3850,NULL,'Vrindavan Nagar, Rajeev Nagar, Ayodhya Bypass','Bhopal','nag',NULL,NULL,'462041','',NULL,NULL,'\0',NULL,'priceByDistance','priceByDistance',NULL,'India','2020-08-22 17:24:42',NULL,6.00,'2020-08-22 17:24:42',37,117),(5052,3850,NULL,'Vrindavan Nagar, Rajeev Nagar, Ayodhya Bypass','Bhopal','nag',NULL,NULL,'462041','',NULL,NULL,'\0',NULL,'storePickUp','storePickUp',NULL,NULL,'2020-08-22 17:24:42',NULL,0.00,'2020-08-22 17:24:42',37,117),(5100,3900,NULL,NULL,NULL,NULL,NULL,NULL,NULL,'',NULL,NULL,'\0',NULL,'storePickUp','storePickUp',NULL,NULL,'2020-08-22 17:46:48',NULL,0.00,'2020-08-22 17:46:48',37,117),(5101,3900,NULL,'Berkheda BHEL, Sector A, Berkheda','Bhopal','RAJ',NULL,NULL,'462022','',NULL,NULL,'\0',NULL,'priceByDistance','priceByDistance',NULL,'India','2020-08-22 17:47:31',NULL,26.00,'2020-08-22 17:47:31',37,117),(5102,3900,NULL,'Berkheda BHEL, Sector A, Berkheda','Bhopal','RAJ',NULL,NULL,'462022','',NULL,NULL,'\0',NULL,'storePickUp','storePickUp',NULL,NULL,'2020-08-22 17:47:31',NULL,0.00,'2020-08-22 17:47:31',37,117),(5150,3950,NULL,NULL,NULL,NULL,NULL,NULL,NULL,'',NULL,NULL,'\0',NULL,'storePickUp','storePickUp',NULL,NULL,'2020-08-22 18:02:43',NULL,0.00,'2020-08-22 18:02:43',37,117),(5151,3950,NULL,'Laxmi Nagar, East Kamla Nagar, Kalpana Nagar','Bhopal','HSC',NULL,NULL,'462022','',NULL,NULL,'\0',NULL,'priceByDistance','priceByDistance',NULL,'India','2020-08-22 18:03:42',NULL,14.00,'2020-08-22 18:03:42',37,117),(5152,3950,NULL,'Laxmi Nagar, East Kamla Nagar, Kalpana Nagar','Bhopal','HSC',NULL,NULL,'462022','',NULL,NULL,'\0',NULL,'storePickUp','storePickUp',NULL,NULL,'2020-08-22 18:03:42',NULL,0.00,'2020-08-22 18:03:42',37,117),(5153,3951,NULL,NULL,NULL,NULL,NULL,NULL,NULL,'',NULL,NULL,'\0',NULL,'storePickUp','storePickUp',NULL,NULL,'2020-08-22 18:08:43',NULL,0.00,'2020-08-22 18:08:43',37,117),(5154,3951,NULL,'Berkheda BHEL, Sector A, Berkheda','Bhopal','hsc',NULL,NULL,'462022','',NULL,NULL,'\0',NULL,'priceByDistance','priceByDistance',NULL,'India','2020-08-22 18:09:25',NULL,26.00,'2020-08-22 18:09:25',37,117),(5155,3951,NULL,'Berkheda BHEL, Sector A, Berkheda','Bhopal','hsc',NULL,NULL,'462022','',NULL,NULL,'\0',NULL,'storePickUp','storePickUp',NULL,NULL,'2020-08-22 18:09:25',NULL,0.00,'2020-08-22 18:09:25',37,117),(5200,4000,NULL,NULL,NULL,NULL,NULL,NULL,NULL,'',NULL,NULL,'\0',NULL,'storePickUp','storePickUp',NULL,NULL,'2020-08-23 18:26:46',NULL,0.00,'2020-08-23 18:26:46',37,117),(5201,4000,NULL,'Ayodhya Nagar Sector D, ISRO Colony, Ayodhya Bypass','Bhopal','hsc',NULL,NULL,'462041','',NULL,NULL,'\0',NULL,'priceByDistance','priceByDistance',NULL,'India','2020-08-23 18:28:21',NULL,10.00,'2020-08-23 18:28:21',37,117),(5202,4000,NULL,'Ayodhya Nagar Sector D, ISRO Colony, Ayodhya Bypass','Bhopal','hsc',NULL,NULL,'462041','',NULL,NULL,'\0',NULL,'storePickUp','storePickUp',NULL,NULL,'2020-08-23 18:28:21',NULL,0.00,'2020-08-23 18:28:21',37,117),(5250,4000,NULL,NULL,NULL,NULL,NULL,NULL,NULL,'',NULL,NULL,'\0',NULL,'storePickUp','storePickUp',NULL,NULL,'2020-08-23 18:38:53',NULL,0.00,'2020-08-23 18:38:53',37,117),(5251,4000,NULL,'Rajsamrat Colony, Ayodhya Nagar, Bhopal','Bhopal','HSC',NULL,NULL,'462041','',NULL,NULL,'\0',NULL,'priceByDistance','priceByDistance',NULL,'India','2020-08-23 18:39:29',NULL,6.00,'2020-08-23 18:39:29',37,117),(5252,4000,NULL,'Rajsamrat Colony, Ayodhya Nagar, Bhopal','Bhopal','HSC',NULL,NULL,'462041','',NULL,NULL,'\0',NULL,'storePickUp','storePickUp',NULL,NULL,'2020-08-23 18:39:29',NULL,0.00,'2020-08-23 18:39:29',37,117),(5253,4000,NULL,NULL,NULL,NULL,NULL,NULL,NULL,'',NULL,NULL,'\0',NULL,'storePickUp','storePickUp',NULL,NULL,'2020-08-23 18:42:36',NULL,0.00,'2020-08-23 18:42:36',37,117),(5254,4000,NULL,'Bhavna Nagar, Sector A, Rajeev Nagar','Bhopal','HSC',NULL,NULL,'4','',NULL,NULL,'\0',NULL,'priceByDistance','priceByDistance',NULL,'India','2020-08-23 18:43:03',NULL,2.00,'2020-08-23 18:43:03',37,117),(5255,4000,NULL,'Bhavna Nagar, Sector A, Rajeev Nagar','Bhopal','HSC',NULL,NULL,'4','',NULL,NULL,'\0',NULL,'storePickUp','storePickUp',NULL,NULL,'2020-08-23 18:43:03',NULL,0.00,'2020-08-23 18:43:03',37,117),(5256,4000,NULL,'Bhavna Nagar, Sector A, Rajeev Nagar','Bhopal','HSC',NULL,NULL,'46','',NULL,NULL,'\0',NULL,'priceByDistance','priceByDistance',NULL,'India','2020-08-23 18:43:03',NULL,2.00,'2020-08-23 18:43:03',37,117),(5257,4000,NULL,'Bhavna Nagar, Sector A, Rajeev Nagar','Bhopal','HSC',NULL,NULL,'46','',NULL,NULL,'\0',NULL,'storePickUp','storePickUp',NULL,NULL,'2020-08-23 18:43:03',NULL,0.00,'2020-08-23 18:43:03',37,117),(5258,4000,NULL,'Bhavna Nagar, Sector A, Rajeev Nagar','Bhopal','HSC',NULL,NULL,'462','',NULL,NULL,'\0',NULL,'priceByDistance','priceByDistance',NULL,'India','2020-08-23 18:43:04',NULL,2.00,'2020-08-23 18:43:04',37,117),(5259,4000,NULL,'Bhavna Nagar, Sector A, Rajeev Nagar','Bhopal','HSC',NULL,NULL,'462','',NULL,NULL,'\0',NULL,'storePickUp','storePickUp',NULL,NULL,'2020-08-23 18:43:04',NULL,0.00,'2020-08-23 18:43:04',37,117),(5260,4000,NULL,'Bhavna Nagar, Sector A, Rajeev Nagar','Bhopal','HSC',NULL,NULL,'4620','',NULL,NULL,'\0',NULL,'priceByDistance','priceByDistance',NULL,'India','2020-08-23 18:43:04',NULL,2.00,'2020-08-23 18:43:04',37,117),(5261,4000,NULL,'Bhavna Nagar, Sector A, Rajeev Nagar','Bhopal','HSC',NULL,NULL,'4620','',NULL,NULL,'\0',NULL,'storePickUp','storePickUp',NULL,NULL,'2020-08-23 18:43:04',NULL,0.00,'2020-08-23 18:43:04',37,117),(5262,4000,NULL,'Bhavna Nagar, Sector A, Rajeev Nagar','Bhopal','HSC',NULL,NULL,'462041','',NULL,NULL,'\0',NULL,'priceByDistance','priceByDistance',NULL,'India','2020-08-23 18:43:04',NULL,2.00,'2020-08-23 18:43:04',37,117),(5263,4000,NULL,'Bhavna Nagar, Sector A, Rajeev Nagar','Bhopal','HSC',NULL,NULL,'462041','',NULL,NULL,'\0',NULL,'storePickUp','storePickUp',NULL,NULL,'2020-08-23 18:43:04',NULL,0.00,'2020-08-23 18:43:04',37,117),(5264,4000,NULL,'Bhavna Nagar, Sector A, Rajeev Nagar','Bhopal','HSC',NULL,NULL,'46204','',NULL,NULL,'\0',NULL,'priceByDistance','priceByDistance',NULL,'India','2020-08-23 18:43:04',NULL,2.00,'2020-08-23 18:43:04',37,117),(5265,4000,NULL,'Bhavna Nagar, Sector A, Rajeev Nagar','Bhopal','HSC',NULL,NULL,'46204','',NULL,NULL,'\0',NULL,'storePickUp','storePickUp',NULL,NULL,'2020-08-23 18:43:04',NULL,0.00,'2020-08-23 18:43:04',37,117),(5266,4000,NULL,'Bhavna Nagar, Sector A, Rajeev Nagar','Bhopal','HSC',NULL,NULL,'462041','',NULL,NULL,'\0',NULL,'priceByDistance','priceByDistance',NULL,'India','2020-08-23 18:43:06',NULL,2.00,'2020-08-23 18:43:06',37,117),(5267,4000,NULL,'Bhavna Nagar, Sector A, Rajeev Nagar','Bhopal','HSC',NULL,NULL,'462041','',NULL,NULL,'\0',NULL,'storePickUp','storePickUp',NULL,NULL,'2020-08-23 18:43:06',NULL,0.00,'2020-08-23 18:43:06',37,117),(5300,4050,NULL,NULL,NULL,NULL,NULL,NULL,NULL,'',NULL,NULL,'\0',NULL,'storePickUp','storePickUp',NULL,NULL,'2020-08-23 18:53:19',NULL,0.00,'2020-08-23 18:53:19',37,117),(5301,4050,NULL,'Rajsamrat Colony, Ayodhya Nagar, Bhopal','Bhopal','hsc',NULL,NULL,'462041','',NULL,NULL,'\0',NULL,'priceByDistance','priceByDistance',NULL,'India','2020-08-23 18:53:44',NULL,6.00,'2020-08-23 18:53:44',37,117),(5302,4050,NULL,'Rajsamrat Colony, Ayodhya Nagar, Bhopal','Bhopal','hsc',NULL,NULL,'462041','',NULL,NULL,'\0',NULL,'storePickUp','storePickUp',NULL,NULL,'2020-08-23 18:53:44',NULL,0.00,'2020-08-23 18:53:44',37,117),(5303,4050,NULL,NULL,NULL,NULL,NULL,NULL,NULL,'',NULL,NULL,'\0',NULL,'storePickUp','storePickUp',NULL,NULL,'2020-08-23 18:56:58',NULL,0.00,'2020-08-23 18:56:58',37,117),(5304,4050,NULL,'Bhavna Nagar, Sector A, Rajeev Nagar','Bhopal','fssff',NULL,NULL,'4','',NULL,NULL,'\0',NULL,'priceByDistance','priceByDistance',NULL,'India','2020-08-23 18:57:16',NULL,2.00,'2020-08-23 18:57:16',37,117),(5305,4050,NULL,'Bhavna Nagar, Sector A, Rajeev Nagar','Bhopal','fssff',NULL,NULL,'4','',NULL,NULL,'\0',NULL,'storePickUp','storePickUp',NULL,NULL,'2020-08-23 18:57:16',NULL,0.00,'2020-08-23 18:57:16',37,117),(5306,4050,NULL,'Bhavna Nagar, Sector A, Rajeev Nagar','Bhopal','fssff',NULL,NULL,'46','',NULL,NULL,'\0',NULL,'priceByDistance','priceByDistance',NULL,'India','2020-08-23 18:57:16',NULL,2.00,'2020-08-23 18:57:16',37,117),(5307,4050,NULL,'Bhavna Nagar, Sector A, Rajeev Nagar','Bhopal','fssff',NULL,NULL,'46','',NULL,NULL,'\0',NULL,'storePickUp','storePickUp',NULL,NULL,'2020-08-23 18:57:16',NULL,0.00,'2020-08-23 18:57:16',37,117),(5308,4050,NULL,'Bhavna Nagar, Sector A, Rajeev Nagar','Bhopal','fssff',NULL,NULL,'462','',NULL,NULL,'\0',NULL,'priceByDistance','priceByDistance',NULL,'India','2020-08-23 18:57:17',NULL,2.00,'2020-08-23 18:57:17',37,117),(5309,4050,NULL,'Bhavna Nagar, Sector A, Rajeev Nagar','Bhopal','fssff',NULL,NULL,'462','',NULL,NULL,'\0',NULL,'storePickUp','storePickUp',NULL,NULL,'2020-08-23 18:57:17',NULL,0.00,'2020-08-23 18:57:17',37,117),(5310,4050,NULL,'Bhavna Nagar, Sector A, Rajeev Nagar','Bhopal','fssff',NULL,NULL,'4620','',NULL,NULL,'\0',NULL,'priceByDistance','priceByDistance',NULL,'India','2020-08-23 18:57:17',NULL,2.00,'2020-08-23 18:57:17',37,117),(5311,4050,NULL,'Bhavna Nagar, Sector A, Rajeev Nagar','Bhopal','fssff',NULL,NULL,'4620','',NULL,NULL,'\0',NULL,'storePickUp','storePickUp',NULL,NULL,'2020-08-23 18:57:17',NULL,0.00,'2020-08-23 18:57:17',37,117),(5312,4050,NULL,'Bhavna Nagar, Sector A, Rajeev Nagar','Bhopal','fssff',NULL,NULL,'46204','',NULL,NULL,'\0',NULL,'priceByDistance','priceByDistance',NULL,'India','2020-08-23 18:57:18',NULL,2.00,'2020-08-23 18:57:18',37,117),(5313,4050,NULL,'Bhavna Nagar, Sector A, Rajeev Nagar','Bhopal','fssff',NULL,NULL,'46204','',NULL,NULL,'\0',NULL,'storePickUp','storePickUp',NULL,NULL,'2020-08-23 18:57:18',NULL,0.00,'2020-08-23 18:57:18',37,117),(5314,4050,NULL,'Bhavna Nagar, Sector A, Rajeev Nagar','Bhopal','fssff',NULL,NULL,'462041','',NULL,NULL,'\0',NULL,'priceByDistance','priceByDistance',NULL,'India','2020-08-23 18:57:18',NULL,2.00,'2020-08-23 18:57:18',37,117),(5315,4050,NULL,'Bhavna Nagar, Sector A, Rajeev Nagar','Bhopal','fssff',NULL,NULL,'462041','',NULL,NULL,'\0',NULL,'storePickUp','storePickUp',NULL,NULL,'2020-08-23 18:57:18',NULL,0.00,'2020-08-23 18:57:18',37,117),(5316,4050,NULL,'Bhavna Nagar, Sector A, Rajeev Nagar','Bhopal','fssff',NULL,NULL,'462041','',NULL,NULL,'\0',NULL,'priceByDistance','priceByDistance',NULL,'India','2020-08-23 18:57:19',NULL,2.00,'2020-08-23 18:57:19',37,117),(5317,4050,NULL,'Bhavna Nagar, Sector A, Rajeev Nagar','Bhopal','fssff',NULL,NULL,'462041','',NULL,NULL,'\0',NULL,'storePickUp','storePickUp',NULL,NULL,'2020-08-23 18:57:19',NULL,0.00,'2020-08-23 18:57:19',37,117),(5350,4100,NULL,NULL,NULL,NULL,NULL,NULL,NULL,'',NULL,NULL,'\0',NULL,'storePickUp','storePickUp',NULL,NULL,'2020-08-23 21:45:19',NULL,0.00,'2020-08-23 21:45:19',37,117),(5351,4100,NULL,'Sonagiri Square,BHEL, Bhopal, Bhopal','Bhopal','hsc',NULL,NULL,'462022','',NULL,NULL,'\0',NULL,'priceByDistance','priceByDistance',NULL,'India','2020-08-23 21:45:54',NULL,16.00,'2020-08-23 21:45:54',37,117),(5352,4100,NULL,'Sonagiri Square,BHEL, Bhopal, Bhopal','Bhopal','hsc',NULL,NULL,'462022','',NULL,NULL,'\0',NULL,'storePickUp','storePickUp',NULL,NULL,'2020-08-23 21:45:54',NULL,0.00,'2020-08-23 21:45:54',37,117),(5400,4150,NULL,NULL,NULL,NULL,NULL,NULL,NULL,'',NULL,NULL,'\0',NULL,'storePickUp','storePickUp',NULL,NULL,'2020-08-23 22:06:39',NULL,0.00,'2020-08-23 22:06:39',37,117),(5401,4150,NULL,'Raj Samrat Colony, Durgesh Vihar, Ayodhya Nagar','Bhopal','hsd',NULL,NULL,'462022','',NULL,NULL,'\0',NULL,'priceByDistance','priceByDistance',NULL,'India','2020-08-23 22:07:20',NULL,6.00,'2020-08-23 22:07:20',37,117),(5402,4150,NULL,'Raj Samrat Colony, Durgesh Vihar, Ayodhya Nagar','Bhopal','hsd',NULL,NULL,'462022','',NULL,NULL,'\0',NULL,'storePickUp','storePickUp',NULL,NULL,'2020-08-23 22:07:20',NULL,0.00,'2020-08-23 22:07:20',37,117),(5450,4200,NULL,NULL,NULL,NULL,NULL,NULL,NULL,'',NULL,NULL,'\0',NULL,'storePickUp','storePickUp',NULL,NULL,'2020-08-24 23:04:52',NULL,0.00,'2020-08-24 23:04:52',37,117),(5451,4200,NULL,'Phase - 2, Sector B, Ayodhya Nagar','Bhopal','HSC',NULL,NULL,'462022','',NULL,NULL,'\0',NULL,'priceByDistance','priceByDistance',NULL,'India','2020-08-24 23:05:31',NULL,3.00,'2020-08-24 23:05:31',37,117),(5452,4200,NULL,'Phase - 2, Sector B, Ayodhya Nagar','Bhopal','HSC',NULL,NULL,'462022','',NULL,NULL,'\0',NULL,'storePickUp','storePickUp',NULL,NULL,'2020-08-24 23:05:31',NULL,0.00,'2020-08-24 23:05:31',37,117),(5453,4201,NULL,'H.No. 55, Abhinav Homes Phase II,Ayodhya Nagar,Bhopal','Bhopal','HSC',NULL,NULL,'462041','',NULL,NULL,'\0',NULL,'priceByDistance','priceByDistance',NULL,'India','2020-08-24 23:12:52',NULL,7.00,'2020-08-24 23:12:52',37,117),(5454,4201,NULL,'H.No. 55, Abhinav Homes Phase II,Ayodhya Nagar,Bhopal','Bhopal','HSC',NULL,NULL,'462041','',NULL,NULL,'\0',NULL,'storePickUp','storePickUp',NULL,NULL,'2020-08-24 23:12:52',NULL,0.00,'2020-08-24 23:12:52',37,117),(5500,4250,NULL,'H.No. 55, Abhinav Homes Phase II,Ayodhya Nagar,Bhopal','Bhopal','HSC',NULL,NULL,'462041','',NULL,NULL,'\0',NULL,'priceByDistance','priceByDistance',NULL,'India','2020-08-25 12:00:56',NULL,7.00,'2020-08-25 12:00:56',37,117),(5501,4250,NULL,'H.No. 55, Abhinav Homes Phase II,Ayodhya Nagar,Bhopal','Bhopal','HSC',NULL,NULL,'462041','',NULL,NULL,'\0',NULL,'storePickUp','storePickUp',NULL,NULL,'2020-08-25 12:00:56',NULL,0.00,'2020-08-25 12:00:56',37,117),(5550,4351,NULL,NULL,NULL,NULL,NULL,NULL,NULL,'',NULL,NULL,'\0',NULL,'storePickUp','storePickUp',NULL,NULL,'2020-08-25 12:25:35',NULL,0.00,'2020-08-25 12:25:35',37,117),(5551,4351,NULL,'Bhawani Campus, Paras Nagar, Ayodhya Nagar','Bhopal','HNS',NULL,NULL,'462022','',NULL,NULL,'\0',NULL,'priceByDistance','priceByDistance',NULL,'India','2020-08-25 12:26:16',NULL,3.00,'2020-08-25 12:26:16',37,117),(5552,4351,NULL,'Bhawani Campus, Paras Nagar, Ayodhya Nagar','Bhopal','HNS',NULL,NULL,'462022','',NULL,NULL,'\0',NULL,'storePickUp','storePickUp',NULL,NULL,'2020-08-25 12:26:16',NULL,0.00,'2020-08-25 12:26:16',37,117),(5600,4400,NULL,NULL,NULL,NULL,NULL,NULL,NULL,'',NULL,NULL,'\0',NULL,'storePickUp','storePickUp',NULL,NULL,'2020-08-25 12:33:55',NULL,0.00,'2020-08-25 12:33:55',37,117),(5601,4400,NULL,'Phase - 2, Sector B, Ayodhya Nagar','Bhopal','HSC',NULL,NULL,'462022','',NULL,NULL,'\0',NULL,'priceByDistance','priceByDistance',NULL,'India','2020-08-25 12:34:19',NULL,3.00,'2020-08-25 12:34:19',37,117),(5602,4400,NULL,'Phase - 2, Sector B, Ayodhya Nagar','Bhopal','HSC',NULL,NULL,'462022','',NULL,NULL,'\0',NULL,'storePickUp','storePickUp',NULL,NULL,'2020-08-25 12:34:19',NULL,0.00,'2020-08-25 12:34:19',37,117),(5650,4450,NULL,NULL,NULL,NULL,NULL,NULL,NULL,'',NULL,NULL,'\0',NULL,'storePickUp','storePickUp',NULL,NULL,'2020-08-25 13:00:37',NULL,0.00,'2020-08-25 13:00:37',37,117),(5651,4450,NULL,'A Sector, Sonagiri, Bhopal','Bhopal','HSC',NULL,NULL,'462022','',NULL,NULL,'\0',NULL,'priceByDistance','priceByDistance',NULL,'India','2020-08-25 13:01:15',NULL,15.00,'2020-08-25 13:01:15',37,117),(5652,4450,NULL,'A Sector, Sonagiri, Bhopal','Bhopal','HSC',NULL,NULL,'462022','',NULL,NULL,'\0',NULL,'storePickUp','storePickUp',NULL,NULL,'2020-08-25 13:01:15',NULL,0.00,'2020-08-25 13:01:15',37,117),(5653,4450,NULL,'A Sector, Sonagiri, Bhopal','Bhopal','HSC',NULL,NULL,'462022','',NULL,NULL,'\0',NULL,'priceByDistance','priceByDistance',NULL,'India','2020-08-25 13:02:45',NULL,15.00,'2020-08-25 13:02:45',37,117),(5654,4450,NULL,'A Sector, Sonagiri, Bhopal','Bhopal','HSC',NULL,NULL,'462022','',NULL,NULL,'\0',NULL,'storePickUp','storePickUp',NULL,NULL,'2020-08-25 13:02:46',NULL,0.00,'2020-08-25 13:02:46',37,117),(5700,4501,NULL,NULL,NULL,NULL,NULL,NULL,NULL,'',NULL,NULL,'\0',NULL,'storePickUp','storePickUp',NULL,NULL,'2020-08-25 15:26:53',NULL,0.00,'2020-08-25 15:26:53',37,117),(5701,4501,NULL,'Apsara Complex, Sector A, Indrapuri','Bhopal','HNS',NULL,NULL,'462022','',NULL,NULL,'\0',NULL,'priceByDistance','priceByDistance',NULL,'India','2020-08-25 15:27:56',NULL,13.00,'2020-08-25 15:27:56',37,117),(5702,4501,NULL,'Apsara Complex, Sector A, Indrapuri','Bhopal','HNS',NULL,NULL,'462022','',NULL,NULL,'\0',NULL,'storePickUp','storePickUp',NULL,NULL,'2020-08-25 15:27:56',NULL,0.00,'2020-08-25 15:27:56',37,117),(5703,4501,NULL,'H.NO. 567, Apsara Complex, Sector A, Indrapuri','Bhopal','HNS',NULL,NULL,'462022','',NULL,NULL,'\0',NULL,'priceByDistance','priceByDistance',NULL,'India','2020-08-25 15:28:43',NULL,13.00,'2020-08-25 15:28:43',37,117),(5704,4501,NULL,'H.NO. 567, Apsara Complex, Sector A, Indrapuri','Bhopal','HNS',NULL,NULL,'462022','',NULL,NULL,'\0',NULL,'storePickUp','storePickUp',NULL,NULL,'2020-08-25 15:28:43',NULL,0.00,'2020-08-25 15:28:43',37,117),(5705,4502,NULL,'H.No. 55, Abhinav Homes Phase II,Ayodhya Nagar,Bhopal','Bhopal','HSC',NULL,NULL,'462041','',NULL,NULL,'\0',NULL,'priceByDistance','priceByDistance',NULL,'India','2020-08-25 15:30:27',NULL,7.00,'2020-08-25 15:30:27',37,117),(5706,4502,NULL,'H.No. 55, Abhinav Homes Phase II,Ayodhya Nagar,Bhopal','Bhopal','HSC',NULL,NULL,'462041','',NULL,NULL,'\0',NULL,'storePickUp','storePickUp',NULL,NULL,'2020-08-25 15:30:27',NULL,0.00,'2020-08-25 15:30:27',37,117),(5707,4502,NULL,'H.No. 55, Abhinav Homes Phase II,Ayodhya Nagar,Bhopal','Bhopal','HSC',NULL,NULL,'462041','',NULL,NULL,'\0',NULL,'priceByDistance','priceByDistance',NULL,'India','2020-08-25 15:30:51',NULL,7.00,'2020-08-25 15:30:51',37,117),(5708,4502,NULL,'H.No. 55, Abhinav Homes Phase II,Ayodhya Nagar,Bhopal','Bhopal','HSC',NULL,NULL,'462041','',NULL,NULL,'\0',NULL,'storePickUp','storePickUp',NULL,NULL,'2020-08-25 15:30:51',NULL,0.00,'2020-08-25 15:30:51',37,117),(5709,4503,NULL,NULL,NULL,NULL,NULL,NULL,NULL,'',NULL,NULL,'\0',NULL,'storePickUp','storePickUp',NULL,NULL,'2020-08-25 16:28:08',NULL,0.00,'2020-08-25 16:28:08',37,117),(5710,4503,NULL,'Phase - 2, Sector B, Ayodhya Nagar','Bhopal','HSC',NULL,NULL,'462022','',NULL,NULL,'\0',NULL,'priceByDistance','priceByDistance',NULL,'India','2020-08-25 16:29:17',NULL,3.00,'2020-08-25 16:29:17',37,117),(5711,4503,NULL,'Phase - 2, Sector B, Ayodhya Nagar','Bhopal','HSC',NULL,NULL,'462022','',NULL,NULL,'\0',NULL,'storePickUp','storePickUp',NULL,NULL,'2020-08-25 16:29:17',NULL,0.00,'2020-08-25 16:29:17',37,117),(5750,4503,NULL,'B-1 , ABHINAV HOMES PHASE -3, AYODHYA BYPASS ROAD','Bhopal','HSC',NULL,NULL,'462041',NULL,NULL,NULL,'\0',NULL,'storePickUp','storePickUp',NULL,NULL,'2020-08-25 16:54:45',NULL,0.00,'2020-08-25 16:54:45',37,117),(5800,4551,NULL,'B-1 ABHINAV HOMES PHASE -3, AYODHYA BYPASS ROAD','Bhopal','HSC',NULL,NULL,'462041',NULL,NULL,NULL,'\0',NULL,'storePickUp','storePickUp',NULL,NULL,'2020-08-25 17:15:51',NULL,0.00,'2020-08-25 17:15:51',37,117),(5850,4600,NULL,NULL,NULL,NULL,NULL,NULL,NULL,'',NULL,NULL,'\0',NULL,'storePickUp','storePickUp',NULL,NULL,'2020-08-25 23:08:08',NULL,0.00,'2020-08-25 23:08:08',37,117),(5851,4600,NULL,'Bhavani Tower, Ayodhya Bypass Rd, Chhatrapati Nagar','Bhopal','HSC',NULL,NULL,'462022','',NULL,NULL,'\0',NULL,'priceByDistance','priceByDistance',NULL,'India','2020-08-25 23:08:52',NULL,2.00,'2020-08-25 23:08:52',37,117),(5852,4600,NULL,'Bhavani Tower, Ayodhya Bypass Rd, Chhatrapati Nagar','Bhopal','HSC',NULL,NULL,'462022','',NULL,NULL,'\0',NULL,'storePickUp','storePickUp',NULL,NULL,'2020-08-25 23:08:52',NULL,0.00,'2020-08-25 23:08:52',37,117),(5853,4600,NULL,'Bhavani Tower, Ayodhya Bypass Rd, Chhatrapati Nagar','Bhopal','HSC',NULL,NULL,'462022','',NULL,NULL,'\0',NULL,'priceByDistance','priceByDistance',NULL,'India','2020-08-25 23:09:48',NULL,2.00,'2020-08-25 23:09:48',37,117),(5854,4600,NULL,'Bhavani Tower, Ayodhya Bypass Rd, Chhatrapati Nagar','Bhopal','HSC',NULL,NULL,'462022','',NULL,NULL,'\0',NULL,'storePickUp','storePickUp',NULL,NULL,'2020-08-25 23:09:48',NULL,0.00,'2020-08-25 23:09:48',37,117),(5855,4600,NULL,'Sonagiri Square,BHEL, Bhopal, Bhopal','Bhopal','HSC',NULL,NULL,'462022','',NULL,NULL,'\0',NULL,'priceByDistance','priceByDistance',NULL,'India','2020-08-25 23:10:21',NULL,16.00,'2020-08-25 23:10:21',37,117),(5856,4600,NULL,'Sonagiri Square,BHEL, Bhopal, Bhopal','Bhopal','HSC',NULL,NULL,'462022','',NULL,NULL,'\0',NULL,'storePickUp','storePickUp',NULL,NULL,'2020-08-25 23:10:21',NULL,0.00,'2020-08-25 23:10:21',37,117),(5900,4602,NULL,'B-1 ABHINAV HOMES PHASE -3, AYODHYA BYPASS ROAD','Bhopal','HSC',NULL,NULL,'462041','',NULL,NULL,'\0',NULL,'storePickUp','storePickUp',NULL,NULL,'2020-08-25 23:20:57',NULL,0.00,'2020-08-25 23:20:57',37,117),(5901,4602,NULL,'B-1 ABHINAV HOMES PHASE -3, AYODHYA BYPASS ROAD','Bhopal','HSC',NULL,NULL,'462041','',NULL,NULL,'\0',NULL,'storePickUp','storePickUp',NULL,NULL,'2020-08-25 23:21:46',NULL,0.00,'2020-08-25 23:21:46',37,117),(5902,4602,NULL,'B-1 ABHINAV HOMES PHASE -3, AYODHYA BYPASS ROAD','Bhopal','HSC',NULL,NULL,'462041','',NULL,NULL,'\0',NULL,'storePickUp','storePickUp',NULL,NULL,'2020-08-25 23:22:06',NULL,0.00,'2020-08-25 23:22:06',37,117),(5903,4602,NULL,'B-1 ABHINAV HOMES PHASE -3, AYODHYA BYPASS ROAD','Bhopal','HSC',NULL,NULL,'462041','',NULL,NULL,'\0',NULL,'storePickUp','storePickUp',NULL,NULL,'2020-08-25 23:27:31',NULL,0.00,'2020-08-25 23:27:31',37,117),(5904,4602,NULL,'B-1 ABHINAV HOMES PHASE -3, AYODHYA BYPASS ROAD','Bhopal','HSC',NULL,NULL,'462041','',NULL,NULL,'\0',NULL,'storePickUp','storePickUp',NULL,NULL,'2020-08-25 23:42:53',NULL,0.00,'2020-08-25 23:42:53',37,117),(5950,4602,NULL,'B-1 ABHINAV HOMES PHASE -3, AYODHYA BYPASS ROAD','Bhopal','HSC',NULL,NULL,'462041','',NULL,NULL,'\0',NULL,'storePickUp','storePickUp',NULL,NULL,'2020-08-26 11:14:52',NULL,0.00,'2020-08-26 11:14:52',37,117),(5951,4602,NULL,'B-1 ABHINAV HOMES PHASE -3, AYODHYA BYPASS ROAD','Bhopal','HSC',NULL,NULL,'462041','',NULL,NULL,'\0',NULL,'storePickUp','storePickUp',NULL,NULL,'2020-08-26 11:36:48',NULL,0.00,'2020-08-26 11:36:48',37,117),(5952,4602,NULL,'H.NO. 567, Apsara Complex, Sector A, Indrapuri','Bhopal','HSC',NULL,NULL,'462022',NULL,NULL,NULL,'\0',NULL,'priceByDistance','priceByDistance',NULL,'India','2020-08-26 11:38:31',NULL,13.00,'2020-08-26 11:38:31',37,117),(5953,4602,NULL,'H.NO. 567, Apsara Complex, Sector A, Indrapuri','Bhopal','HSC',NULL,NULL,'462022',NULL,NULL,NULL,'\0',NULL,'storePickUp','storePickUp',NULL,NULL,'2020-08-26 11:38:31',NULL,0.00,'2020-08-26 11:38:31',37,117),(6000,4652,NULL,NULL,NULL,NULL,NULL,NULL,NULL,'',NULL,NULL,'\0',NULL,'storePickUp','storePickUp',NULL,NULL,'2020-08-27 12:08:07',NULL,0.00,'2020-08-27 12:08:07',37,117),(6001,4652,NULL,'Bhavani Tower, Ayodhya Bypass Rd, Chhatrapati Nagar','Bhopal','HSC',NULL,NULL,'462022','',NULL,NULL,'\0',NULL,'priceByDistance','priceByDistance',NULL,'India','2020-08-27 12:09:18',NULL,2.00,'2020-08-27 12:09:18',37,117),(6002,4652,NULL,'Bhavani Tower, Ayodhya Bypass Rd, Chhatrapati Nagar','Bhopal','HSC',NULL,NULL,'462022','',NULL,NULL,'\0',NULL,'storePickUp','storePickUp',NULL,NULL,'2020-08-27 12:09:18',NULL,0.00,'2020-08-27 12:09:18',37,117),(6003,4652,NULL,'Bhavani Tower, Ayodhya Bypass Rd, Chhatrapati Nagar','Bhopal','HSC',NULL,NULL,'462022','',NULL,NULL,'\0',NULL,'priceByDistance','priceByDistance',NULL,'India','2020-08-27 12:10:19',NULL,2.00,'2020-08-27 12:10:19',37,117),(6004,4652,NULL,'Bhavani Tower, Ayodhya Bypass Rd, Chhatrapati Nagar','Bhopal','HSC',NULL,NULL,'462022','',NULL,NULL,'\0',NULL,'storePickUp','storePickUp',NULL,NULL,'2020-08-27 12:10:19',NULL,0.00,'2020-08-27 12:10:19',37,117),(6005,4653,NULL,'H.NO. 567, Apsara Complex, Sector A, Indrapuri','Bhopal','HSC',NULL,NULL,'462022','',NULL,NULL,'\0',NULL,'priceByDistance','priceByDistance',NULL,'India','2020-08-27 12:14:49',NULL,13.00,'2020-08-27 12:14:49',37,117),(6006,4653,NULL,'H.NO. 567, Apsara Complex, Sector A, Indrapuri','Bhopal','HSC',NULL,NULL,'462022','',NULL,NULL,'\0',NULL,'storePickUp','storePickUp',NULL,NULL,'2020-08-27 12:14:49',NULL,0.00,'2020-08-27 12:14:49',37,117),(6007,4654,NULL,'H.NO. 567, Apsara Complex, Sector A, Indrapuri','Bhopal','HSC',NULL,NULL,'462022','',NULL,NULL,'\0',NULL,'priceByDistance','priceByDistance',NULL,'India','2020-08-27 12:18:20',NULL,13.00,'2020-08-27 12:18:20',37,117),(6008,4654,NULL,'H.NO. 567, Apsara Complex, Sector A, Indrapuri','Bhopal','HSC',NULL,NULL,'462022','',NULL,NULL,'\0',NULL,'storePickUp','storePickUp',NULL,NULL,'2020-08-27 12:18:20',NULL,0.00,'2020-08-27 12:18:20',37,117),(6050,4700,NULL,NULL,NULL,NULL,NULL,NULL,NULL,'',NULL,NULL,'\0',NULL,'storePickUp','storePickUp',NULL,NULL,'2020-08-30 11:24:59',NULL,0.00,'2020-08-30 11:24:59',37,117),(6051,4700,NULL,NULL,NULL,NULL,NULL,NULL,NULL,'',NULL,NULL,'\0',NULL,'storePickUp','storePickUp',NULL,NULL,'2020-08-30 11:27:28',NULL,0.00,'2020-08-30 11:27:28',37,117),(6052,4700,NULL,'Phase - 2, Sector B, Ayodhya Nagar','Bhopal','HSC',NULL,NULL,'462022','',NULL,NULL,'\0',NULL,'priceByDistance','priceByDistance',NULL,'India','2020-08-30 11:27:56',NULL,3.00,'2020-08-30 11:27:56',37,117),(6053,4700,NULL,'Phase - 2, Sector B, Ayodhya Nagar','Bhopal','HSC',NULL,NULL,'462022','',NULL,NULL,'\0',NULL,'storePickUp','storePickUp',NULL,NULL,'2020-08-30 11:27:56',NULL,0.00,'2020-08-30 11:27:56',37,117),(6100,4750,NULL,NULL,NULL,NULL,NULL,NULL,NULL,'',NULL,NULL,'\0',NULL,'storePickUp','storePickUp',NULL,NULL,'2020-08-30 11:33:25',NULL,0.00,'2020-08-30 11:33:25',37,117),(6101,4750,NULL,'Indrapuri C sector, Sector C, Indrapuri','Bhopal','HSC',NULL,NULL,'462022','',NULL,NULL,'\0',NULL,'priceByDistance','priceByDistance',NULL,'India','2020-08-30 11:34:04',NULL,12.00,'2020-08-30 11:34:04',37,117),(6102,4750,NULL,'Indrapuri C sector, Sector C, Indrapuri','Bhopal','HSC',NULL,NULL,'462022','',NULL,NULL,'\0',NULL,'storePickUp','storePickUp',NULL,NULL,'2020-08-30 11:34:04',NULL,0.00,'2020-08-30 11:34:04',37,117),(6150,4800,NULL,NULL,NULL,NULL,NULL,NULL,NULL,'',NULL,NULL,'\0',NULL,'storePickUp','storePickUp',NULL,NULL,'2020-08-30 11:48:41',NULL,0.00,'2020-08-30 11:48:41',37,117),(6151,4800,NULL,'Indrapuri B Sector, Sector B, Indrapuri','Bhopal','HNS',NULL,NULL,'462022','',NULL,NULL,'\0',NULL,'priceByDistance','priceByDistance',NULL,'India','2020-08-30 11:49:08',NULL,12.00,'2020-08-30 11:49:08',37,117),(6152,4800,NULL,'Indrapuri B Sector, Sector B, Indrapuri','Bhopal','HNS',NULL,NULL,'462022','',NULL,NULL,'\0',NULL,'storePickUp','storePickUp',NULL,NULL,'2020-08-30 11:49:08',NULL,0.00,'2020-08-30 11:49:08',37,117),(6200,4850,NULL,NULL,NULL,NULL,NULL,NULL,NULL,'',NULL,NULL,'\0',NULL,'storePickUp','storePickUp',NULL,NULL,'2020-08-30 17:44:48',NULL,0.00,'2020-08-30 17:44:48',37,117),(6201,4851,NULL,NULL,NULL,NULL,NULL,NULL,NULL,'',NULL,NULL,'\0',NULL,'storePickUp','storePickUp',NULL,NULL,'2020-08-30 17:52:54',NULL,0.00,'2020-08-30 17:52:54',37,117),(6202,4851,NULL,'Bhavani Tower, Ayodhya Bypass Rd, Chhatrapati Nagar','Bhopal','Yono',NULL,NULL,'462022','',NULL,NULL,'\0',NULL,'priceByDistance','priceByDistance',NULL,'India','2020-08-30 17:53:35',NULL,2.00,'2020-08-30 17:53:35',37,117),(6203,4851,NULL,'Bhavani Tower, Ayodhya Bypass Rd, Chhatrapati Nagar','Bhopal','Yono',NULL,NULL,'462022','',NULL,NULL,'\0',NULL,'storePickUp','storePickUp',NULL,NULL,'2020-08-30 17:53:35',NULL,0.00,'2020-08-30 17:53:35',37,117),(6204,4853,NULL,'H.No. 55, Abhinav Homes Phase II,Ayodhya Nagar,Bhopal','Bhopal','HSC',NULL,NULL,'462041','',NULL,NULL,'\0',NULL,'priceByDistance','priceByDistance',NULL,'India','2020-08-30 17:57:39',NULL,7.00,'2020-08-30 17:57:39',37,117),(6205,4853,NULL,'H.No. 55, Abhinav Homes Phase II,Ayodhya Nagar,Bhopal','Bhopal','HSC',NULL,NULL,'462041','',NULL,NULL,'\0',NULL,'storePickUp','storePickUp',NULL,NULL,'2020-08-30 17:57:39',NULL,0.00,'2020-08-30 17:57:39',37,117),(6250,4952,NULL,NULL,NULL,NULL,NULL,NULL,NULL,'',NULL,NULL,'\0',NULL,'storePickUp','storePickUp',NULL,NULL,'2020-09-12 12:28:19',NULL,0.00,'2020-09-12 12:28:19',37,117),(6300,4952,NULL,NULL,NULL,NULL,NULL,NULL,NULL,'',NULL,NULL,'\0',NULL,'storePickUp','storePickUp',NULL,NULL,'2020-09-12 12:47:15',NULL,0.00,'2020-09-12 12:47:15',37,117),(6350,5000,NULL,NULL,NULL,NULL,NULL,NULL,NULL,'',NULL,NULL,'\0',NULL,'storePickUp','storePickUp',NULL,NULL,'2020-09-12 12:54:55',NULL,0.00,'2020-09-12 12:54:55',37,117),(6351,4952,NULL,NULL,NULL,NULL,NULL,NULL,NULL,'',NULL,NULL,'\0',NULL,'storePickUp','storePickUp',NULL,NULL,'2020-09-12 12:56:33',NULL,0.00,'2020-09-12 12:56:33',37,117),(6400,4952,NULL,NULL,NULL,NULL,NULL,NULL,NULL,'',NULL,NULL,'\0',NULL,'storePickUp','storePickUp',NULL,NULL,'2020-09-12 13:03:10',NULL,0.00,'2020-09-12 13:03:10',37,117),(6450,5050,NULL,NULL,NULL,NULL,NULL,NULL,NULL,'',NULL,NULL,'\0',NULL,'storePickUp','storePickUp',NULL,NULL,'2020-09-12 13:41:51',NULL,0.00,'2020-09-12 13:41:51',37,117),(6451,5051,NULL,NULL,NULL,NULL,NULL,NULL,NULL,'',NULL,NULL,'\0',NULL,'storePickUp','storePickUp',NULL,NULL,'2020-09-12 13:42:42',NULL,0.00,'2020-09-12 13:42:42',37,117),(6452,5051,NULL,'H. No. 142 Govindpura','Bhopal','Hsc',NULL,NULL,'462022','',NULL,NULL,'\0',NULL,'storePickUp','storePickUp',NULL,NULL,'2020-09-12 13:43:06',NULL,0.00,'2020-09-12 13:43:06',37,117),(6453,5051,NULL,'H. No. 142 Govindpura','Bhopal','Hsc',NULL,NULL,'462022','',NULL,NULL,'\0',NULL,'storePickUp','storePickUp',NULL,NULL,'2020-09-12 13:43:25',NULL,0.00,'2020-09-12 13:43:25',37,117),(6454,5051,NULL,'H. No. 142 Govindpura','Bhopal','Hsc',NULL,NULL,'462022','',NULL,NULL,'\0',NULL,'storePickUp','storePickUp',NULL,NULL,'2020-09-12 13:43:40',NULL,0.00,'2020-09-12 13:43:40',37,117),(6500,5152,NULL,'LIG Sector-B, MIG, Sonagiri','Bhopal','HSC',NULL,NULL,'462022',NULL,NULL,NULL,'\0',NULL,'storePickUp','storePickUp',NULL,NULL,'2020-09-30 17:04:34',NULL,0.00,'2020-09-30 17:04:34',37,NULL),(6501,5154,NULL,NULL,NULL,NULL,NULL,NULL,NULL,'',NULL,NULL,'\0',NULL,'storePickUp','storePickUp',NULL,NULL,'2020-09-30 17:10:30',NULL,0.00,'2020-09-30 17:10:30',37,117),(6550,5152,NULL,'Piplani Gurudwara Square, Sector A, Berkheda','Bhopal','HSC',NULL,NULL,'462022',NULL,NULL,NULL,'\0',NULL,'priceByDistance','priceByDistance',NULL,'India','2020-09-30 18:09:07',NULL,24.00,'2020-09-30 18:09:07',37,117),(6551,5152,NULL,'Piplani Gurudwara Square, Sector A, Berkheda','Bhopal','HSC',NULL,NULL,'462022',NULL,NULL,NULL,'\0',NULL,'storePickUp','storePickUp',NULL,NULL,'2020-09-30 18:09:07',NULL,0.00,'2020-09-30 18:09:07',37,117),(6552,5152,NULL,'Piplani Gurudwara Square, Sector A, Berkheda','Bhopal','HSC',NULL,NULL,'462022','',NULL,NULL,'\0',NULL,'priceByDistance','priceByDistance',NULL,'India','2020-09-30 18:09:37',NULL,24.00,'2020-09-30 18:09:37',37,117),(6553,5152,NULL,'Piplani Gurudwara Square, Sector A, Berkheda','Bhopal','HSC',NULL,NULL,'462022','',NULL,NULL,'\0',NULL,'storePickUp','storePickUp',NULL,NULL,'2020-09-30 18:09:37',NULL,0.00,'2020-09-30 18:09:37',37,117),(6600,5200,NULL,'Phase - 2, Sector B, Ayodhya Nagar','Bhopal',NULL,NULL,NULL,'462022',NULL,NULL,NULL,'\0',NULL,'priceByDistance','priceByDistance',NULL,'India','2020-10-01 14:02:52',NULL,3.00,'2020-10-01 14:02:52',37,117),(6601,5200,NULL,'Phase - 2, Sector B, Ayodhya Nagar','Bhopal',NULL,NULL,NULL,'462022',NULL,NULL,NULL,'\0',NULL,'storePickUp','storePickUp',NULL,NULL,'2020-10-01 14:02:52',NULL,0.00,'2020-10-01 14:02:52',37,117),(6602,5200,NULL,'Phase - 2, Sector B, Ayodhya Nagar','Bhopal',NULL,NULL,NULL,'462022',NULL,NULL,NULL,'\0',NULL,'priceByDistance','priceByDistance',NULL,'India','2020-10-01 14:08:17',NULL,3.00,'2020-10-01 14:08:17',37,117),(6603,5200,NULL,'Phase - 2, Sector B, Ayodhya Nagar','Bhopal',NULL,NULL,NULL,'462022',NULL,NULL,NULL,'\0',NULL,'storePickUp','storePickUp',NULL,NULL,'2020-10-01 14:08:17',NULL,0.00,'2020-10-01 14:08:17',37,117),(6604,5201,NULL,'Piplani Gurudwara Square, Sector A, Berkheda','Bhopal','HSC',NULL,NULL,'462022','',NULL,NULL,'\0',NULL,'priceByDistance','priceByDistance',NULL,'India','2020-10-01 14:09:17',NULL,24.00,'2020-10-01 14:09:17',37,117),(6605,5201,NULL,'Piplani Gurudwara Square, Sector A, Berkheda','Bhopal','HSC',NULL,NULL,'462022','',NULL,NULL,'\0',NULL,'storePickUp','storePickUp',NULL,NULL,'2020-10-01 14:09:17',NULL,0.00,'2020-10-01 14:09:17',37,117),(6650,5251,NULL,'Ankur Complex, Main Rd 1, 6 Number Bus Stop','Bhopal','H.NO. 56',NULL,NULL,'462016',NULL,NULL,NULL,'\0',NULL,'priceByDistance','priceByDistance',NULL,'India','2020-10-01 15:06:15',NULL,44.00,'2020-10-01 15:06:15',37,117),(6651,5251,NULL,'Ankur Complex, Main Rd 1, 6 Number Bus Stop','Bhopal','H.NO. 56',NULL,NULL,'462016',NULL,NULL,NULL,'\0',NULL,'storePickUp','storePickUp',NULL,NULL,'2020-10-01 15:06:15',NULL,0.00,'2020-10-01 15:06:15',37,117),(6652,5251,NULL,'Phase - 2, Sector B, Ayodhya Nagar','Bhopal','H.NO. 56',NULL,NULL,'462022','',NULL,NULL,'\0',NULL,'priceByDistance','priceByDistance',NULL,'India','2020-10-01 15:07:42',NULL,3.00,'2020-10-01 15:07:42',37,117),(6653,5251,NULL,'Phase - 2, Sector B, Ayodhya Nagar','Bhopal','H.NO. 56',NULL,NULL,'462022','',NULL,NULL,'\0',NULL,'storePickUp','storePickUp',NULL,NULL,'2020-10-01 15:07:42',NULL,0.00,'2020-10-01 15:07:42',37,117),(6654,5251,NULL,'Saket Nagar Main Rd, Saket Nagar, Habib Ganj','Bhopal','H.NO. 56',NULL,NULL,'462024','',NULL,NULL,'\0',NULL,'priceByDistance','priceByDistance',NULL,'India','2020-10-01 15:08:56',NULL,40.00,'2020-10-01 15:08:56',37,117),(6655,5251,NULL,'Saket Nagar Main Rd, Saket Nagar, Habib Ganj','Bhopal','H.NO. 56',NULL,NULL,'462024','',NULL,NULL,'\0',NULL,'storePickUp','storePickUp',NULL,NULL,'2020-10-01 15:08:56',NULL,0.00,'2020-10-01 15:08:56',37,117),(6656,5251,NULL,'Saket Nagar Main Rd, Saket Nagar, Habib Ganj','Bhopal','H.NO. 56',NULL,NULL,'462024','',NULL,NULL,'\0',NULL,'priceByDistance','priceByDistance',NULL,'India','2020-10-01 15:09:11',NULL,40.00,'2020-10-01 15:09:11',37,117),(6657,5251,NULL,'Saket Nagar Main Rd, Saket Nagar, Habib Ganj','Bhopal','H.NO. 56',NULL,NULL,'462024','',NULL,NULL,'\0',NULL,'storePickUp','storePickUp',NULL,NULL,'2020-10-01 15:09:11',NULL,0.00,'2020-10-01 15:09:11',37,117),(6700,5300,NULL,NULL,NULL,NULL,NULL,NULL,NULL,'',NULL,NULL,'\0',NULL,'storePickUp','storePickUp',NULL,NULL,'2020-10-01 15:48:25',NULL,0.00,'2020-10-01 15:48:25',37,117),(6701,5300,NULL,'Saket Nagar Main Rd, Saket Nagar, Habib Ganj','Bhopal','H.NO. 524B',NULL,NULL,'462024',NULL,NULL,NULL,'\0',NULL,'priceByDistance','priceByDistance',NULL,'India','2020-10-01 15:50:45',NULL,40.00,'2020-10-01 15:50:45',37,117),(6702,5300,NULL,'Saket Nagar Main Rd, Saket Nagar, Habib Ganj','Bhopal','H.NO. 524B',NULL,NULL,'462024',NULL,NULL,NULL,'\0',NULL,'storePickUp','storePickUp',NULL,NULL,'2020-10-01 15:50:45',NULL,0.00,'2020-10-01 15:50:45',37,117),(6750,5350,NULL,NULL,NULL,NULL,NULL,NULL,NULL,'',NULL,NULL,'\0',NULL,'storePickUp','storePickUp',NULL,NULL,'2020-10-02 12:35:37',NULL,0.00,'2020-10-02 12:35:37',37,117),(6751,5350,NULL,'Awadhpuri, Bhopal, Bhopal','Bhopal','32',NULL,NULL,'462022','',NULL,NULL,'\0',NULL,'priceByDistance','priceByDistance',NULL,'India','2020-10-02 12:36:24',NULL,29.00,'2020-10-02 12:36:24',37,117),(6752,5350,NULL,'Awadhpuri, Bhopal, Bhopal','Bhopal','32',NULL,NULL,'462022','',NULL,NULL,'\0',NULL,'storePickUp','storePickUp',NULL,NULL,'2020-10-02 12:36:24',NULL,0.00,'2020-10-02 12:36:24',37,117),(6753,5350,NULL,'Awadhpuri, Bhopal, Bhopal','Bhopal','32',NULL,NULL,'462022','',NULL,NULL,'\0',NULL,'priceByDistance','priceByDistance',NULL,'India','2020-10-02 12:37:18',NULL,29.00,'2020-10-02 12:37:18',37,117),(6754,5350,NULL,'Awadhpuri, Bhopal, Bhopal','Bhopal','32',NULL,NULL,'462022','',NULL,NULL,'\0',NULL,'storePickUp','storePickUp',NULL,NULL,'2020-10-02 12:37:18',NULL,0.00,'2020-10-02 12:37:18',37,117),(6800,5400,NULL,NULL,NULL,NULL,NULL,NULL,NULL,'',NULL,NULL,'\0',NULL,'storePickUp','storePickUp',NULL,NULL,'2020-10-02 12:44:01',NULL,0.00,'2020-10-02 12:44:01',37,117),(6801,5400,NULL,'A Sector, Sonagiri, Bhopal','Bhopal','342',NULL,NULL,'462022','',NULL,NULL,'\0',NULL,'priceByDistance','priceByDistance',NULL,'India','2020-10-02 12:44:48',NULL,15.00,'2020-10-02 12:44:48',37,117),(6802,5400,NULL,'A Sector, Sonagiri, Bhopal','Bhopal','342',NULL,NULL,'462022','',NULL,NULL,'\0',NULL,'storePickUp','storePickUp',NULL,NULL,'2020-10-02 12:44:48',NULL,0.00,'2020-10-02 12:44:48',37,117),(6803,5401,NULL,NULL,NULL,NULL,NULL,NULL,NULL,'',NULL,NULL,'\0',NULL,'storePickUp','storePickUp',NULL,NULL,'2020-10-02 12:49:08',NULL,0.00,'2020-10-02 12:49:08',37,117),(6804,5401,NULL,NULL,NULL,NULL,NULL,NULL,NULL,'',NULL,NULL,'\0',NULL,'storePickUp','storePickUp',NULL,NULL,'2020-10-02 12:50:26',NULL,0.00,'2020-10-02 12:50:26',37,117),(6850,5450,NULL,NULL,NULL,NULL,NULL,NULL,NULL,'',NULL,NULL,'\0',NULL,'storePickUp','storePickUp',NULL,NULL,'2020-10-02 23:16:37',NULL,0.00,'2020-10-02 23:16:37',37,117),(6851,5451,NULL,NULL,NULL,NULL,NULL,NULL,NULL,'',NULL,NULL,'\0',NULL,'storePickUp','storePickUp',NULL,NULL,'2020-10-02 23:20:51',NULL,0.00,'2020-10-02 23:20:51',37,117),(6852,5451,NULL,NULL,NULL,NULL,NULL,NULL,NULL,'',NULL,NULL,'\0',NULL,'storePickUp','storePickUp',NULL,NULL,'2020-10-02 23:32:12',NULL,0.00,'2020-10-02 23:32:12',37,117),(6900,5500,NULL,NULL,NULL,NULL,NULL,NULL,NULL,'',NULL,NULL,'\0',NULL,'storePickUp','storePickUp',NULL,NULL,'2020-10-02 23:40:23',NULL,0.00,'2020-10-02 23:40:23',37,117),(6950,5550,NULL,NULL,NULL,NULL,NULL,NULL,NULL,'',NULL,NULL,'\0',NULL,'storePickUp','storePickUp',NULL,NULL,'2020-10-02 23:45:30',NULL,0.00,'2020-10-02 23:45:30',37,117),(6951,5550,NULL,NULL,NULL,NULL,NULL,NULL,NULL,'',NULL,NULL,'\0',NULL,'storePickUp','storePickUp',NULL,NULL,'2020-10-02 23:46:15',NULL,0.00,'2020-10-02 23:46:15',37,117),(6952,5550,NULL,'H.NO. 32 ABHINAV HOMES PHASE2','BHOPAL','HSC',NULL,NULL,'462041','',NULL,NULL,'\0',NULL,'storePickUp','storePickUp',NULL,NULL,'2020-10-02 23:47:20',NULL,0.00,'2020-10-02 23:47:20',37,117),(6953,5550,NULL,'H.NO. 32 ABHINAV HOMES PHASE2','BHOPAL','HSC',NULL,NULL,'462041','',NULL,NULL,'\0',NULL,'storePickUp','storePickUp',NULL,NULL,'2020-10-02 23:47:20',NULL,0.00,'2020-10-02 23:47:20',37,117),(6954,5550,NULL,'H.NO. 32 ABHINAV HOMES PHASE2','BHOPAL','HSC',NULL,NULL,'462041','',NULL,NULL,'\0',NULL,'storePickUp','storePickUp',NULL,NULL,'2020-10-02 23:47:40',NULL,0.00,'2020-10-02 23:47:40',37,117),(7000,5600,NULL,NULL,NULL,NULL,NULL,NULL,NULL,'',NULL,NULL,'\0',NULL,'storePickUp','storePickUp',NULL,NULL,'2020-10-02 23:57:58',NULL,0.00,'2020-10-02 23:57:58',37,117),(7001,5600,NULL,'H.NO. 32 ABHINAV HOMES PHASE2','BHOPAL','HSC',NULL,NULL,'462041','',NULL,NULL,'\0',NULL,'storePickUp','storePickUp',NULL,NULL,'2020-10-02 23:58:11',NULL,0.00,'2020-10-02 23:58:11',37,117),(7002,5600,NULL,'H.NO. 32 ABHINAV HOMES PHASE2','BHOPAL','HSC',NULL,NULL,'462041','',NULL,NULL,'\0',NULL,'storePickUp','storePickUp',NULL,NULL,'2020-10-02 23:58:11',NULL,0.00,'2020-10-02 23:58:11',37,117),(7003,5600,NULL,NULL,NULL,NULL,NULL,NULL,NULL,'',NULL,NULL,'\0',NULL,'storePickUp','storePickUp',NULL,NULL,'2020-10-02 23:58:54',NULL,0.00,'2020-10-02 23:58:54',37,117),(7004,5600,NULL,'AYODHYA BYPASS ROAD','BHOPAL','32',NULL,NULL,'462041','',NULL,NULL,'\0',NULL,'storePickUp','storePickUp',NULL,NULL,'2020-10-02 23:59:18',NULL,0.00,'2020-10-02 23:59:18',37,117),(7005,5600,NULL,'AYODHYA BYPASS ROAD','BHOPAL','32',NULL,NULL,'462041','',NULL,NULL,'\0',NULL,'storePickUp','storePickUp',NULL,NULL,'2020-10-02 23:59:19',NULL,0.00,'2020-10-02 23:59:19',37,117),(7050,5600,NULL,NULL,NULL,NULL,NULL,NULL,NULL,'',NULL,NULL,'\0',NULL,'storePickUp','storePickUp',NULL,NULL,'2020-10-03 00:09:33',NULL,0.00,'2020-10-03 00:09:33',37,117),(7051,5600,NULL,'H.NO. 32 ABHINAV HOMES PHASE2','BHOPAL','HSC',NULL,NULL,'462041','',NULL,NULL,'\0',NULL,'storePickUp','storePickUp',NULL,NULL,'2020-10-03 00:10:30',NULL,0.00,'2020-10-03 00:10:30',37,117),(7052,5600,NULL,'H.NO. 32 ABHINAV HOMES PHASE2','BHOPAL','HSC',NULL,NULL,'462041','',NULL,NULL,'\0',NULL,'storePickUp','storePickUp',NULL,NULL,'2020-10-03 00:10:30',NULL,0.00,'2020-10-03 00:10:30',37,117),(7100,5650,NULL,NULL,NULL,NULL,NULL,NULL,NULL,'',NULL,NULL,'\0',NULL,'storePickUp','storePickUp',NULL,NULL,'2020-10-03 18:50:13',NULL,0.00,'2020-10-03 18:50:13',37,117),(7101,5650,NULL,'H.NO. 32 ABHINAV HOMES PHASE2','BHOPAL','HSC',NULL,NULL,'462041','',NULL,NULL,'\0',NULL,'storePickUp','storePickUp',NULL,NULL,'2020-10-03 18:50:28',NULL,0.00,'2020-10-03 18:50:28',37,117),(7102,5650,NULL,'H.NO. 32 ABHINAV HOMES PHASE2','BHOPAL','HSC',NULL,NULL,'462041','',NULL,NULL,'\0',NULL,'storePickUp','storePickUp',NULL,NULL,'2020-10-03 18:50:28',NULL,0.00,'2020-10-03 18:50:28',37,117),(7150,5700,NULL,NULL,NULL,NULL,NULL,NULL,NULL,'',NULL,NULL,'\0',NULL,'storePickUp','storePickUp',NULL,NULL,'2020-10-03 18:55:56',NULL,0.00,'2020-10-03 18:55:56',37,117),(7151,5700,NULL,'bhawani naage','bhopal','32',NULL,NULL,'4','',NULL,NULL,'\0',NULL,'storePickUp','storePickUp',NULL,NULL,'2020-10-03 18:57:13',NULL,0.00,'2020-10-03 18:57:13',37,117),(7152,5700,NULL,'bhawani naage','bhopal','32',NULL,NULL,'46','',NULL,NULL,'\0',NULL,'storePickUp','storePickUp',NULL,NULL,'2020-10-03 18:57:13',NULL,0.00,'2020-10-03 18:57:13',37,117),(7153,5700,NULL,'bhawani naage','bhopal','32',NULL,NULL,'462','',NULL,NULL,'\0',NULL,'storePickUp','storePickUp',NULL,NULL,'2020-10-03 18:57:15',NULL,0.00,'2020-10-03 18:57:15',37,117),(7154,5700,NULL,'bhawani naage','bhopal','32',NULL,NULL,'4620','',NULL,NULL,'\0',NULL,'storePickUp','storePickUp',NULL,NULL,'2020-10-03 18:57:15',NULL,0.00,'2020-10-03 18:57:15',37,117),(7155,5700,NULL,'bhawani naage','bhopal','32',NULL,NULL,'462041','',NULL,NULL,'\0',NULL,'storePickUp','storePickUp',NULL,NULL,'2020-10-03 18:57:17',NULL,0.00,'2020-10-03 18:57:17',37,117),(7156,5700,NULL,'bhawani naage','bhopal','32',NULL,NULL,'46204','',NULL,NULL,'\0',NULL,'storePickUp','storePickUp',NULL,NULL,'2020-10-03 18:57:17',NULL,0.00,'2020-10-03 18:57:17',37,117),(7157,5700,NULL,'bhawani naage','bhopal','32',NULL,NULL,'462041','',NULL,NULL,'\0',NULL,'storePickUp','storePickUp',NULL,NULL,'2020-10-03 18:57:20',NULL,0.00,'2020-10-03 18:57:20',37,117),(7200,5750,NULL,NULL,NULL,NULL,NULL,NULL,NULL,'',NULL,NULL,'\0',NULL,'storePickUp','storePickUp',NULL,NULL,'2020-10-03 19:03:41',NULL,0.00,'2020-10-03 19:03:41',37,117),(7250,5800,NULL,NULL,NULL,NULL,NULL,NULL,NULL,'',NULL,NULL,'\0',NULL,'storePickUp','storePickUp',NULL,NULL,'2020-10-03 19:13:42',NULL,0.00,'2020-10-03 19:13:42',37,117),(7251,5800,NULL,'AYODHYA BYPASS ROAD','BHOPAL','32',NULL,NULL,'462041','',NULL,NULL,'\0',NULL,'storePickUp','storePickUp',NULL,NULL,'2020-10-03 19:14:22',NULL,0.00,'2020-10-03 19:14:22',37,117),(7252,5800,NULL,'AYODHYA BYPASS ROAD','BHOPAL','32',NULL,NULL,'462041','',NULL,NULL,'\0',NULL,'storePickUp','storePickUp',NULL,NULL,'2020-10-03 19:14:22',NULL,0.00,'2020-10-03 19:14:22',37,117),(7253,5800,NULL,'AYODHYA BYPASS ROAD','BHOPAL','32',NULL,NULL,'462041','',NULL,NULL,'\0',NULL,'storePickUp','storePickUp',NULL,NULL,'2020-10-03 19:15:29',NULL,0.00,'2020-10-03 19:15:29',37,117),(7300,5850,NULL,NULL,NULL,NULL,NULL,NULL,NULL,'',NULL,NULL,'\0',NULL,'storePickUp','storePickUp',NULL,NULL,'2020-10-04 11:30:29',NULL,0.00,'2020-10-04 11:30:29',37,117),(7301,5850,NULL,'Phase - 2, Sector B, Ayodhya Nagar','Bhopal','32',NULL,NULL,'462022','',NULL,NULL,'\0',NULL,'priceByDistance','priceByDistance',NULL,'India','2020-10-04 11:31:23',NULL,3.00,'2020-10-04 11:31:23',37,117),(7302,5850,NULL,'Phase - 2, Sector B, Ayodhya Nagar','Bhopal','32',NULL,NULL,'462022','',NULL,NULL,'\0',NULL,'storePickUp','storePickUp',NULL,NULL,'2020-10-04 11:31:23',NULL,0.00,'2020-10-04 11:31:23',37,117),(7350,5900,NULL,NULL,NULL,NULL,NULL,NULL,NULL,'',NULL,NULL,'\0',NULL,'storePickUp','storePickUp',NULL,NULL,'2020-10-04 12:42:09',NULL,0.00,'2020-10-04 12:42:09',37,117),(7351,5900,NULL,'Phase - 2, Sector B, Ayodhya Nagar','Bhopal','22',NULL,NULL,'462022','',NULL,NULL,'\0',NULL,'priceByDistance','priceByDistance',NULL,'India','2020-10-04 12:42:35',NULL,3.00,'2020-10-04 12:42:35',37,117),(7352,5900,NULL,'Phase - 2, Sector B, Ayodhya Nagar','Bhopal','22',NULL,NULL,'462022','',NULL,NULL,'\0',NULL,'storePickUp','storePickUp',NULL,NULL,'2020-10-04 12:42:35',NULL,0.00,'2020-10-04 12:42:35',37,117),(7353,5900,NULL,'Phase - 2, Sector B, Ayodhya Nagar','Bhopal','22',NULL,NULL,'462022','',NULL,NULL,'\0',NULL,'priceByDistance','priceByDistance',NULL,'India','2020-10-04 12:43:06',NULL,3.00,'2020-10-04 12:43:06',37,117),(7354,5900,NULL,'Phase - 2, Sector B, Ayodhya Nagar','Bhopal','22',NULL,NULL,'462022','',NULL,NULL,'\0',NULL,'storePickUp','storePickUp',NULL,NULL,'2020-10-04 12:43:06',NULL,0.00,'2020-10-04 12:43:06',37,117),(7355,5901,NULL,NULL,NULL,NULL,NULL,NULL,NULL,'',NULL,NULL,'\0',NULL,'storePickUp','storePickUp',NULL,NULL,'2020-10-04 12:44:16',NULL,0.00,'2020-10-04 12:44:16',37,117),(7356,5901,NULL,'A Sector, Sonagiri, Bhopal','Bhopal','21',NULL,NULL,'462022','',NULL,NULL,'\0',NULL,'priceByDistance','priceByDistance',NULL,'India','2020-10-04 12:45:00',NULL,15.00,'2020-10-04 12:45:00',37,117),(7357,5901,NULL,'A Sector, Sonagiri, Bhopal','Bhopal','21',NULL,NULL,'462022','',NULL,NULL,'\0',NULL,'storePickUp','storePickUp',NULL,NULL,'2020-10-04 12:45:00',NULL,0.00,'2020-10-04 12:45:00',37,117),(7358,5901,NULL,'A Sector, Sonagiri, Bhopal','Bhopal','21',NULL,NULL,'462022','',NULL,NULL,'\0',NULL,'priceByDistance','priceByDistance',NULL,'India','2020-10-04 12:45:32',NULL,15.00,'2020-10-04 12:45:32',37,117),(7359,5901,NULL,'A Sector, Sonagiri, Bhopal','Bhopal','21',NULL,NULL,'462022','',NULL,NULL,'\0',NULL,'storePickUp','storePickUp',NULL,NULL,'2020-10-04 12:45:32',NULL,0.00,'2020-10-04 12:45:32',37,117),(7360,5902,NULL,NULL,NULL,NULL,NULL,NULL,NULL,'',NULL,NULL,'\0',NULL,'storePickUp','storePickUp',NULL,NULL,'2020-10-04 12:47:02',NULL,0.00,'2020-10-04 12:47:02',37,117),(7361,5902,NULL,'Ahinsa Vihar Colony, Ayodhya Nagar, Bhopal','Bhopal','23',NULL,NULL,'462041','',NULL,NULL,'\0',NULL,'priceByDistance','priceByDistance',NULL,'India','2020-10-04 12:48:01',NULL,4.00,'2020-10-04 12:48:01',37,117),(7362,5902,NULL,'Ahinsa Vihar Colony, Ayodhya Nagar, Bhopal','Bhopal','23',NULL,NULL,'462041','',NULL,NULL,'\0',NULL,'storePickUp','storePickUp',NULL,NULL,'2020-10-04 12:48:01',NULL,0.00,'2020-10-04 12:48:01',37,117),(7363,5904,NULL,NULL,NULL,NULL,NULL,NULL,NULL,'',NULL,NULL,'\0',NULL,'storePickUp','storePickUp',NULL,NULL,'2020-10-04 12:51:52',NULL,0.00,'2020-10-04 12:51:52',37,117),(7364,5904,NULL,'Rajsamrat Colony, Ayodhya Nagar, Bhopal','Bhopal','323',NULL,NULL,'462041','',NULL,NULL,'\0',NULL,'priceByDistance','priceByDistance',NULL,'India','2020-10-04 12:52:20',NULL,6.00,'2020-10-04 12:52:20',37,117),(7365,5904,NULL,'Rajsamrat Colony, Ayodhya Nagar, Bhopal','Bhopal','323',NULL,NULL,'462041','',NULL,NULL,'\0',NULL,'storePickUp','storePickUp',NULL,NULL,'2020-10-04 12:52:20',NULL,0.00,'2020-10-04 12:52:20',37,117),(7366,5904,NULL,'Rajsamrat Colony, Ayodhya Nagar, Bhopal','Bhopal','323',NULL,NULL,'462041','',NULL,NULL,'\0',NULL,'priceByDistance','priceByDistance',NULL,'India','2020-10-04 12:52:55',NULL,6.00,'2020-10-04 12:52:55',37,117),(7367,5904,NULL,'Rajsamrat Colony, Ayodhya Nagar, Bhopal','Bhopal','323',NULL,NULL,'462041','',NULL,NULL,'\0',NULL,'storePickUp','storePickUp',NULL,NULL,'2020-10-04 12:52:55',NULL,0.00,'2020-10-04 12:52:55',37,117),(7400,6000,NULL,NULL,NULL,NULL,NULL,NULL,NULL,'',NULL,NULL,'\0',NULL,'storePickUp','storePickUp',NULL,NULL,'2020-10-10 22:59:50',NULL,0.00,'2020-10-10 22:59:50',37,117),(7401,6000,NULL,NULL,NULL,NULL,NULL,NULL,NULL,'',NULL,NULL,'\0',NULL,'storePickUp','storePickUp',NULL,NULL,'2020-10-10 23:00:43',NULL,0.00,'2020-10-10 23:00:43',37,117),(7450,6050,NULL,NULL,NULL,NULL,NULL,NULL,NULL,'',NULL,NULL,'\0',NULL,'storePickUp','storePickUp',NULL,NULL,'2020-10-31 22:31:54',NULL,0.00,'2020-10-31 22:31:54',37,117),(7451,6050,NULL,'Bharat Nagar, Indrapuri, Bhopal','Bhopal','h.no. 54',NULL,NULL,'462022','',NULL,NULL,'\0',NULL,'priceByDistance','priceByDistance',NULL,'India','2020-10-31 22:32:40',NULL,9.00,'2020-10-31 22:32:40',37,117),(7452,6050,NULL,'Bharat Nagar, Indrapuri, Bhopal','Bhopal','h.no. 54',NULL,NULL,'462022','',NULL,NULL,'\0',NULL,'storePickUp','storePickUp',NULL,NULL,'2020-10-31 22:32:40',NULL,0.00,'2020-10-31 22:32:40',37,117),(7500,6050,NULL,NULL,NULL,NULL,NULL,NULL,NULL,'',NULL,NULL,'\0',NULL,'storePickUp','storePickUp',NULL,NULL,'2020-10-31 22:37:42',NULL,0.00,'2020-10-31 22:37:42',37,117),(7501,6100,NULL,NULL,NULL,NULL,NULL,NULL,NULL,'',NULL,NULL,'\0',NULL,'storePickUp','storePickUp',NULL,NULL,'2020-10-31 22:39:08',NULL,0.00,'2020-10-31 22:39:08',37,117),(7502,6100,NULL,'Bhawani Campus, Paras Nagar, Ayodhya Nagar','Bhopal','45',NULL,NULL,'462022','',NULL,NULL,'\0',NULL,'priceByDistance','priceByDistance',NULL,'India','2020-10-31 22:39:49',NULL,3.00,'2020-10-31 22:39:49',37,117),(7503,6100,NULL,'Bhawani Campus, Paras Nagar, Ayodhya Nagar','Bhopal','45',NULL,NULL,'462022','',NULL,NULL,'\0',NULL,'storePickUp','storePickUp',NULL,NULL,'2020-10-31 22:39:49',NULL,0.00,'2020-10-31 22:39:49',37,117),(7504,6100,NULL,'Bhawani Campus, Paras Nagar, Ayodhya Nagar','Bhopal','45',NULL,NULL,'462022','',NULL,NULL,'\0',NULL,'priceByDistance','priceByDistance',NULL,'India','2020-10-31 22:40:43',NULL,3.00,'2020-10-31 22:40:43',37,117),(7505,6100,NULL,'Bhawani Campus, Paras Nagar, Ayodhya Nagar','Bhopal','45',NULL,NULL,'462022','',NULL,NULL,'\0',NULL,'storePickUp','storePickUp',NULL,NULL,'2020-10-31 22:40:43',NULL,0.00,'2020-10-31 22:40:43',37,117),(7506,6101,NULL,NULL,NULL,NULL,NULL,NULL,NULL,'',NULL,NULL,'\0',NULL,'storePickUp','storePickUp',NULL,NULL,'2020-10-31 22:42:31',NULL,0.00,'2020-10-31 22:42:31',37,117),(7550,6150,NULL,NULL,NULL,NULL,NULL,NULL,NULL,'',NULL,NULL,'\0',NULL,'storePickUp','storePickUp',NULL,NULL,'2020-10-31 23:00:15',NULL,0.00,'2020-10-31 23:00:15',37,117),(7551,6150,NULL,'','BHOPAL','HSC',NULL,NULL,'462041','',NULL,NULL,'\0',NULL,'priceByDistance','priceByDistance',NULL,'India','2020-10-31 23:00:50',NULL,5.00,'2020-10-31 23:00:50',37,117),(7552,6150,NULL,'','BHOPAL','HSC',NULL,NULL,'462041','',NULL,NULL,'\0',NULL,'priceByDistance','priceByDistance',NULL,'India','2020-10-31 23:00:50',NULL,5.00,'2020-10-31 23:00:50',37,117),(7553,6150,NULL,'','BHOPAL','HSC',NULL,NULL,'462041','',NULL,NULL,'\0',NULL,'storePickUp','storePickUp',NULL,NULL,'2020-10-31 23:00:50',NULL,0.00,'2020-10-31 23:00:50',37,117),(7554,6150,NULL,'','BHOPAL','HSC',NULL,NULL,'462041','',NULL,NULL,'\0',NULL,'storePickUp','storePickUp',NULL,NULL,'2020-10-31 23:00:50',NULL,0.00,'2020-10-31 23:00:50',37,117),(7555,6150,NULL,'Phase - 2, Sector B, Ayodhya Nagar','Bhopal','H.NO. 54',NULL,NULL,'462022','',NULL,NULL,'\0',NULL,'priceByDistance','priceByDistance',NULL,'India','2020-10-31 23:01:20',NULL,3.00,'2020-10-31 23:01:20',37,117),(7556,6150,NULL,'Phase - 2, Sector B, Ayodhya Nagar','Bhopal','H.NO. 54',NULL,NULL,'462022','',NULL,NULL,'\0',NULL,'storePickUp','storePickUp',NULL,NULL,'2020-10-31 23:01:20',NULL,0.00,'2020-10-31 23:01:20',37,117),(7600,6150,NULL,NULL,NULL,NULL,NULL,NULL,NULL,'',NULL,NULL,'\0',NULL,'storePickUp','storePickUp',NULL,NULL,'2020-10-31 23:12:30',NULL,0.00,'2020-10-31 23:12:30',37,117),(7601,6150,NULL,'Bharat Nagar, Indrapuri, Bhopal','Bhopal','45',NULL,NULL,'462022','',NULL,NULL,'\0',NULL,'priceByDistance','priceByDistance',NULL,'India','2020-10-31 23:13:13',NULL,9.00,'2020-10-31 23:13:13',37,117),(7602,6150,NULL,'Bharat Nagar, Indrapuri, Bhopal','Bhopal','45',NULL,NULL,'462022','',NULL,NULL,'\0',NULL,'storePickUp','storePickUp',NULL,NULL,'2020-10-31 23:13:13',NULL,0.00,'2020-10-31 23:13:13',37,117),(7603,6150,NULL,'Bharat Nagar, Indrapuri, Bhopal','Bhopal','45',NULL,NULL,'462022','',NULL,NULL,'\0',NULL,'priceByDistance','priceByDistance',NULL,'India','2020-10-31 23:14:33',NULL,9.00,'2020-10-31 23:14:33',37,117),(7604,6150,NULL,'Bharat Nagar, Indrapuri, Bhopal','Bhopal','45',NULL,NULL,'462022','',NULL,NULL,'\0',NULL,'storePickUp','storePickUp',NULL,NULL,'2020-10-31 23:14:33',NULL,0.00,'2020-10-31 23:14:33',37,117),(7605,6200,NULL,NULL,NULL,NULL,NULL,NULL,NULL,'',NULL,NULL,'\0',NULL,'storePickUp','storePickUp',NULL,NULL,'2020-10-31 23:15:00',NULL,0.00,'2020-10-31 23:15:00',37,117),(7650,6250,NULL,NULL,NULL,NULL,NULL,NULL,NULL,'',NULL,NULL,'\0',NULL,'storePickUp','storePickUp',NULL,NULL,'2020-11-01 17:03:02',NULL,0.00,'2020-11-01 17:03:02',37,117),(7651,6250,NULL,'Indrapuri C sector, Sector C, Indrapuri','Bhopal','34',NULL,NULL,'462022','',NULL,NULL,'\0',NULL,'priceByDistance','priceByDistance',NULL,'India','2020-11-01 17:03:38',NULL,12.00,'2020-11-01 17:03:38',37,117),(7652,6250,NULL,'Indrapuri C sector, Sector C, Indrapuri','Bhopal','34',NULL,NULL,'462022','',NULL,NULL,'\0',NULL,'storePickUp','storePickUp',NULL,NULL,'2020-11-01 17:03:38',NULL,0.00,'2020-11-01 17:03:38',37,117),(7653,6250,NULL,NULL,NULL,NULL,NULL,NULL,NULL,'',NULL,NULL,'\0',NULL,'storePickUp','storePickUp',NULL,NULL,'2020-11-01 17:07:42',NULL,0.00,'2020-11-01 17:07:42',37,117),(7700,6300,NULL,NULL,NULL,NULL,NULL,NULL,NULL,'',NULL,NULL,'\0',NULL,'storePickUp','storePickUp',NULL,NULL,'2020-11-01 17:29:22',NULL,0.00,'2020-11-01 17:29:22',37,117),(7701,6300,NULL,'Phase - 2, Sector B, Ayodhya Nagar','Bhopal','32',NULL,NULL,'462022','',NULL,NULL,'\0',NULL,'priceByDistance','priceByDistance',NULL,'India','2020-11-01 17:30:32',NULL,3.00,'2020-11-01 17:30:32',37,117),(7702,6300,NULL,'Phase - 2, Sector B, Ayodhya Nagar','Bhopal','32',NULL,NULL,'462022','',NULL,NULL,'\0',NULL,'storePickUp','storePickUp',NULL,NULL,'2020-11-01 17:30:32',NULL,0.00,'2020-11-01 17:30:32',37,117),(7703,6300,NULL,NULL,NULL,NULL,NULL,NULL,NULL,'',NULL,NULL,'\0',NULL,'storePickUp','storePickUp',NULL,NULL,'2020-11-01 17:34:25',NULL,0.00,'2020-11-01 17:34:25',37,117),(7750,6350,NULL,NULL,NULL,NULL,NULL,NULL,NULL,'',NULL,NULL,'\0',NULL,'storePickUp','storePickUp',NULL,NULL,'2020-11-01 17:47:34',NULL,0.00,'2020-11-01 17:47:34',37,117),(7751,6350,NULL,'Bharat Nagar, Indrapuri, Bhopal','Bhopal','56',NULL,NULL,'462022','',NULL,NULL,'\0',NULL,'priceByDistance','priceByDistance',NULL,'India','2020-11-01 17:48:38',NULL,9.00,'2020-11-01 17:48:38',37,117),(7752,6350,NULL,'Bharat Nagar, Indrapuri, Bhopal','Bhopal','56',NULL,NULL,'462022','',NULL,NULL,'\0',NULL,'storePickUp','storePickUp',NULL,NULL,'2020-11-01 17:48:38',NULL,0.00,'2020-11-01 17:48:38',37,117),(7800,6400,NULL,NULL,NULL,NULL,NULL,NULL,NULL,'',NULL,NULL,'\0',NULL,'storePickUp','storePickUp',NULL,NULL,'2020-11-01 18:02:12',NULL,0.00,'2020-11-01 18:02:12',37,117),(7801,6400,NULL,'Indrapuri C sector, Sector C, Indrapuri','Bhopal','H.NO. 567C',NULL,NULL,'462022','',NULL,NULL,'\0',NULL,'priceByDistance','priceByDistance',NULL,'India','2020-11-01 18:02:54',NULL,12.00,'2020-11-01 18:02:54',37,117),(7802,6400,NULL,'Indrapuri C sector, Sector C, Indrapuri','Bhopal','H.NO. 567C',NULL,NULL,'462022','',NULL,NULL,'\0',NULL,'storePickUp','storePickUp',NULL,NULL,'2020-11-01 18:02:54',NULL,0.00,'2020-11-01 18:02:54',37,117),(7803,6400,NULL,'Indrapuri C sector, Sector C, Indrapuri','Bhopal','H.NO. 567C',NULL,NULL,'462022','',NULL,NULL,'\0',NULL,'priceByDistance','priceByDistance',NULL,'India','2020-11-01 18:04:15',NULL,12.00,'2020-11-01 18:04:15',37,117),(7804,6400,NULL,'Indrapuri C sector, Sector C, Indrapuri','Bhopal','H.NO. 567C',NULL,NULL,'462022','',NULL,NULL,'\0',NULL,'storePickUp','storePickUp',NULL,NULL,'2020-11-01 18:04:15',NULL,0.00,'2020-11-01 18:04:15',37,117),(7805,6401,NULL,NULL,NULL,NULL,NULL,NULL,NULL,'',NULL,NULL,'\0',NULL,'storePickUp','storePickUp',NULL,NULL,'2020-11-01 18:04:46',NULL,0.00,'2020-11-01 18:04:46',37,117),(7806,6401,NULL,'Ankur Complex, Main Rd 1, 6 Number Bus Stop','Bhopal','H.NO. 432',NULL,NULL,'462016','',NULL,NULL,'\0',NULL,'priceByDistance','priceByDistance',NULL,'India','2020-11-01 18:05:40',NULL,44.00,'2020-11-01 18:05:40',37,117),(7807,6401,NULL,'Ankur Complex, Main Rd 1, 6 Number Bus Stop','Bhopal','H.NO. 432',NULL,NULL,'462016','',NULL,NULL,'\0',NULL,'storePickUp','storePickUp',NULL,NULL,'2020-11-01 18:05:40',NULL,0.00,'2020-11-01 18:05:40',37,117),(7808,6401,NULL,'Ankur Complex, Main Rd 1, 6 Number Bus Stop','Bhopal','H.NO. 432',NULL,NULL,'462016','',NULL,NULL,'\0',NULL,'priceByDistance','priceByDistance',NULL,'India','2020-11-01 18:07:48',NULL,44.00,'2020-11-01 18:07:48',37,117),(7809,6401,NULL,'Ankur Complex, Main Rd 1, 6 Number Bus Stop','Bhopal','H.NO. 432',NULL,NULL,'462016','',NULL,NULL,'\0',NULL,'storePickUp','storePickUp',NULL,NULL,'2020-11-01 18:07:48',NULL,0.00,'2020-11-01 18:07:48',37,117),(7850,6450,NULL,NULL,NULL,NULL,NULL,NULL,NULL,'',NULL,NULL,'\0',NULL,'storePickUp','storePickUp',NULL,NULL,'2020-11-01 22:45:51',NULL,0.00,'2020-11-01 22:45:51',37,117),(7851,6450,NULL,'Chatrasal Nagar, Indrapuri, Bhopal','Bhopal','34',NULL,NULL,'462022','',NULL,NULL,'\0',NULL,'priceByDistance','priceByDistance',NULL,'India','2020-11-01 22:47:03',NULL,10.00,'2020-11-01 22:47:03',37,117),(7852,6450,NULL,'Chatrasal Nagar, Indrapuri, Bhopal','Bhopal','34',NULL,NULL,'462022','',NULL,NULL,'\0',NULL,'storePickUp','storePickUp',NULL,NULL,'2020-11-01 22:47:03',NULL,0.00,'2020-11-01 22:47:03',37,117),(7900,6500,NULL,NULL,NULL,NULL,NULL,NULL,NULL,'',NULL,NULL,'\0',NULL,'storePickUp','storePickUp',NULL,NULL,'2020-11-01 23:05:39',NULL,0.00,'2020-11-01 23:05:39',37,117),(7901,6500,NULL,'Ayodhya Nagar Sector D, ISRO Colony, Ayodhya Bypass','Bhopal','32',NULL,NULL,'462041','',NULL,NULL,'\0',NULL,'priceByDistance','priceByDistance',NULL,'India','2020-11-01 23:06:13',NULL,10.00,'2020-11-01 23:06:13',37,117),(7902,6500,NULL,'Ayodhya Nagar Sector D, ISRO Colony, Ayodhya Bypass','Bhopal','32',NULL,NULL,'462041','',NULL,NULL,'\0',NULL,'storePickUp','storePickUp',NULL,NULL,'2020-11-01 23:06:13',NULL,0.00,'2020-11-01 23:06:13',37,117),(7903,6500,NULL,NULL,NULL,NULL,NULL,NULL,NULL,'',NULL,NULL,'\0',NULL,'storePickUp','storePickUp',NULL,NULL,'2020-11-01 23:07:52',NULL,0.00,'2020-11-01 23:07:52',37,117),(7904,6500,NULL,'Bharat Nagar, Indrapuri, Bhopal','Bhopal','43',NULL,NULL,'462022','',NULL,NULL,'\0',NULL,'priceByDistance','priceByDistance',NULL,'India','2020-11-01 23:08:43',NULL,9.00,'2020-11-01 23:08:43',37,117),(7905,6500,NULL,'Bharat Nagar, Indrapuri, Bhopal','Bhopal','43',NULL,NULL,'462022','',NULL,NULL,'\0',NULL,'storePickUp','storePickUp',NULL,NULL,'2020-11-01 23:08:43',NULL,0.00,'2020-11-01 23:08:43',37,117),(7906,6500,NULL,NULL,NULL,NULL,NULL,NULL,NULL,'',NULL,NULL,'\0',NULL,'storePickUp','storePickUp',NULL,NULL,'2020-11-01 23:12:05',NULL,0.00,'2020-11-01 23:12:05',37,117),(7907,6500,NULL,'Bharat Nagar, Indrapuri, Bhopal','Bhopal','67',NULL,NULL,'462022','',NULL,NULL,'\0',NULL,'priceByDistance','priceByDistance',NULL,'India','2020-11-01 23:12:29',NULL,9.00,'2020-11-01 23:12:29',37,117),(7908,6500,NULL,'Bharat Nagar, Indrapuri, Bhopal','Bhopal','67',NULL,NULL,'462022','',NULL,NULL,'\0',NULL,'storePickUp','storePickUp',NULL,NULL,'2020-11-01 23:12:29',NULL,0.00,'2020-11-01 23:12:29',37,117),(7909,6500,NULL,NULL,NULL,NULL,NULL,NULL,NULL,'',NULL,NULL,'\0',NULL,'storePickUp','storePickUp',NULL,NULL,'2020-11-01 23:14:06',NULL,0.00,'2020-11-01 23:14:06',37,117),(7950,6550,NULL,NULL,NULL,NULL,NULL,NULL,NULL,'',NULL,NULL,'\0',NULL,'storePickUp','storePickUp',NULL,NULL,'2020-11-01 23:18:32',NULL,0.00,'2020-11-01 23:18:32',37,117),(7951,6550,NULL,'Berkheda BHEL, Sector A, Berkheda','Bhopal','432',NULL,NULL,'462022','',NULL,NULL,'\0',NULL,'priceByDistance','priceByDistance',NULL,'India','2020-11-01 23:19:10',NULL,26.00,'2020-11-01 23:19:10',37,117),(7952,6550,NULL,'Berkheda BHEL, Sector A, Berkheda','Bhopal','432',NULL,NULL,'462022','',NULL,NULL,'\0',NULL,'storePickUp','storePickUp',NULL,NULL,'2020-11-01 23:19:10',NULL,0.00,'2020-11-01 23:19:10',37,117),(8000,6600,NULL,NULL,NULL,NULL,NULL,NULL,NULL,'',NULL,NULL,'\0',NULL,'storePickUp','storePickUp',NULL,NULL,'2020-11-14 16:51:33',NULL,0.00,'2020-11-14 16:51:33',37,117),(8001,6600,NULL,'Bhavani Tower, Ayodhya Bypass Rd, Chhatrapati Nagar','Bhopal','H.NO. 43',NULL,NULL,'462022','',NULL,NULL,'\0',NULL,'priceByDistance','priceByDistance',NULL,'India','2020-11-14 16:52:31',NULL,2.00,'2020-11-14 16:52:31',37,117),(8002,6600,NULL,'Bhavani Tower, Ayodhya Bypass Rd, Chhatrapati Nagar','Bhopal','H.NO. 43',NULL,NULL,'462022','',NULL,NULL,'\0',NULL,'storePickUp','storePickUp',NULL,NULL,'2020-11-14 16:52:31',NULL,0.00,'2020-11-14 16:52:31',37,117),(8003,6600,NULL,'Bhavani Tower, Ayodhya Bypass Rd, Chhatrapati Nagar','Bhopal','H.NO. 43',NULL,NULL,'462022','',NULL,NULL,'\0',NULL,'priceByDistance','priceByDistance',NULL,'India','2020-11-14 16:54:02',NULL,2.00,'2020-11-14 16:54:02',37,117),(8004,6600,NULL,'Bhavani Tower, Ayodhya Bypass Rd, Chhatrapati Nagar','Bhopal','H.NO. 43',NULL,NULL,'462022','',NULL,NULL,'\0',NULL,'storePickUp','storePickUp',NULL,NULL,'2020-11-14 16:54:02',NULL,0.00,'2020-11-14 16:54:02',37,117),(8005,6601,NULL,NULL,NULL,NULL,NULL,NULL,NULL,'',NULL,NULL,'\0',NULL,'storePickUp','storePickUp',NULL,NULL,'2020-11-14 16:57:18',NULL,0.00,'2020-11-14 16:57:18',37,117),(8006,6601,NULL,'Piplani Gurudwara Square, Sector A, Berkheda','Bhopal','4563',NULL,NULL,'462022','',NULL,NULL,'\0',NULL,'priceByDistance','priceByDistance',NULL,'India','2020-11-14 16:58:07',NULL,24.00,'2020-11-14 16:58:07',37,117),(8007,6601,NULL,'Piplani Gurudwara Square, Sector A, Berkheda','Bhopal','4563',NULL,NULL,'462022','',NULL,NULL,'\0',NULL,'storePickUp','storePickUp',NULL,NULL,'2020-11-14 16:58:07',NULL,0.00,'2020-11-14 16:58:07',37,117),(8008,6601,NULL,'Piplani Gurudwara Square, Sector A, Berkheda','Bhopal','4563',NULL,NULL,'462022','',NULL,NULL,'\0',NULL,'priceByDistance','priceByDistance',NULL,'India','2020-11-14 17:01:47',NULL,24.00,'2020-11-14 17:01:47',37,117),(8009,6601,NULL,'Piplani Gurudwara Square, Sector A, Berkheda','Bhopal','4563',NULL,NULL,'462022','',NULL,NULL,'\0',NULL,'storePickUp','storePickUp',NULL,NULL,'2020-11-14 17:01:47',NULL,0.00,'2020-11-14 17:01:47',37,117),(8050,6650,NULL,NULL,NULL,NULL,NULL,NULL,NULL,'',NULL,NULL,'\0',NULL,'storePickUp','storePickUp',NULL,NULL,'2020-11-21 22:55:07',NULL,0.00,'2020-11-21 22:55:07',37,117),(8051,6650,NULL,'A Sector, Sonagiri, Bhopal','Bhopal','HIG-4',NULL,NULL,'462022','',NULL,NULL,'\0',NULL,'storePickUp','storePickUp',NULL,NULL,'2020-11-21 22:55:50',NULL,0.00,'2020-11-21 22:55:50',37,117),(8052,6650,NULL,'Sonagiri Square,BHEL, Bhopal, Bhopal','Bhopal','HIG-4',NULL,NULL,'462022','',NULL,NULL,'\0',NULL,'storePickUp','storePickUp',NULL,NULL,'2020-11-21 22:57:25',NULL,0.00,'2020-11-21 22:57:25',37,117),(8053,6650,NULL,'Sonagiri Square,BHEL, Bhopal, Bhopal','Bhopal','HIG-4',NULL,NULL,'462022','',NULL,NULL,'\0',NULL,'storePickUp','storePickUp',NULL,NULL,'2020-11-21 22:58:06',NULL,0.00,'2020-11-21 22:58:06',37,117),(8054,6650,NULL,NULL,NULL,NULL,NULL,NULL,NULL,'',NULL,NULL,'\0',NULL,'storePickUp','storePickUp',NULL,NULL,'2020-11-21 22:59:50',NULL,0.00,'2020-11-21 22:59:50',37,117),(8055,6650,NULL,'LIG Sector-B, MIG, Sonagiri','Bhopal','345',NULL,NULL,'462022','',NULL,NULL,'\0',NULL,'storePickUp','storePickUp',NULL,NULL,'2020-11-21 23:00:36',NULL,0.00,'2020-11-21 23:00:36',37,117),(8056,6650,NULL,'LIG Sector-B, MIG, Sonagiri','Bhopal','345',NULL,NULL,'462022','',NULL,NULL,'\0',NULL,'storePickUp','storePickUp',NULL,NULL,'2020-11-21 23:01:48',NULL,0.00,'2020-11-21 23:01:48',37,117),(8100,6700,NULL,NULL,NULL,NULL,NULL,NULL,NULL,'',NULL,NULL,'\0',NULL,'storePickUp','storePickUp',NULL,NULL,'2020-12-20 21:41:46',NULL,0.00,'2020-12-20 21:41:46',37,117),(8101,6700,NULL,'Bhavani Tower, Ayodhya Bypass Rd, Chhatrapati Nagar','Bhopal','453',NULL,NULL,'462022','',NULL,NULL,'\0',NULL,'priceByDistance','priceByDistance',NULL,'India','2020-12-20 21:42:39',NULL,2.00,'2020-12-20 21:42:39',37,117),(8102,6700,NULL,'Bhavani Tower, Ayodhya Bypass Rd, Chhatrapati Nagar','Bhopal','453',NULL,NULL,'462022','',NULL,NULL,'\0',NULL,'storePickUp','storePickUp',NULL,NULL,'2020-12-20 21:42:39',NULL,0.00,'2020-12-20 21:42:39',37,117),(8103,6701,NULL,NULL,NULL,NULL,NULL,NULL,NULL,'',NULL,NULL,'\0',NULL,'storePickUp','storePickUp',NULL,NULL,'2020-12-20 21:47:36',NULL,0.00,'2020-12-20 21:47:36',37,117),(8104,6701,NULL,'Bhavani Tower, Ayodhya Bypass Rd, Chhatrapati Nagar','Bhopal','HSC',NULL,NULL,'462022','',NULL,NULL,'\0',NULL,'priceByDistance','priceByDistance',NULL,'India','2020-12-20 21:47:54',NULL,2.00,'2020-12-20 21:47:54',37,117),(8105,6701,NULL,'Bhavani Tower, Ayodhya Bypass Rd, Chhatrapati Nagar','Bhopal','HSC',NULL,NULL,'462022','',NULL,NULL,'\0',NULL,'priceByDistance','priceByDistance',NULL,'India','2020-12-20 21:47:54',NULL,2.00,'2020-12-20 21:47:54',37,117),(8106,6701,NULL,'Bhavani Tower, Ayodhya Bypass Rd, Chhatrapati Nagar','Bhopal','HSC',NULL,NULL,'462022','',NULL,NULL,'\0',NULL,'storePickUp','storePickUp',NULL,NULL,'2020-12-20 21:47:54',NULL,0.00,'2020-12-20 21:47:54',37,117),(8107,6701,NULL,'Bhavani Tower, Ayodhya Bypass Rd, Chhatrapati Nagar','Bhopal','HSC',NULL,NULL,'462022','',NULL,NULL,'\0',NULL,'storePickUp','storePickUp',NULL,NULL,'2020-12-20 21:47:54',NULL,0.00,'2020-12-20 21:47:54',37,117),(8108,6701,NULL,'Bhavani Tower, Ayodhya Bypass Rd, Chhatrapati Nagar','Bhopal','HSC',NULL,NULL,'462022','',NULL,NULL,'\0',NULL,'priceByDistance','priceByDistance',NULL,'India','2020-12-20 21:48:31',NULL,2.00,'2020-12-20 21:48:31',37,117),(8109,6701,NULL,'Bhavani Tower, Ayodhya Bypass Rd, Chhatrapati Nagar','Bhopal','HSC',NULL,NULL,'462022','',NULL,NULL,'\0',NULL,'storePickUp','storePickUp',NULL,NULL,'2020-12-20 21:48:31',NULL,0.00,'2020-12-20 21:48:31',37,117),(8110,4901,NULL,NULL,NULL,NULL,NULL,NULL,NULL,'',NULL,NULL,'\0',NULL,'storePickUp','storePickUp',NULL,NULL,'2020-12-20 21:52:05',NULL,0.00,'2020-12-20 21:52:05',37,117),(8111,4901,NULL,'A Sector, Sonagiri, Bhopal','Bhopal','HIG 4',NULL,NULL,'462022','',NULL,NULL,'\0',NULL,'priceByDistance','priceByDistance',NULL,'India','2020-12-20 21:53:27',NULL,17.00,'2020-12-20 21:53:27',37,117),(8112,4901,NULL,'A Sector, Sonagiri, Bhopal','Bhopal','HIG 4',NULL,NULL,'462022','',NULL,NULL,'\0',NULL,'storePickUp','storePickUp',NULL,NULL,'2020-12-20 21:53:27',NULL,0.00,'2020-12-20 21:53:27',37,117),(8150,6750,NULL,NULL,NULL,NULL,NULL,NULL,NULL,'',NULL,NULL,'\0',NULL,'storePickUp','storePickUp',NULL,NULL,'2021-01-01 23:12:58',NULL,0.00,'2021-01-01 23:12:58',37,117),(8151,6750,NULL,'Awadhpuri Chowk, Samanvay Nagar, Awadhpuri','Bhopal','13B',NULL,NULL,'462022','',NULL,NULL,'\0',NULL,'priceByDistance','priceByDistance',NULL,'India','2021-01-01 23:13:31',NULL,34.00,'2021-01-01 23:13:31',37,117),(8152,6750,NULL,'Awadhpuri Chowk, Samanvay Nagar, Awadhpuri','Bhopal','13B',NULL,NULL,'462022','',NULL,NULL,'\0',NULL,'storePickUp','storePickUp',NULL,NULL,'2021-01-01 23:13:31',NULL,0.00,'2021-01-01 23:13:31',37,117),(8153,6750,NULL,'Awadhpuri Chowk, Samanvay Nagar, Awadhpuri','Bhopal','13B',NULL,NULL,'462022','',NULL,NULL,'\0',NULL,'priceByDistance','priceByDistance',NULL,'India','2021-01-01 23:20:26',NULL,34.00,'2021-01-01 23:20:26',37,117),(8154,6750,NULL,'Awadhpuri Chowk, Samanvay Nagar, Awadhpuri','Bhopal','13B',NULL,NULL,'462022','',NULL,NULL,'\0',NULL,'storePickUp','storePickUp',NULL,NULL,'2021-01-01 23:20:26',NULL,0.00,'2021-01-01 23:20:26',37,117),(8200,6800,NULL,NULL,NULL,NULL,NULL,NULL,NULL,'',NULL,NULL,'\0',NULL,'storePickUp','storePickUp',NULL,NULL,'2021-01-01 23:36:41',NULL,0.00,'2021-01-01 23:36:41',37,117),(8201,6800,NULL,NULL,NULL,NULL,NULL,NULL,NULL,'',NULL,NULL,'\0',NULL,'storePickUp','storePickUp',NULL,NULL,'2021-01-01 23:37:00',NULL,0.00,'2021-01-01 23:37:00',37,117),(8202,6800,NULL,NULL,NULL,NULL,NULL,NULL,NULL,'',NULL,NULL,'\0',NULL,'storePickUp','storePickUp',NULL,NULL,'2021-01-01 23:37:29',NULL,0.00,'2021-01-01 23:37:29',37,117),(8203,6800,NULL,NULL,NULL,NULL,NULL,NULL,NULL,'',NULL,NULL,'\0',NULL,'storePickUp','storePickUp',NULL,NULL,'2021-01-01 23:39:35',NULL,0.00,'2021-01-01 23:39:35',37,117),(8204,6800,NULL,'Patel Nagar, Bhopal, Bhopal','Bhopal','323',NULL,NULL,'462022','',NULL,NULL,'\0',NULL,'priceByDistance','priceByDistance',NULL,'India','2021-01-01 23:43:02',NULL,27.00,'2021-01-01 23:43:02',37,117),(8205,6800,NULL,'Patel Nagar, Bhopal, Bhopal','Bhopal','323',NULL,NULL,'462022','',NULL,NULL,'\0',NULL,'storePickUp','storePickUp',NULL,NULL,'2021-01-01 23:43:02',NULL,0.00,'2021-01-01 23:43:02',37,117),(8206,6800,NULL,'Patel Nagar, Bhopal, Bhopal','Bhopal','323',NULL,NULL,'462022','',NULL,NULL,'\0',NULL,'priceByDistance','priceByDistance',NULL,'India','2021-01-01 23:43:36',NULL,27.00,'2021-01-01 23:43:36',37,117),(8207,6800,NULL,'Patel Nagar, Bhopal, Bhopal','Bhopal','323',NULL,NULL,'462022','',NULL,NULL,'\0',NULL,'storePickUp','storePickUp',NULL,NULL,'2021-01-01 23:43:36',NULL,0.00,'2021-01-01 23:43:36',37,117),(8208,6800,NULL,'Patel Nagar, Bhopal, Bhopal','Bhopal','323',NULL,NULL,'462022','',NULL,NULL,'\0',NULL,'priceByDistance','priceByDistance',NULL,'India','2021-01-01 23:44:37',NULL,27.00,'2021-01-01 23:44:37',37,117),(8209,6800,NULL,'Patel Nagar, Bhopal, Bhopal','Bhopal','323',NULL,NULL,'462022','',NULL,NULL,'\0',NULL,'storePickUp','storePickUp',NULL,NULL,'2021-01-01 23:44:37',NULL,0.00,'2021-01-01 23:44:37',37,117),(8210,6801,NULL,NULL,NULL,NULL,NULL,NULL,NULL,'',NULL,NULL,'\0',NULL,'storePickUp','storePickUp',NULL,NULL,'2021-01-01 23:53:04',NULL,0.00,'2021-01-01 23:53:04',37,117),(8211,6801,NULL,NULL,NULL,NULL,NULL,NULL,NULL,'',NULL,NULL,'\0',NULL,'storePickUp','storePickUp',NULL,NULL,'2021-01-01 23:53:10',NULL,0.00,'2021-01-01 23:53:10',37,117),(8212,6801,NULL,NULL,NULL,NULL,NULL,NULL,NULL,'',NULL,NULL,'\0',NULL,'storePickUp','storePickUp',NULL,NULL,'2021-01-01 23:54:19',NULL,0.00,'2021-01-01 23:54:19',37,117),(8250,6850,NULL,NULL,NULL,NULL,NULL,NULL,NULL,'',NULL,NULL,'\0',NULL,'storePickUp','storePickUp',NULL,NULL,'2021-01-02 00:00:16',NULL,0.00,'2021-01-02 00:00:16',37,117),(8251,6850,NULL,'Idgah Hills Rd, PNB Colony, Neelkanth Colony','Bhopal','342',NULL,NULL,'462001','',NULL,NULL,'\0',NULL,'priceByDistance','priceByDistance',NULL,'India','2021-01-02 00:00:49',NULL,66.00,'2021-01-02 00:00:49',37,117),(8252,6850,NULL,'Idgah Hills Rd, PNB Colony, Neelkanth Colony','Bhopal','342',NULL,NULL,'462001','',NULL,NULL,'\0',NULL,'storePickUp','storePickUp',NULL,NULL,'2021-01-02 00:00:49',NULL,0.00,'2021-01-02 00:00:49',37,117),(8253,6850,NULL,'Idgah Hills Rd, PNB Colony, Neelkanth Colony','Bhopal','342',NULL,NULL,'462001','',NULL,NULL,'\0',NULL,'priceByDistance','priceByDistance',NULL,'India','2021-01-02 00:03:00',NULL,66.00,'2021-01-02 00:03:00',37,117),(8254,6850,NULL,'Idgah Hills Rd, PNB Colony, Neelkanth Colony','Bhopal','342',NULL,NULL,'462001','',NULL,NULL,'\0',NULL,'storePickUp','storePickUp',NULL,NULL,'2021-01-02 00:03:00',NULL,0.00,'2021-01-02 00:03:00',37,117),(8300,6900,NULL,NULL,NULL,NULL,NULL,NULL,NULL,'',NULL,NULL,'\0',NULL,'storePickUp','storePickUp',NULL,NULL,'2021-01-02 00:14:02',NULL,0.00,'2021-01-02 00:14:02',37,117),(8301,6900,NULL,'MP Nagar Zone-I, Zone-I, MP Nagar','Bhopal','3244',NULL,NULL,'462023','',NULL,NULL,'\0',NULL,'priceByDistance','priceByDistance',NULL,'India','2021-01-02 00:15:16',NULL,36.00,'2021-01-02 00:15:16',37,117),(8302,6900,NULL,'MP Nagar Zone-I, Zone-I, MP Nagar','Bhopal','3244',NULL,NULL,'462023','',NULL,NULL,'\0',NULL,'storePickUp','storePickUp',NULL,NULL,'2021-01-02 00:15:16',NULL,0.00,'2021-01-02 00:15:16',37,117),(8303,6900,NULL,'MP Nagar Zone-I, Zone-I, MP Nagar','Bhopal','3244',NULL,NULL,'462023','',NULL,NULL,'\0',NULL,'priceByDistance','priceByDistance',NULL,'India','2021-01-02 00:17:02',NULL,36.00,'2021-01-02 00:17:02',37,117),(8304,6900,NULL,'MP Nagar Zone-I, Zone-I, MP Nagar','Bhopal','3244',NULL,NULL,'462023','',NULL,NULL,'\0',NULL,'storePickUp','storePickUp',NULL,NULL,'2021-01-02 00:17:02',NULL,0.00,'2021-01-02 00:17:02',37,117),(8305,6901,NULL,NULL,NULL,NULL,NULL,NULL,NULL,'',NULL,NULL,'\0',NULL,'storePickUp','storePickUp',NULL,NULL,'2021-01-02 00:20:56',NULL,0.00,'2021-01-02 00:20:56',37,117),(8350,6950,NULL,NULL,NULL,NULL,NULL,NULL,NULL,'',NULL,NULL,'\0',NULL,'storePickUp','storePickUp',NULL,NULL,'2021-01-02 00:25:21',NULL,0.00,'2021-01-02 00:25:21',37,117),(8351,6950,NULL,'Regal Paradise Rd, Regal Town, Awadhpuri','Bhopal','4566',NULL,NULL,'462022','',NULL,NULL,'\0',NULL,'priceByDistance','priceByDistance',NULL,'India','2021-01-02 00:26:02',NULL,37.00,'2021-01-02 00:26:02',37,117),(8352,6950,NULL,'Regal Paradise Rd, Regal Town, Awadhpuri','Bhopal','4566',NULL,NULL,'462022','',NULL,NULL,'\0',NULL,'storePickUp','storePickUp',NULL,NULL,'2021-01-02 00:26:02',NULL,0.00,'2021-01-02 00:26:02',37,117),(8353,6950,NULL,'Regal Paradise Rd, Regal Town, Awadhpuri','Bhopal','4566',NULL,NULL,'462022','',NULL,NULL,'\0',NULL,'priceByDistance','priceByDistance',NULL,'India','2021-01-02 00:26:42',NULL,37.00,'2021-01-02 00:26:42',37,117),(8354,6950,NULL,'Regal Paradise Rd, Regal Town, Awadhpuri','Bhopal','4566',NULL,NULL,'462022','',NULL,NULL,'\0',NULL,'storePickUp','storePickUp',NULL,NULL,'2021-01-02 00:26:42',NULL,0.00,'2021-01-02 00:26:42',37,117),(8355,6950,NULL,'Regal Paradise Rd, Regal Town, Awadhpuri','Bhopal','4566',NULL,NULL,'462022','',NULL,NULL,'\0',NULL,'priceByDistance','priceByDistance',NULL,'India','2021-01-02 00:27:40',NULL,37.00,'2021-01-02 00:27:40',37,117),(8356,6950,NULL,'Regal Paradise Rd, Regal Town, Awadhpuri','Bhopal','4566',NULL,NULL,'462022','',NULL,NULL,'\0',NULL,'storePickUp','storePickUp',NULL,NULL,'2021-01-02 00:27:40',NULL,0.00,'2021-01-02 00:27:40',37,117),(8357,6951,NULL,NULL,NULL,NULL,NULL,NULL,NULL,'',NULL,NULL,'\0',NULL,'storePickUp','storePickUp',NULL,NULL,'2021-01-02 00:28:32',NULL,0.00,'2021-01-02 00:28:32',37,117),(8358,6951,NULL,'Ahinsa Vihar Colony, Ayodhya Nagar, Bhopal','Bhopal','B-1',NULL,NULL,'462041','',NULL,NULL,'\0',NULL,'priceByDistance','priceByDistance',NULL,'India','2021-01-02 00:29:19',NULL,5.00,'2021-01-02 00:29:19',37,117),(8359,6951,NULL,'Ahinsa Vihar Colony, Ayodhya Nagar, Bhopal','Bhopal','B-1',NULL,NULL,'462041','',NULL,NULL,'\0',NULL,'storePickUp','storePickUp',NULL,NULL,'2021-01-02 00:29:19',NULL,0.00,'2021-01-02 00:29:19',37,117),(8360,6951,NULL,'Ahinsa Vihar Colony, Ayodhya Nagar, Bhopal','Bhopal','B-1',NULL,NULL,'462041','',NULL,NULL,'\0',NULL,'priceByDistance','priceByDistance',NULL,'India','2021-01-02 00:32:03',NULL,5.00,'2021-01-02 00:32:03',37,117),(8361,6951,NULL,'Ahinsa Vihar Colony, Ayodhya Nagar, Bhopal','Bhopal','B-1',NULL,NULL,'462041','',NULL,NULL,'\0',NULL,'storePickUp','storePickUp',NULL,NULL,'2021-01-02 00:32:03',NULL,0.00,'2021-01-02 00:32:03',37,117),(8400,7000,NULL,NULL,NULL,NULL,NULL,NULL,NULL,'',NULL,NULL,'\0',NULL,'storePickUp','storePickUp',NULL,NULL,'2021-01-03 13:30:09',NULL,0.00,'2021-01-03 13:30:09',37,117),(8401,7000,NULL,'A Sector, Sonagiri, Bhopal','Bhopal','HIG-4',NULL,NULL,'462022','',NULL,NULL,'\0',NULL,'priceByDistance','priceByDistance',NULL,'India','2021-01-03 13:30:51',NULL,17.00,'2021-01-03 13:30:51',37,117),(8402,7000,NULL,'A Sector, Sonagiri, Bhopal','Bhopal','HIG-4',NULL,NULL,'462022','',NULL,NULL,'\0',NULL,'storePickUp','storePickUp',NULL,NULL,'2021-01-03 13:30:51',NULL,0.00,'2021-01-03 13:30:51',37,117),(8403,7000,NULL,'A Sector, Sonagiri, Bhopal','Bhopal','HIG-4',NULL,NULL,'462022','',NULL,NULL,'\0',NULL,'priceByDistance','priceByDistance',NULL,'India','2021-01-03 13:31:55',NULL,17.00,'2021-01-03 13:31:55',37,117),(8404,7000,NULL,'A Sector, Sonagiri, Bhopal','Bhopal','HIG-4',NULL,NULL,'462022','',NULL,NULL,'\0',NULL,'storePickUp','storePickUp',NULL,NULL,'2021-01-03 13:31:55',NULL,0.00,'2021-01-03 13:31:55',37,117),(8405,7001,NULL,NULL,NULL,NULL,NULL,NULL,NULL,'',NULL,NULL,'\0',NULL,'storePickUp','storePickUp',NULL,NULL,'2021-01-03 13:48:54',NULL,0.00,'2021-01-03 13:48:54',37,117),(8406,7001,NULL,'Vrindavan Nagar, Rajeev Nagar, Ayodhya Bypass','Bhopal','3234',NULL,NULL,'462041','',NULL,NULL,'\0',NULL,'priceByDistance','priceByDistance',NULL,'India','2021-01-03 13:49:24',NULL,8.00,'2021-01-03 13:49:24',37,117),(8407,7001,NULL,'Vrindavan Nagar, Rajeev Nagar, Ayodhya Bypass','Bhopal','3234',NULL,NULL,'462041','',NULL,NULL,'\0',NULL,'storePickUp','storePickUp',NULL,NULL,'2021-01-03 13:49:24',NULL,0.00,'2021-01-03 13:49:24',37,117),(8408,7001,NULL,'Vrindavan Nagar, Rajeev Nagar, Ayodhya Bypass','Bhopal','3234',NULL,NULL,'462041','',NULL,NULL,'\0',NULL,'priceByDistance','priceByDistance',NULL,'India','2021-01-03 13:50:58',NULL,8.00,'2021-01-03 13:50:58',37,117),(8409,7001,NULL,'Vrindavan Nagar, Rajeev Nagar, Ayodhya Bypass','Bhopal','3234',NULL,NULL,'462041','',NULL,NULL,'\0',NULL,'storePickUp','storePickUp',NULL,NULL,'2021-01-03 13:50:58',NULL,0.00,'2021-01-03 13:50:58',37,117),(8450,7101,NULL,NULL,NULL,NULL,NULL,NULL,NULL,'',NULL,NULL,'\0',NULL,'storePickUp','storePickUp',NULL,NULL,'2021-01-03 18:12:40',NULL,0.00,'2021-01-03 18:12:40',37,117),(8451,7101,NULL,'A Sector, Sonagiri, Bhopal','Bhopal','HIG -4',NULL,NULL,'462022','',NULL,NULL,'\0',NULL,'priceByDistance','priceByDistance',NULL,'India','2021-01-03 18:13:28',NULL,17.00,'2021-01-03 18:13:28',37,117),(8452,7101,NULL,'A Sector, Sonagiri, Bhopal','Bhopal','HIG -4',NULL,NULL,'462022','',NULL,NULL,'\0',NULL,'storePickUp','storePickUp',NULL,NULL,'2021-01-03 18:13:28',NULL,0.00,'2021-01-03 18:13:28',37,117),(8453,7101,NULL,'A Sector, Sonagiri, Bhopal','Bhopal','HIG -4',NULL,NULL,'462022','',NULL,NULL,'\0',NULL,'priceByDistance','priceByDistance',NULL,'India','2021-01-03 18:14:48',NULL,17.00,'2021-01-03 18:14:48',37,117),(8454,7101,NULL,'A Sector, Sonagiri, Bhopal','Bhopal','HIG -4',NULL,NULL,'462022','',NULL,NULL,'\0',NULL,'storePickUp','storePickUp',NULL,NULL,'2021-01-03 18:14:48',NULL,0.00,'2021-01-03 18:14:48',37,117),(8500,7150,NULL,NULL,'Gwalior',NULL,NULL,NULL,NULL,'',NULL,NULL,'\0',NULL,'storePickUp','storePickUp',NULL,NULL,'2021-01-07 18:07:27',NULL,0.00,'2021-01-07 18:07:27',37,117),(8501,7150,NULL,'A Sector, Sonagiri, Bhopal','Bhopal','456',NULL,NULL,'462022','',NULL,NULL,'\0',NULL,'priceByDistance','priceByDistance',NULL,'India','2021-01-07 18:08:34',NULL,17.00,'2021-01-07 18:08:34',37,117),(8502,7150,NULL,'A Sector, Sonagiri, Bhopal','Bhopal','456',NULL,NULL,'462022','',NULL,NULL,'\0',NULL,'storePickUp','storePickUp',NULL,NULL,'2021-01-07 18:08:34',NULL,0.00,'2021-01-07 18:08:34',37,117),(8503,7151,NULL,NULL,'Gwalior',NULL,NULL,NULL,NULL,'',NULL,NULL,'\0',NULL,'storePickUp','storePickUp',NULL,NULL,'2021-01-07 18:16:04',NULL,0.00,'2021-01-07 18:16:04',37,117),(8504,7151,NULL,'Ratnagiri Tiraha, Ashok Vihar, Anandnagar','Bhopal','324',NULL,NULL,'462022','',NULL,NULL,'\0',NULL,'priceByDistance','priceByDistance',NULL,'India','2021-01-07 18:16:35',NULL,12.00,'2021-01-07 18:16:35',37,117),(8505,7151,NULL,'Ratnagiri Tiraha, Ashok Vihar, Anandnagar','Bhopal','324',NULL,NULL,'462022','',NULL,NULL,'\0',NULL,'storePickUp','storePickUp',NULL,NULL,'2021-01-07 18:16:35',NULL,0.00,'2021-01-07 18:16:35',37,117),(8506,7151,NULL,'Ratnagiri Tiraha, Ashok Vihar, Anandnagar','Bhopal','324',NULL,NULL,'462022','',NULL,NULL,'\0',NULL,'priceByDistance','priceByDistance',NULL,'India','2021-01-07 18:17:53',NULL,12.00,'2021-01-07 18:17:53',37,117),(8507,7151,NULL,'Ratnagiri Tiraha, Ashok Vihar, Anandnagar','Bhopal','324',NULL,NULL,'462022','',NULL,NULL,'\0',NULL,'storePickUp','storePickUp',NULL,NULL,'2021-01-07 18:17:53',NULL,0.00,'2021-01-07 18:17:53',37,117),(8550,7201,NULL,NULL,'Gwalior',NULL,NULL,NULL,NULL,'',NULL,NULL,'\0',NULL,'storePickUp','storePickUp',NULL,NULL,'2021-01-08 04:17:34',NULL,0.00,'2021-01-08 04:17:34',37,117),(8600,7250,NULL,NULL,'Jabalpur',NULL,NULL,NULL,NULL,'',NULL,NULL,'\0',NULL,'storePickUp','storePickUp',NULL,NULL,'2021-01-10 08:30:07',NULL,0.00,'2021-01-10 08:30:07',37,117),(8601,7250,NULL,'Phase - 2, Sector B, Ayodhya Nagar','Bhopal','B-345',NULL,NULL,'462022','',NULL,NULL,'\0',NULL,'priceByDistance','priceByDistance',NULL,'India','2021-01-10 08:30:54',NULL,4.00,'2021-01-10 08:30:54',37,117),(8602,7250,NULL,'Phase - 2, Sector B, Ayodhya Nagar','Bhopal','B-345',NULL,NULL,'462022','',NULL,NULL,'\0',NULL,'storePickUp','storePickUp',NULL,NULL,'2021-01-10 08:30:54',NULL,0.00,'2021-01-10 08:30:54',37,117),(8650,7201,NULL,NULL,'Jabalpur',NULL,NULL,NULL,NULL,'',NULL,NULL,'\0',NULL,'storePickUp','storePickUp',NULL,NULL,'2021-01-10 12:13:29',NULL,0.00,'2021-01-10 12:13:29',37,117),(8651,7201,NULL,'A Sector, Hazrat Nizamuddin Colony, Sector B','Bhopal','E-34522',NULL,NULL,'462022','',NULL,NULL,'\0',NULL,'priceByDistance','priceByDistance',NULL,'India','2021-01-10 12:14:32',NULL,7.00,'2021-01-10 12:14:32',37,117),(8652,7201,NULL,'A Sector, Hazrat Nizamuddin Colony, Sector B','Bhopal','E-34522',NULL,NULL,'462022','',NULL,NULL,'\0',NULL,'storePickUp','storePickUp',NULL,NULL,'2021-01-10 12:14:32',NULL,0.00,'2021-01-10 12:14:32',37,117),(8653,7201,NULL,'A Sector, Hazrat Nizamuddin Colony, Sector B','Bhopal','E-34522',NULL,NULL,'462022','',NULL,NULL,'\0',NULL,'priceByDistance','priceByDistance',NULL,'India','2021-01-10 12:17:18',NULL,7.00,'2021-01-10 12:17:18',37,117),(8654,7201,NULL,'A Sector, Hazrat Nizamuddin Colony, Sector B','Bhopal','E-34522',NULL,NULL,'462022','',NULL,NULL,'\0',NULL,'storePickUp','storePickUp',NULL,NULL,'2021-01-10 12:17:18',NULL,0.00,'2021-01-10 12:17:18',37,117),(8655,7300,NULL,NULL,'Jabalpur',NULL,NULL,NULL,NULL,'',NULL,NULL,'\0',NULL,'storePickUp','storePickUp',NULL,NULL,'2021-01-10 12:19:05',NULL,0.00,'2021-01-10 12:19:05',37,117),(8656,7300,NULL,'Awadhpuri Rd, Samanvay Nagar, Awadhpuri','Bhopal','34333',NULL,NULL,'462022','',NULL,NULL,'\0',NULL,'priceByDistance','priceByDistance',NULL,'India','2021-01-10 12:19:52',NULL,34.00,'2021-01-10 12:19:52',37,117),(8657,7300,NULL,'Awadhpuri Rd, Samanvay Nagar, Awadhpuri','Bhopal','34333',NULL,NULL,'462022','',NULL,NULL,'\0',NULL,'storePickUp','storePickUp',NULL,NULL,'2021-01-10 12:19:52',NULL,0.00,'2021-01-10 12:19:52',37,117),(8658,7301,NULL,'H.NO. 55, Piplani Gurudwara Square','Bhopal','HSC',NULL,NULL,'462022','',NULL,NULL,'\0',NULL,'priceByDistance','priceByDistance',NULL,'India','2021-01-10 12:26:39',NULL,24.00,'2021-01-10 12:26:39',37,117),(8659,7301,NULL,'H.NO. 55, Piplani Gurudwara Square','Bhopal','HSC',NULL,NULL,'462022','',NULL,NULL,'\0',NULL,'storePickUp','storePickUp',NULL,NULL,'2021-01-10 12:26:39',NULL,0.00,'2021-01-10 12:26:39',37,117),(8660,7302,NULL,'H.NO. 55, Piplani Gurudwara Square','Bhopal','HSC',NULL,NULL,'462022','',NULL,NULL,'\0',NULL,'priceByDistance','priceByDistance',NULL,'India','2021-01-10 12:36:23',NULL,24.00,'2021-01-10 12:36:23',37,117),(8661,7302,NULL,'H.NO. 55, Piplani Gurudwara Square','Bhopal','HSC',NULL,NULL,'462022','',NULL,NULL,'\0',NULL,'storePickUp','storePickUp',NULL,NULL,'2021-01-10 12:36:23',NULL,0.00,'2021-01-10 12:36:23',37,117),(8662,7302,NULL,'H.NO. 55, Piplani Gurudwara Square','Bhopal','HSC',NULL,NULL,'462022','',NULL,NULL,'\0',NULL,'priceByDistance','priceByDistance',NULL,'India','2021-01-10 12:37:27',NULL,24.00,'2021-01-10 12:37:27',37,117),(8663,7302,NULL,'H.NO. 55, Piplani Gurudwara Square','Bhopal','HSC',NULL,NULL,'462022','',NULL,NULL,'\0',NULL,'storePickUp','storePickUp',NULL,NULL,'2021-01-10 12:37:27',NULL,0.00,'2021-01-10 12:37:27',37,117),(8700,7350,NULL,'H.NO. 55, Piplani Gurudwara Square','Bhopal','HSC',NULL,NULL,'462022','',NULL,NULL,'\0',NULL,'priceByDistance','priceByDistance',NULL,'India','2021-01-11 15:57:36',NULL,24.00,'2021-01-11 15:57:36',37,117),(8701,7350,NULL,'H.NO. 55, Piplani Gurudwara Square','Bhopal','HSC',NULL,NULL,'462022','',NULL,NULL,'\0',NULL,'storePickUp','storePickUp',NULL,NULL,'2021-01-11 15:57:36',NULL,0.00,'2021-01-11 15:57:36',37,117),(8750,7400,NULL,'H.NO. 55, Piplani Gurudwara Square','Bhopal','HSC',NULL,NULL,'462022','',NULL,NULL,'\0',NULL,'priceByDistance','priceByDistance',NULL,'India','2021-01-13 17:34:11',NULL,24.00,'2021-01-13 17:34:11',37,117),(8751,7400,NULL,'H.NO. 55, Piplani Gurudwara Square','Bhopal','HSC',NULL,NULL,'462022','',NULL,NULL,'\0',NULL,'storePickUp','storePickUp',NULL,NULL,'2021-01-13 17:34:11',NULL,0.00,'2021-01-13 17:34:11',37,117),(8752,7400,NULL,'H.NO. 55, Piplani Gurudwara Square','Bhopal','HSC',NULL,NULL,'462022','',NULL,NULL,'\0',NULL,'priceByDistance','priceByDistance',NULL,'India','2021-01-13 17:37:31',NULL,24.00,'2021-01-13 17:37:31',37,117),(8753,7400,NULL,'H.NO. 55, Piplani Gurudwara Square','Bhopal','HSC',NULL,NULL,'462022','',NULL,NULL,'\0',NULL,'storePickUp','storePickUp',NULL,NULL,'2021-01-13 17:37:31',NULL,0.00,'2021-01-13 17:37:31',37,117),(8754,7400,NULL,'H.NO. 55, Piplani Gurudwara Square','Bhopal','HSC',NULL,NULL,'462022','',NULL,NULL,'\0',NULL,'priceByDistance','priceByDistance',NULL,'India','2021-01-13 17:37:31',NULL,24.00,'2021-01-13 17:37:31',37,117),(8755,7400,NULL,'H.NO. 55, Piplani Gurudwara Square','Bhopal','HSC',NULL,NULL,'462022','',NULL,NULL,'\0',NULL,'storePickUp','storePickUp',NULL,NULL,'2021-01-13 17:37:31',NULL,0.00,'2021-01-13 17:37:31',37,117),(8756,7400,NULL,'H.NO. 55, Piplani Gurudwara Square','Bhopal','HSC',NULL,NULL,'462022','',NULL,NULL,'\0',NULL,'priceByDistance','priceByDistance',NULL,'India','2021-01-13 17:38:33',NULL,24.00,'2021-01-13 17:38:33',37,117),(8757,7400,NULL,'H.NO. 55, Piplani Gurudwara Square','Bhopal','HSC',NULL,NULL,'462022','',NULL,NULL,'\0',NULL,'storePickUp','storePickUp',NULL,NULL,'2021-01-13 17:38:33',NULL,0.00,'2021-01-13 17:38:33',37,117),(8800,7450,NULL,NULL,'Jabalpur',NULL,NULL,NULL,NULL,'',NULL,NULL,'\0',NULL,'storePickUp','storePickUp',NULL,NULL,'2021-01-16 08:24:36',NULL,0.00,'2021-01-16 08:24:36',37,117),(8801,7450,NULL,'Phase - 2, Sector B, Ayodhya Nagar','Bhopal','B-345',NULL,NULL,'462022','',NULL,NULL,'\0',NULL,'priceByDistance','priceByDistance',NULL,'India','2021-01-16 08:24:47',NULL,4.00,'2021-01-16 08:24:47',37,117),(8802,7450,NULL,'Phase - 2, Sector B, Ayodhya Nagar','Bhopal','B-345',NULL,NULL,'462022','',NULL,NULL,'\0',NULL,'priceByDistance','priceByDistance',NULL,'India','2021-01-16 08:24:47',NULL,4.00,'2021-01-16 08:24:47',37,117),(8803,7450,NULL,'Phase - 2, Sector B, Ayodhya Nagar','Bhopal','B-345',NULL,NULL,'462022','',NULL,NULL,'\0',NULL,'storePickUp','storePickUp',NULL,NULL,'2021-01-16 08:24:47',NULL,0.00,'2021-01-16 08:24:47',37,117),(8804,7450,NULL,'Phase - 2, Sector B, Ayodhya Nagar','Bhopal','B-345',NULL,NULL,'462022','',NULL,NULL,'\0',NULL,'storePickUp','storePickUp',NULL,NULL,'2021-01-16 08:24:47',NULL,0.00,'2021-01-16 08:24:47',37,117),(8805,7450,NULL,'Phase - 2, Sector B, Ayodhya Nagar','Bhopal','B-345',NULL,NULL,'462022','',NULL,NULL,'\0',NULL,'priceByDistance','priceByDistance',NULL,'India','2021-01-16 08:25:27',NULL,4.00,'2021-01-16 08:25:27',37,117),(8806,7450,NULL,'Phase - 2, Sector B, Ayodhya Nagar','Bhopal','B-345',NULL,NULL,'462022','',NULL,NULL,'\0',NULL,'storePickUp','storePickUp',NULL,NULL,'2021-01-16 08:25:27',NULL,0.00,'2021-01-16 08:25:27',37,117),(8850,7500,NULL,NULL,'Jabalpur',NULL,NULL,NULL,NULL,'',NULL,NULL,'\0',NULL,'storePickUp','storePickUp',NULL,NULL,'2021-01-16 09:01:23',NULL,0.00,'2021-01-16 09:01:23',37,117),(8851,7500,NULL,'LIG Sector-B, MIG, Sonagiri','Bhopal','345',NULL,NULL,'462022','',NULL,NULL,'\0',NULL,'storePickUp','storePickUp',NULL,NULL,'2021-01-16 09:02:47',NULL,0.00,'2021-01-16 09:02:47',37,NULL),(8852,7501,NULL,NULL,'Jabalpur',NULL,NULL,NULL,NULL,'',NULL,NULL,'\0',NULL,'storePickUp','storePickUp',NULL,NULL,'2021-01-16 09:05:10',NULL,0.00,'2021-01-16 09:05:10',37,117),(8853,7501,NULL,'Piplani Rd, Sector C, Piplani','Bhopal','32',NULL,NULL,'462022','',NULL,NULL,'\0',NULL,'priceByDistance','priceByDistance',NULL,'India','2021-01-16 09:06:23',NULL,26.00,'2021-01-16 09:06:23',37,117),(8854,7501,NULL,'Piplani Rd, Sector C, Piplani','Bhopal','32',NULL,NULL,'462022','',NULL,NULL,'\0',NULL,'storePickUp','storePickUp',NULL,NULL,'2021-01-16 09:06:23',NULL,0.00,'2021-01-16 09:06:23',37,117),(8855,7501,NULL,'Piplani Rd, Sector C, Piplani','Bhopal','32',NULL,NULL,'462022','',NULL,NULL,'\0',NULL,'priceByDistance','priceByDistance',NULL,'India','2021-01-16 09:09:53',NULL,26.00,'2021-01-16 09:09:53',37,117),(8856,7501,NULL,'Piplani Rd, Sector C, Piplani','Bhopal','32',NULL,NULL,'462022','',NULL,NULL,'\0',NULL,'storePickUp','storePickUp',NULL,NULL,'2021-01-16 09:09:53',NULL,0.00,'2021-01-16 09:09:53',37,117),(8857,7502,NULL,NULL,'Indore',NULL,NULL,NULL,NULL,'',NULL,NULL,'\0',NULL,'storePickUp','storePickUp',NULL,NULL,'2021-01-16 10:16:32',NULL,0.00,'2021-01-16 10:16:32',37,117),(8858,7502,NULL,'Bhel Nagar, Chhattisgarh Colony, Prakash Nagar','Bhopal','Ayodhya ',NULL,NULL,'462041','',NULL,NULL,'\0',NULL,'priceByDistance','priceByDistance',NULL,'India','2021-01-16 10:18:53',NULL,12.00,'2021-01-16 10:18:53',37,117),(8859,7502,NULL,'Bhel Nagar, Chhattisgarh Colony, Prakash Nagar','Bhopal','Ayodhya ',NULL,NULL,'462041','',NULL,NULL,'\0',NULL,'storePickUp','storePickUp',NULL,NULL,'2021-01-16 10:18:53',NULL,0.00,'2021-01-16 10:18:53',37,117),(8860,7502,NULL,'Bhel Nagar, Chhattisgarh Colony, Prakash Nagar','Bhopal','Ayodhya ',NULL,NULL,'462041','',NULL,NULL,'\0',NULL,'priceByDistance','priceByDistance',NULL,'India','2021-01-16 10:21:01',NULL,12.00,'2021-01-16 10:21:01',37,117),(8861,7502,NULL,'Bhel Nagar, Chhattisgarh Colony, Prakash Nagar','Bhopal','Ayodhya ',NULL,NULL,'462041','',NULL,NULL,'\0',NULL,'storePickUp','storePickUp',NULL,NULL,'2021-01-16 10:21:01',NULL,0.00,'2021-01-16 10:21:01',37,117),(8862,7503,NULL,NULL,'Raipur',NULL,NULL,NULL,NULL,'',NULL,NULL,'\0',NULL,'storePickUp','storePickUp',NULL,NULL,'2021-01-16 11:17:51',NULL,0.00,'2021-01-16 11:17:51',37,117),(8863,7503,NULL,'Sonagiri, Bhopal, Bhopal','Bhopal','Hig 4',NULL,NULL,'462022','',NULL,NULL,'\0',NULL,'priceByDistance','priceByDistance',NULL,'India','2021-01-16 11:18:32',NULL,17.00,'2021-01-16 11:18:32',37,117),(8864,7503,NULL,'Sonagiri, Bhopal, Bhopal','Bhopal','Hig 4',NULL,NULL,'462022','',NULL,NULL,'\0',NULL,'storePickUp','storePickUp',NULL,NULL,'2021-01-16 11:18:32',NULL,0.00,'2021-01-16 11:18:32',37,117),(8865,7503,NULL,'Sonagiri, Bhopal, Bhopal','Bhopal','Hig 4',NULL,NULL,'462022','',NULL,NULL,'\0',NULL,'priceByDistance','priceByDistance',NULL,'India','2021-01-16 11:20:27',NULL,17.00,'2021-01-16 11:20:27',37,117),(8866,7503,NULL,'Sonagiri, Bhopal, Bhopal','Bhopal','Hig 4',NULL,NULL,'462022','',NULL,NULL,'\0',NULL,'storePickUp','storePickUp',NULL,NULL,'2021-01-16 11:20:27',NULL,0.00,'2021-01-16 11:20:27',37,117),(8900,7551,NULL,'Bharat Nagar, Indrapuri, Bhopal','Bhopal','5677',NULL,NULL,'462022',NULL,NULL,NULL,'\0',NULL,'priceByDistance','priceByDistance',NULL,'India','2021-01-16 17:03:23',NULL,8.00,'2021-01-16 17:03:23',37,117),(8901,7551,NULL,'Bharat Nagar, Indrapuri, Bhopal','Bhopal','5677',NULL,NULL,'462022',NULL,NULL,NULL,'\0',NULL,'storePickUp','storePickUp',NULL,NULL,'2021-01-16 17:03:23',NULL,0.00,'2021-01-16 17:03:23',37,117),(8902,7551,NULL,'Bharat Nagar, Indrapuri, Bhopal','Bhopal','5677',NULL,NULL,'462022','',NULL,NULL,'\0',NULL,'priceByDistance','priceByDistance',NULL,'India','2021-01-16 17:04:40',NULL,8.00,'2021-01-16 17:04:40',37,117),(8903,7551,NULL,'Bharat Nagar, Indrapuri, Bhopal','Bhopal','5677',NULL,NULL,'462022','',NULL,NULL,'\0',NULL,'storePickUp','storePickUp',NULL,NULL,'2021-01-16 17:04:40',NULL,0.00,'2021-01-16 17:04:40',37,117),(8950,7650,NULL,NULL,'Jabalpur',NULL,NULL,NULL,NULL,'',NULL,NULL,'\0',NULL,'storePickUp','storePickUp',NULL,NULL,'2021-01-26 18:01:09',NULL,0.00,'2021-01-26 18:01:09',37,117),(8951,7650,NULL,'Ratnagiri Tiraha, Ashok Vihar, Anandnagar','Bhopal','3452',NULL,NULL,'462022','',NULL,NULL,'\0',NULL,'priceByDistance','priceByDistance',NULL,'India','2021-01-26 18:02:11',NULL,12.00,'2021-01-26 18:02:11',37,117),(8952,7650,NULL,'Ratnagiri Tiraha, Ashok Vihar, Anandnagar','Bhopal','3452',NULL,NULL,'462022','',NULL,NULL,'\0',NULL,'storePickUp','storePickUp',NULL,NULL,'2021-01-26 18:02:11',NULL,0.00,'2021-01-26 18:02:11',37,117),(8953,7650,NULL,'Ratnagiri Tiraha, Ashok Vihar, Anandnagar','Bhopal','3452',NULL,NULL,'462022','',NULL,NULL,'\0',NULL,'priceByDistance','priceByDistance',NULL,'India','2021-01-26 18:02:11',NULL,12.00,'2021-01-26 18:02:11',37,117),(8954,7650,NULL,'Ratnagiri Tiraha, Ashok Vihar, Anandnagar','Bhopal','3452',NULL,NULL,'462022','',NULL,NULL,'\0',NULL,'storePickUp','storePickUp',NULL,NULL,'2021-01-26 18:02:11',NULL,0.00,'2021-01-26 18:02:11',37,117),(8955,7650,NULL,'Rajeev Nagar, Ayodhya Nagar, Bhopal','Bhopal','3452',NULL,NULL,'','',NULL,NULL,'\0',NULL,'storePickUp','storePickUp',NULL,NULL,'2021-01-26 18:02:25',NULL,0.00,'2021-01-26 18:02:25',37,117),(8956,7650,NULL,'Rajeev Nagar, Ayodhya Nagar, Bhopal','Bhopal','3452',NULL,NULL,'4','',NULL,NULL,'\0',NULL,'priceByDistance','priceByDistance',NULL,'India','2021-01-26 18:02:28',NULL,6.00,'2021-01-26 18:02:28',37,117),(8957,7650,NULL,'Rajeev Nagar, Ayodhya Nagar, Bhopal','Bhopal','3452',NULL,NULL,'4','',NULL,NULL,'\0',NULL,'storePickUp','storePickUp',NULL,NULL,'2021-01-26 18:02:28',NULL,0.00,'2021-01-26 18:02:28',37,117),(8958,7650,NULL,'Rajeev Nagar, Ayodhya Nagar, Bhopal','Bhopal','3452',NULL,NULL,'46','',NULL,NULL,'\0',NULL,'priceByDistance','priceByDistance',NULL,'India','2021-01-26 18:02:28',NULL,8.00,'2021-01-26 18:02:28',37,117),(8959,7650,NULL,'Rajeev Nagar, Ayodhya Nagar, Bhopal','Bhopal','3452',NULL,NULL,'46','',NULL,NULL,'\0',NULL,'storePickUp','storePickUp',NULL,NULL,'2021-01-26 18:02:28',NULL,0.00,'2021-01-26 18:02:28',37,117),(8960,7650,NULL,'Rajeev Nagar, Ayodhya Nagar, Bhopal','Bhopal','3452',NULL,NULL,'462','',NULL,NULL,'\0',NULL,'priceByDistance','priceByDistance',NULL,'India','2021-01-26 18:02:30',NULL,3.00,'2021-01-26 18:02:30',37,117),(8961,7650,NULL,'Rajeev Nagar, Ayodhya Nagar, Bhopal','Bhopal','3452',NULL,NULL,'462041','',NULL,NULL,'\0',NULL,'priceByDistance','priceByDistance',NULL,'India','2021-01-26 18:02:30',NULL,6.00,'2021-01-26 18:02:30',37,117),(8962,7650,NULL,'Rajeev Nagar, Ayodhya Nagar, Bhopal','Bhopal','3452',NULL,NULL,'4620','',NULL,NULL,'\0',NULL,'priceByDistance','priceByDistance',NULL,'India','2021-01-26 18:02:30',NULL,6.00,'2021-01-26 18:02:30',37,117),(8963,7650,NULL,'Rajeev Nagar, Ayodhya Nagar, Bhopal','Bhopal','3452',NULL,NULL,'462','',NULL,NULL,'\0',NULL,'storePickUp','storePickUp',NULL,NULL,'2021-01-26 18:02:30',NULL,0.00,'2021-01-26 18:02:30',37,117),(8964,7650,NULL,'Rajeev Nagar, Ayodhya Nagar, Bhopal','Bhopal','3452',NULL,NULL,'462041','',NULL,NULL,'\0',NULL,'storePickUp','storePickUp',NULL,NULL,'2021-01-26 18:02:30',NULL,0.00,'2021-01-26 18:02:30',37,117),(8965,7650,NULL,'Rajeev Nagar, Ayodhya Nagar, Bhopal','Bhopal','3452',NULL,NULL,'4620','',NULL,NULL,'\0',NULL,'storePickUp','storePickUp',NULL,NULL,'2021-01-26 18:02:30',NULL,0.00,'2021-01-26 18:02:30',37,117),(8966,7650,NULL,'Rajeev Nagar, Ayodhya Nagar, Bhopal','Bhopal','3452',NULL,NULL,'46204','',NULL,NULL,'\0',NULL,'priceByDistance','priceByDistance',NULL,'India','2021-01-26 18:02:30',NULL,3.00,'2021-01-26 18:02:30',37,117),(8967,7650,NULL,'Rajeev Nagar, Ayodhya Nagar, Bhopal','Bhopal','3452',NULL,NULL,'46204','',NULL,NULL,'\0',NULL,'storePickUp','storePickUp',NULL,NULL,'2021-01-26 18:02:30',NULL,0.00,'2021-01-26 18:02:30',37,117),(8968,7650,NULL,'Rajeev Nagar, Ayodhya Nagar, Bhopal','Bhopal','3452',NULL,NULL,'462041','',NULL,NULL,'\0',NULL,'priceByDistance','priceByDistance',NULL,'India','2021-01-26 18:02:30',NULL,6.00,'2021-01-26 18:02:30',37,117),(8969,7650,NULL,'Rajeev Nagar, Ayodhya Nagar, Bhopal','Bhopal','3452',NULL,NULL,'462041','',NULL,NULL,'\0',NULL,'storePickUp','storePickUp',NULL,NULL,'2021-01-26 18:02:30',NULL,0.00,'2021-01-26 18:02:30',37,117),(9000,7700,NULL,NULL,'Bhopal',NULL,NULL,NULL,NULL,'',NULL,NULL,'\0',NULL,'storePickUp','storePickUp',NULL,NULL,'2021-01-30 17:56:46',NULL,0.00,'2021-01-30 17:56:46',37,117),(9001,7700,NULL,'Sonagiri, Bhopal, Bhopal','Bhopal','H14',NULL,NULL,'462022','',NULL,NULL,'\0',NULL,'priceByDistance','priceByDistance',NULL,'India','2021-01-30 17:57:35',NULL,17.00,'2021-01-30 17:57:35',37,117),(9002,7700,NULL,'Sonagiri, Bhopal, Bhopal','Bhopal','H14',NULL,NULL,'462022','',NULL,NULL,'\0',NULL,'storePickUp','storePickUp',NULL,NULL,'2021-01-30 17:57:35',NULL,0.00,'2021-01-30 17:57:35',37,117),(9003,7700,NULL,'A Sector, Sonagiri, Bhopal','Bhopal','H14',NULL,NULL,'462022','',NULL,NULL,'\0',NULL,'priceByDistance','priceByDistance',NULL,'India','2021-01-30 17:58:09',NULL,17.00,'2021-01-30 17:58:09',37,117),(9004,7700,NULL,'A Sector, Sonagiri, Bhopal','Bhopal','H14',NULL,NULL,'462022','',NULL,NULL,'\0',NULL,'storePickUp','storePickUp',NULL,NULL,'2021-01-30 17:58:09',NULL,0.00,'2021-01-30 17:58:09',37,117),(9005,7700,NULL,'A Sector, Sonagiri, Bhopal','Bhopal','H14',NULL,NULL,'462022','',NULL,NULL,'\0',NULL,'priceByDistance','priceByDistance',NULL,'India','2021-01-30 17:59:39',NULL,17.00,'2021-01-30 17:59:39',37,117),(9006,7700,NULL,'A Sector, Sonagiri, Bhopal','Bhopal','H14',NULL,NULL,'462022','',NULL,NULL,'\0',NULL,'storePickUp','storePickUp',NULL,NULL,'2021-01-30 17:59:39',NULL,0.00,'2021-01-30 17:59:39',37,117),(9050,7750,NULL,NULL,'Bhopal',NULL,NULL,NULL,NULL,'',NULL,NULL,'\0',NULL,'storePickUp','storePickUp',NULL,NULL,'2021-01-31 13:38:01',NULL,0.00,'2021-01-31 13:38:01',37,117),(9051,7750,NULL,'A Sector, Sonagiri, Bhopal','Bhopal','32',NULL,NULL,'462022','',NULL,NULL,'\0',NULL,'priceByDistance','priceByDistance',NULL,'India','2021-01-31 13:39:22',NULL,17.00,'2021-01-31 13:39:22',37,117),(9052,7750,NULL,'A Sector, Sonagiri, Bhopal','Bhopal','32',NULL,NULL,'462022','',NULL,NULL,'\0',NULL,'storePickUp','storePickUp',NULL,NULL,'2021-01-31 13:39:23',NULL,0.00,'2021-01-31 13:39:23',37,117),(9053,7750,NULL,'A Sector, Sonagiri, Bhopal','Bhopal','32',NULL,NULL,'462022','',NULL,NULL,'\0',NULL,'priceByDistance','priceByDistance',NULL,'India','2021-01-31 13:40:43',NULL,17.00,'2021-01-31 13:40:43',37,117),(9054,7750,NULL,'A Sector, Sonagiri, Bhopal','Bhopal','32',NULL,NULL,'462022','',NULL,NULL,'\0',NULL,'storePickUp','storePickUp',NULL,NULL,'2021-01-31 13:40:43',NULL,0.00,'2021-01-31 13:40:43',37,117),(9055,7751,NULL,NULL,'Bhopal',NULL,NULL,NULL,NULL,'',NULL,NULL,'\0',NULL,'storePickUp','storePickUp',NULL,NULL,'2021-01-31 13:41:28',NULL,0.00,'2021-01-31 13:41:28',37,117),(9056,7751,NULL,'Sagar Avenue, ISRO Colony, Ayodhya Bypass','Bhopal','524B',NULL,NULL,'462041','',NULL,NULL,'\0',NULL,'priceByDistance','priceByDistance',NULL,'India','2021-01-31 13:42:41',NULL,4.00,'2021-01-31 13:42:41',37,117),(9057,7751,NULL,'Sagar Avenue, ISRO Colony, Ayodhya Bypass','Bhopal','524B',NULL,NULL,'462041','',NULL,NULL,'\0',NULL,'storePickUp','storePickUp',NULL,NULL,'2021-01-31 13:42:41',NULL,0.00,'2021-01-31 13:42:41',37,117),(9058,7751,NULL,'Gandhi Market, , ','','524B',NULL,NULL,'462022','',NULL,NULL,'\0',NULL,'priceByDistance','priceByDistance',NULL,'India','2021-01-31 13:43:08',NULL,23.00,'2021-01-31 13:43:08',37,117),(9059,7751,NULL,'Gandhi Market, , ','','524B',NULL,NULL,'462022','',NULL,NULL,'\0',NULL,'storePickUp','storePickUp',NULL,NULL,'2021-01-31 13:43:08',NULL,0.00,'2021-01-31 13:43:08',37,117),(9100,7800,NULL,NULL,'Bhopal',NULL,NULL,NULL,NULL,'',NULL,NULL,'\0',NULL,'storePickUp','storePickUp',NULL,NULL,'2021-01-31 14:35:14',NULL,0.00,'2021-01-31 14:35:14',37,117),(9101,7800,NULL,'Ankur Complex, Main Rd 1, 6 Number Bus Stop','Bhopal','F-24',NULL,NULL,'462016','',NULL,NULL,'\0',NULL,'priceByDistance','priceByDistance',NULL,'India','2021-01-31 14:35:58',NULL,44.00,'2021-01-31 14:35:58',37,117),(9102,7800,NULL,'Ankur Complex, Main Rd 1, 6 Number Bus Stop','Bhopal','F-24',NULL,NULL,'462016','',NULL,NULL,'\0',NULL,'storePickUp','storePickUp',NULL,NULL,'2021-01-31 14:35:58',NULL,0.00,'2021-01-31 14:35:58',37,117),(9103,7801,NULL,NULL,'Bhopal',NULL,NULL,NULL,NULL,'',NULL,NULL,'\0',NULL,'storePickUp','storePickUp',NULL,NULL,'2021-01-31 14:41:51',NULL,0.00,'2021-01-31 14:41:51',37,117),(9104,7801,NULL,'Sector- 9/A Saket Nagar, Habib Ganj, Bhopal','Bhopal','F23',NULL,NULL,'462024','',NULL,NULL,'\0',NULL,'priceByDistance','priceByDistance',NULL,'India','2021-01-31 14:43:57',NULL,42.00,'2021-01-31 14:43:57',37,117),(9105,7801,NULL,'Sector- 9/A Saket Nagar, Habib Ganj, Bhopal','Bhopal','F23',NULL,NULL,'462024','',NULL,NULL,'\0',NULL,'storePickUp','storePickUp',NULL,NULL,'2021-01-31 14:43:57',NULL,0.00,'2021-01-31 14:43:57',37,117),(9106,7801,NULL,'Sector- 9/A Saket Nagar, Habib Ganj, Bhopal','Bhopal','F23',NULL,NULL,'462024','',NULL,NULL,'\0',NULL,'priceByDistance','priceByDistance',NULL,'India','2021-01-31 14:45:18',NULL,42.00,'2021-01-31 14:45:18',37,117),(9107,7801,NULL,'Sector- 9/A Saket Nagar, Habib Ganj, Bhopal','Bhopal','F23',NULL,NULL,'462024','',NULL,NULL,'\0',NULL,'storePickUp','storePickUp',NULL,NULL,'2021-01-31 14:45:18',NULL,0.00,'2021-01-31 14:45:18',37,117),(9150,7850,NULL,NULL,'Bhopal',NULL,NULL,NULL,NULL,'',NULL,NULL,'\0',NULL,'storePickUp','storePickUp',NULL,NULL,'2021-02-03 08:37:35',NULL,0.00,'2021-02-03 08:37:35',37,117),(9151,7850,NULL,'Indrapuri A sector, Sector A, Indrapuri','Bhopal','F35',NULL,NULL,'462022','',NULL,NULL,'\0',NULL,'priceByDistance','priceByDistance',NULL,'India','2021-02-03 08:38:39',NULL,13.00,'2021-02-03 08:38:39',37,117),(9152,7850,NULL,'Indrapuri A sector, Sector A, Indrapuri','Bhopal','F35',NULL,NULL,'462022','',NULL,NULL,'\0',NULL,'storePickUp','storePickUp',NULL,NULL,'2021-02-03 08:38:39',NULL,0.00,'2021-02-03 08:38:39',37,117),(9153,7850,NULL,'Minal Residency Water Tank - 1, Minal & New Minal Residency, Minal Residency','Bhopal','F35',NULL,NULL,'462023','',NULL,NULL,'\0',NULL,'priceByDistance','priceByDistance',NULL,'India','2021-02-03 08:39:06',NULL,11.00,'2021-02-03 08:39:06',37,117),(9154,7850,NULL,'Minal Residency Water Tank - 1, Minal & New Minal Residency, Minal Residency','Bhopal','F35',NULL,NULL,'462023','',NULL,NULL,'\0',NULL,'storePickUp','storePickUp',NULL,NULL,'2021-02-03 08:39:06',NULL,0.00,'2021-02-03 08:39:06',37,117),(9155,7850,NULL,'Minal Residency Water Tank - 1, Minal & New Minal Residency, Minal Residency','Bhopal','F35',NULL,NULL,'462023','',NULL,NULL,'\0',NULL,'priceByDistance','priceByDistance',NULL,'India','2021-02-03 08:41:06',NULL,11.00,'2021-02-03 08:41:06',37,117),(9156,7850,NULL,'Minal Residency Water Tank - 1, Minal & New Minal Residency, Minal Residency','Bhopal','F35',NULL,NULL,'462023','',NULL,NULL,'\0',NULL,'storePickUp','storePickUp',NULL,NULL,'2021-02-03 08:41:06',NULL,0.00,'2021-02-03 08:41:06',37,117),(9200,7900,NULL,NULL,'Bhopal',NULL,NULL,NULL,NULL,'',NULL,NULL,'\0',NULL,'storePickUp','storePickUp',NULL,NULL,'2021-02-04 03:11:48',NULL,0.00,'2021-02-04 03:11:48',37,117),(9201,7900,NULL,'Minal Complex, JK Rd, Minal Residency','Bhopal','F345',NULL,NULL,'462023','',NULL,NULL,'\0',NULL,'priceByDistance','priceByDistance',NULL,'India','2021-02-04 03:14:03',NULL,11.00,'2021-02-04 03:14:03',37,117),(9202,7900,NULL,'Minal Complex, JK Rd, Minal Residency','Bhopal','F345',NULL,NULL,'462023','',NULL,NULL,'\0',NULL,'storePickUp','storePickUp',NULL,NULL,'2021-02-04 03:14:03',NULL,0.00,'2021-02-04 03:14:03',37,117),(9203,7900,NULL,'Minal Complex, JK Rd, Minal Residency','Bhopal','F345',NULL,NULL,'462023','',NULL,NULL,'\0',NULL,'priceByDistance','priceByDistance',NULL,'India','2021-02-04 03:16:40',NULL,11.00,'2021-02-04 03:16:40',37,117),(9204,7900,NULL,'Minal Complex, JK Rd, Minal Residency','Bhopal','F345',NULL,NULL,'462023','',NULL,NULL,'\0',NULL,'storePickUp','storePickUp',NULL,NULL,'2021-02-04 03:16:40',NULL,0.00,'2021-02-04 03:16:40',37,117),(9250,7950,NULL,NULL,'Delhi',NULL,NULL,NULL,NULL,'',NULL,NULL,'\0',NULL,'storePickUp','storePickUp',NULL,NULL,'2021-02-05 08:45:32',NULL,0.00,'2021-02-05 08:45:32',37,117),(9251,7950,NULL,'A Sector, Sonagiri, Bhopal','Bhopal','Janta Shop',NULL,NULL,'462022','',NULL,NULL,'\0',NULL,'priceByDistance','priceByDistance',NULL,'India','2021-02-05 08:45:59',NULL,17.00,'2021-02-05 08:45:59',37,117),(9252,7950,NULL,'A Sector, Sonagiri, Bhopal','Bhopal','Janta Shop',NULL,NULL,'462022','',NULL,NULL,'\0',NULL,'priceByDistance','priceByDistance',NULL,'India','2021-02-05 08:45:59',NULL,17.00,'2021-02-05 08:45:59',37,117),(9253,7950,NULL,'A Sector, Sonagiri, Bhopal','Bhopal','Janta Shop',NULL,NULL,'462022','',NULL,NULL,'\0',NULL,'storePickUp','storePickUp',NULL,NULL,'2021-02-05 08:45:59',NULL,0.00,'2021-02-05 08:45:59',37,117),(9254,7950,NULL,'A Sector, Sonagiri, Bhopal','Bhopal','Janta Shop',NULL,NULL,'462022','',NULL,NULL,'\0',NULL,'storePickUp','storePickUp',NULL,NULL,'2021-02-05 08:45:59',NULL,0.00,'2021-02-05 08:45:59',37,117),(9255,7950,NULL,'A Sector, Sonagiri, Bhopal','Bhopal','Janta Shop',NULL,NULL,'462022','',NULL,NULL,'\0',NULL,'priceByDistance','priceByDistance',NULL,'India','2021-02-05 08:46:31',NULL,17.00,'2021-02-05 08:46:31',37,117),(9256,7950,NULL,'A Sector, Sonagiri, Bhopal','Bhopal','Janta Shop',NULL,NULL,'462022','',NULL,NULL,'\0',NULL,'storePickUp','storePickUp',NULL,NULL,'2021-02-05 08:46:31',NULL,0.00,'2021-02-05 08:46:31',37,117),(9300,8050,NULL,NULL,'Bhopal',NULL,NULL,NULL,NULL,'',NULL,NULL,'\0',NULL,'storePickUp','storePickUp',NULL,NULL,'2021-02-13 06:39:45',NULL,0.00,'2021-02-13 06:39:45',37,117),(9350,8000,NULL,NULL,'Bhopal',NULL,NULL,NULL,NULL,'',NULL,NULL,'\0',NULL,'storePickUp','storePickUp',NULL,NULL,'2021-02-13 11:00:49',NULL,0.00,'2021-02-13 11:00:49',37,117),(9351,8000,NULL,'Vrindavan Nagar, Rajeev Nagar, Ayodhya Bypass','Bhopal','F-45',NULL,NULL,'462041','',NULL,NULL,'\0',NULL,'priceByDistance','priceByDistance',NULL,'India','2021-02-13 11:01:34',NULL,6.00,'2021-02-13 11:01:34',37,117),(9352,8000,NULL,'Vrindavan Nagar, Rajeev Nagar, Ayodhya Bypass','Bhopal','F-45',NULL,NULL,'462041','',NULL,NULL,'\0',NULL,'storePickUp','storePickUp',NULL,NULL,'2021-02-13 11:01:34',NULL,0.00,'2021-02-13 11:01:34',37,117),(9353,8000,NULL,'Vrindavan Nagar, Rajeev Nagar, Ayodhya Bypass','Bhopal','F-45',NULL,NULL,'462041','',NULL,NULL,'\0',NULL,'priceByDistance','priceByDistance',NULL,'India','2021-02-13 11:02:49',NULL,6.00,'2021-02-13 11:02:49',37,117),(9354,8000,NULL,'Vrindavan Nagar, Rajeev Nagar, Ayodhya Bypass','Bhopal','F-45',NULL,NULL,'462041','',NULL,NULL,'\0',NULL,'storePickUp','storePickUp',NULL,NULL,'2021-02-13 11:02:49',NULL,0.00,'2021-02-13 11:02:49',37,117),(9355,8100,NULL,NULL,'Bhopal',NULL,NULL,NULL,NULL,'',NULL,NULL,'\0',NULL,'storePickUp','storePickUp',NULL,NULL,'2021-02-13 12:00:30',NULL,0.00,'2021-02-13 12:00:30',37,117),(9356,8100,NULL,'A Sector, Sonagiri, Bhopal','Bhopal','F-456',NULL,NULL,'462022','',NULL,NULL,'\0',NULL,'priceByDistance','priceByDistance',NULL,'India','2021-02-13 12:01:32',NULL,9.00,'2021-02-13 12:01:32',37,117),(9357,8100,NULL,'A Sector, Sonagiri, Bhopal','Bhopal','F-456',NULL,NULL,'462022','',NULL,NULL,'\0',NULL,'storePickUp','storePickUp',NULL,NULL,'2021-02-13 12:01:32',NULL,0.00,'2021-02-13 12:01:32',37,117),(9358,8100,NULL,'Indrapuri C sector, Sector C, Indrapuri','Bhopal','F-456',NULL,NULL,'462022','',NULL,NULL,'\0',NULL,'priceByDistance','priceByDistance',NULL,'India','2021-02-13 12:02:02',NULL,11.00,'2021-02-13 12:02:02',37,117),(9359,8100,NULL,'Indrapuri C sector, Sector C, Indrapuri','Bhopal','F-456',NULL,NULL,'462022','',NULL,NULL,'\0',NULL,'storePickUp','storePickUp',NULL,NULL,'2021-02-13 12:02:02',NULL,0.00,'2021-02-13 12:02:02',37,117),(9360,8100,NULL,'Indrapuri C sector, Sector C, Indrapuri','Bhopal','F-456',NULL,NULL,'462022','',NULL,NULL,'\0',NULL,'priceByDistance','priceByDistance',NULL,'India','2021-02-13 12:03:56',NULL,11.00,'2021-02-13 12:03:56',37,117),(9361,8100,NULL,'Indrapuri C sector, Sector C, Indrapuri','Bhopal','F-456',NULL,NULL,'462022','',NULL,NULL,'\0',NULL,'storePickUp','storePickUp',NULL,NULL,'2021-02-13 12:03:56',NULL,0.00,'2021-02-13 12:03:56',37,117),(9400,8151,NULL,NULL,'Bhopal',NULL,NULL,NULL,NULL,'',NULL,NULL,'\0',NULL,'storePickUp','storePickUp',NULL,NULL,'2021-02-13 13:32:20',NULL,0.00,'2021-02-13 13:32:20',37,117),(9401,8151,NULL,'Sonagiri, Bhopal, Bhopal','Bhopal','Hig 4',NULL,NULL,'462022','',NULL,NULL,'\0',NULL,'priceByDistance','priceByDistance',NULL,'India','2021-02-13 13:32:28',NULL,9.00,'2021-02-13 13:32:28',37,117),(9402,8151,NULL,'Sonagiri, Bhopal, Bhopal','Bhopal','Hig 4',NULL,NULL,'462022','',NULL,NULL,'\0',NULL,'storePickUp','storePickUp',NULL,NULL,'2021-02-13 13:32:28',NULL,0.00,'2021-02-13 13:32:28',37,117),(9403,8151,NULL,'Sonagiri, Bhopal, Bhopal','Bhopal','Hig 4',NULL,NULL,'462022','',NULL,NULL,'\0',NULL,'priceByDistance','priceByDistance',NULL,'India','2021-02-13 13:32:28',NULL,9.00,'2021-02-13 13:32:28',37,117),(9404,8151,NULL,'Sonagiri, Bhopal, Bhopal','Bhopal','Hig 4',NULL,NULL,'462022','',NULL,NULL,'\0',NULL,'storePickUp','storePickUp',NULL,NULL,'2021-02-13 13:32:28',NULL,0.00,'2021-02-13 13:32:28',37,117),(9405,8151,NULL,'Sonagiri, Bhopal, Bhopal','Bhopal','Hig 4',NULL,NULL,'462022','',NULL,NULL,'\0',NULL,'priceByDistance','priceByDistance',NULL,'India','2021-02-13 13:33:15',NULL,9.00,'2021-02-13 13:33:15',37,117),(9406,8151,NULL,'Sonagiri, Bhopal, Bhopal','Bhopal','Hig 4',NULL,NULL,'462022','',NULL,NULL,'\0',NULL,'storePickUp','storePickUp',NULL,NULL,'2021-02-13 13:33:15',NULL,0.00,'2021-02-13 13:33:15',37,117),(9450,8250,NULL,NULL,'Bhopal',NULL,NULL,NULL,NULL,'',NULL,NULL,'\0',NULL,'storePickUp','storePickUp',NULL,NULL,'2021-02-16 10:12:01',NULL,0.00,'2021-02-16 10:12:01',37,117),(9451,8250,NULL,'Vrindavan Nagar, Rajeev Nagar, Ayodhya Bypass','Bhopal','32',NULL,NULL,'462041','',NULL,NULL,'\0',NULL,'priceByDistance','priceByDistance',NULL,'India','2021-02-16 10:12:30',NULL,18.00,'2021-02-16 10:12:30',37,117),(9452,8250,NULL,'Vrindavan Nagar, Rajeev Nagar, Ayodhya Bypass','Bhopal','32',NULL,NULL,'462041','',NULL,NULL,'\0',NULL,'storePickUp','storePickUp',NULL,NULL,'2021-02-16 10:12:30',NULL,0.00,'2021-02-16 10:12:30',37,117),(9453,8250,NULL,'Vrindavan Nagar, Rajeev Nagar, Ayodhya Bypass','Bhopal','32',NULL,NULL,'462041','',NULL,NULL,'\0',NULL,'priceByDistance','priceByDistance',NULL,'India','2021-02-16 10:13:56',NULL,18.00,'2021-02-16 10:13:56',37,117),(9454,8250,NULL,'Vrindavan Nagar, Rajeev Nagar, Ayodhya Bypass','Bhopal','32',NULL,NULL,'462041','',NULL,NULL,'\0',NULL,'storePickUp','storePickUp',NULL,NULL,'2021-02-16 10:13:56',NULL,0.00,'2021-02-16 10:13:56',37,117),(9455,8252,NULL,NULL,'Bhopal',NULL,NULL,NULL,NULL,'',NULL,NULL,'\0',NULL,'storePickUp','storePickUp',NULL,NULL,'2021-02-16 10:25:26',NULL,0.00,'2021-02-16 10:25:26',37,117),(9456,8252,NULL,'Phase - 2, Sector B, Ayodhya Nagar','Bhopal','B-345',NULL,NULL,'462022','',NULL,NULL,'\0',NULL,'priceByDistance','priceByDistance',NULL,'India','2021-02-16 10:25:37',NULL,23.00,'2021-02-16 10:25:37',37,117),(9457,8252,NULL,'Phase - 2, Sector B, Ayodhya Nagar','Bhopal','B-345',NULL,NULL,'462022','',NULL,NULL,'\0',NULL,'storePickUp','storePickUp',NULL,NULL,'2021-02-16 10:25:37',NULL,0.00,'2021-02-16 10:25:37',37,117),(9458,8252,NULL,'Phase - 2, Sector B, Ayodhya Nagar','Bhopal','B-345',NULL,NULL,'462022','',NULL,NULL,'\0',NULL,'priceByDistance','priceByDistance',NULL,'India','2021-02-16 10:25:37',NULL,23.00,'2021-02-16 10:25:37',37,117),(9459,8252,NULL,'Phase - 2, Sector B, Ayodhya Nagar','Bhopal','B-345',NULL,NULL,'462022','',NULL,NULL,'\0',NULL,'storePickUp','storePickUp',NULL,NULL,'2021-02-16 10:25:37',NULL,0.00,'2021-02-16 10:25:37',37,117),(9460,8252,NULL,'Phase - 2, Sector B, Ayodhya Nagar','Bhopal','B-345',NULL,NULL,'462022','',NULL,NULL,'\0',NULL,'priceByDistance','priceByDistance',NULL,'India','2021-02-16 10:26:33',NULL,23.00,'2021-02-16 10:26:33',37,117),(9461,8252,NULL,'Phase - 2, Sector B, Ayodhya Nagar','Bhopal','B-345',NULL,NULL,'462022','',NULL,NULL,'\0',NULL,'storePickUp','storePickUp',NULL,NULL,'2021-02-16 10:26:33',NULL,0.00,'2021-02-16 10:26:33',37,117),(9500,8300,NULL,NULL,'Bhopal',NULL,NULL,NULL,NULL,'',NULL,NULL,'\0',NULL,'storePickUp','storePickUp',NULL,NULL,'2021-02-16 10:52:52',NULL,0.00,'2021-02-16 10:52:52',37,117),(9501,8300,NULL,'Phase - 2, Sector B, Ayodhya Nagar','Bhopal','B-345',NULL,NULL,'462022','',NULL,NULL,'\0',NULL,'priceByDistance','priceByDistance',NULL,'India','2021-02-16 10:53:03',NULL,23.00,'2021-02-16 10:53:03',37,117),(9502,8300,NULL,'Phase - 2, Sector B, Ayodhya Nagar','Bhopal','B-345',NULL,NULL,'462022','',NULL,NULL,'\0',NULL,'priceByDistance','priceByDistance',NULL,'India','2021-02-16 10:53:03',NULL,23.00,'2021-02-16 10:53:03',37,117),(9503,8300,NULL,'Phase - 2, Sector B, Ayodhya Nagar','Bhopal','B-345',NULL,NULL,'462022','',NULL,NULL,'\0',NULL,'storePickUp','storePickUp',NULL,NULL,'2021-02-16 10:53:03',NULL,0.00,'2021-02-16 10:53:03',37,117),(9504,8300,NULL,'Phase - 2, Sector B, Ayodhya Nagar','Bhopal','B-345',NULL,NULL,'462022','',NULL,NULL,'\0',NULL,'storePickUp','storePickUp',NULL,NULL,'2021-02-16 10:53:03',NULL,0.00,'2021-02-16 10:53:03',37,117),(9505,8300,NULL,'Phase - 2, Sector B, Ayodhya Nagar','Bhopal','B-345',NULL,NULL,'462022','',NULL,NULL,'\0',NULL,'priceByDistance','priceByDistance',NULL,'India','2021-02-16 10:53:22',NULL,23.00,'2021-02-16 10:53:22',37,117),(9506,8300,NULL,'Phase - 2, Sector B, Ayodhya Nagar','Bhopal','B-345',NULL,NULL,'462022','',NULL,NULL,'\0',NULL,'storePickUp','storePickUp',NULL,NULL,'2021-02-16 10:53:22',NULL,0.00,'2021-02-16 10:53:22',37,117),(9507,8300,NULL,'Phase - 2, Sector B, Ayodhya Nagar','Bhopal','B-345',NULL,NULL,'462022','',NULL,NULL,'\0',NULL,'priceByDistance','priceByDistance',NULL,'India','2021-02-16 10:53:53',NULL,23.00,'2021-02-16 10:53:53',37,117),(9508,8300,NULL,'Phase - 2, Sector B, Ayodhya Nagar','Bhopal','B-345',NULL,NULL,'462022','',NULL,NULL,'\0',NULL,'storePickUp','storePickUp',NULL,NULL,'2021-02-16 10:53:53',NULL,0.00,'2021-02-16 10:53:53',37,117),(9509,8301,NULL,NULL,'Bhopal',NULL,NULL,NULL,NULL,'',NULL,NULL,'\0',NULL,'storePickUp','storePickUp',NULL,NULL,'2021-02-16 11:02:09',NULL,0.00,'2021-02-16 11:02:09',37,117),(9510,8301,NULL,'Vrindavan Nagar, Rajeev Nagar, Ayodhya Bypass','Bhopal','F235',NULL,NULL,'462041','',NULL,NULL,'\0',NULL,'priceByDistance','priceByDistance',NULL,'India','2021-02-16 11:02:54',NULL,18.00,'2021-02-16 11:02:54',37,117),(9511,8301,NULL,'Vrindavan Nagar, Rajeev Nagar, Ayodhya Bypass','Bhopal','F235',NULL,NULL,'462041','',NULL,NULL,'\0',NULL,'storePickUp','storePickUp',NULL,NULL,'2021-02-16 11:02:54',NULL,0.00,'2021-02-16 11:02:54',37,117),(9512,8301,NULL,'Vrindavan Nagar, Rajeev Nagar, Ayodhya Bypass','Bhopal','F235',NULL,NULL,'462041','',NULL,NULL,'\0',NULL,'priceByDistance','priceByDistance',NULL,'India','2021-02-16 11:04:21',NULL,18.00,'2021-02-16 11:04:21',37,117),(9513,8301,NULL,'Vrindavan Nagar, Rajeev Nagar, Ayodhya Bypass','Bhopal','F235',NULL,NULL,'462041','',NULL,NULL,'\0',NULL,'storePickUp','storePickUp',NULL,NULL,'2021-02-16 11:04:21',NULL,0.00,'2021-02-16 11:04:21',37,117),(9550,8350,NULL,NULL,'Bhopal',NULL,NULL,NULL,NULL,'',NULL,NULL,'\0',NULL,'storePickUp','storePickUp',NULL,NULL,'2021-02-16 11:23:33',NULL,0.00,'2021-02-16 11:23:33',37,117),(9551,8350,NULL,'Abhinav Homes Phase II, Ayodhya Nagar, Bhopal','Bhopal','342',NULL,NULL,'462041','',NULL,NULL,'\0',NULL,'priceByDistance','priceByDistance',NULL,'India','2021-02-16 11:24:08',NULL,22.00,'2021-02-16 11:24:08',37,117),(9552,8350,NULL,'Abhinav Homes Phase II, Ayodhya Nagar, Bhopal','Bhopal','342',NULL,NULL,'462041','',NULL,NULL,'\0',NULL,'storePickUp','storePickUp',NULL,NULL,'2021-02-16 11:24:08',NULL,0.00,'2021-02-16 11:24:08',37,117),(9553,8350,NULL,'Abhinav Homes Phase II, Ayodhya Nagar, Bhopal','Bhopal','342',NULL,NULL,'462041','',NULL,NULL,'\0',NULL,'priceByDistance','priceByDistance',NULL,'India','2021-02-16 11:25:47',NULL,22.00,'2021-02-16 11:25:47',37,117),(9554,8350,NULL,'Abhinav Homes Phase II, Ayodhya Nagar, Bhopal','Bhopal','342',NULL,NULL,'462041','',NULL,NULL,'\0',NULL,'storePickUp','storePickUp',NULL,NULL,'2021-02-16 11:25:47',NULL,0.00,'2021-02-16 11:25:47',37,117),(9555,8351,NULL,NULL,'Bhopal',NULL,NULL,NULL,NULL,'',NULL,NULL,'\0',NULL,'storePickUp','storePickUp',NULL,NULL,'2021-02-16 11:29:47',NULL,0.00,'2021-02-16 11:29:47',37,117),(9556,8352,NULL,NULL,'Bhopal',NULL,NULL,NULL,NULL,'',NULL,NULL,'\0',NULL,'storePickUp','storePickUp',NULL,NULL,'2021-02-16 11:30:42',NULL,0.00,'2021-02-16 11:30:42',37,117),(9557,8352,NULL,'Abhinav Homes Phase II, Ayodhya Nagar, Bhopal','Bhopal','32',NULL,NULL,'462041','',NULL,NULL,'\0',NULL,'priceByDistance','priceByDistance',NULL,'India','2021-02-16 11:31:18',NULL,22.00,'2021-02-16 11:31:18',37,117),(9558,8352,NULL,'Abhinav Homes Phase II, Ayodhya Nagar, Bhopal','Bhopal','32',NULL,NULL,'462041','',NULL,NULL,'\0',NULL,'storePickUp','storePickUp',NULL,NULL,'2021-02-16 11:31:18',NULL,0.00,'2021-02-16 11:31:18',37,117),(9600,8351,NULL,NULL,'Bhopal',NULL,NULL,NULL,NULL,'',NULL,NULL,'\0',NULL,'storePickUp','storePickUp',NULL,NULL,'2021-02-16 17:35:37',NULL,0.00,'2021-02-16 17:35:37',37,117),(9601,8351,NULL,'Abhinav Homes Phase 4, ISRO Colony, Ayodhya Nagar','Bhopal','32',NULL,NULL,'462041','',NULL,NULL,'\0',NULL,'priceByDistance','priceByDistance',NULL,'India','2021-02-16 17:36:17',NULL,25.00,'2021-02-16 17:36:17',37,117),(9602,8351,NULL,'Abhinav Homes Phase 4, ISRO Colony, Ayodhya Nagar','Bhopal','32',NULL,NULL,'462041','',NULL,NULL,'\0',NULL,'storePickUp','storePickUp',NULL,NULL,'2021-02-16 17:36:17',NULL,0.00,'2021-02-16 17:36:17',37,117),(9603,8351,NULL,'Abhinav Homes Phase II, Ayodhya Nagar, Bhopal','Bhopal','32',NULL,NULL,'462041','',NULL,NULL,'\0',NULL,'priceByDistance','priceByDistance',NULL,'India','2021-02-16 17:36:41',NULL,22.00,'2021-02-16 17:36:41',37,117),(9604,8351,NULL,'Abhinav Homes Phase II, Ayodhya Nagar, Bhopal','Bhopal','32',NULL,NULL,'462041','',NULL,NULL,'\0',NULL,'storePickUp','storePickUp',NULL,NULL,'2021-02-16 17:36:41',NULL,0.00,'2021-02-16 17:36:41',37,117),(9605,8351,NULL,'B Sector, Piplani, BHEL','Bhopal','32',NULL,NULL,'462022','',NULL,NULL,'\0',NULL,'priceByDistance','priceByDistance',NULL,'India','2021-02-16 17:37:53',NULL,6.00,'2021-02-16 17:37:53',37,117),(9606,8351,NULL,'B Sector, Piplani, BHEL','Bhopal','32',NULL,NULL,'462022','',NULL,NULL,'\0',NULL,'storePickUp','storePickUp',NULL,NULL,'2021-02-16 17:37:53',NULL,0.00,'2021-02-16 17:37:53',37,117),(9607,8351,NULL,'B Sector, Piplani, BHEL','Bhopal','32',NULL,NULL,'462022','',NULL,NULL,'\0',NULL,'priceByDistance','priceByDistance',NULL,'India','2021-02-16 17:38:18',NULL,6.00,'2021-02-16 17:38:18',37,117),(9608,8351,NULL,'B Sector, Piplani, BHEL','Bhopal','32',NULL,NULL,'462022','',NULL,NULL,'\0',NULL,'storePickUp','storePickUp',NULL,NULL,'2021-02-16 17:38:18',NULL,0.00,'2021-02-16 17:38:18',37,117),(9609,8351,NULL,'LIG Sector-B, Piplani, BHEL','Bhopal','32',NULL,NULL,'462022','',NULL,NULL,'\0',NULL,'priceByDistance','priceByDistance',NULL,'India','2021-02-16 17:38:41',NULL,9.00,'2021-02-16 17:38:41',37,117),(9610,8351,NULL,'LIG Sector-B, Piplani, BHEL','Bhopal','32',NULL,NULL,'462022','',NULL,NULL,'\0',NULL,'storePickUp','storePickUp',NULL,NULL,'2021-02-16 17:38:41',NULL,0.00,'2021-02-16 17:38:41',37,117),(9611,8351,NULL,'Piplani Gurudwara Square, Sector A, Berkheda','Bhopal','32',NULL,NULL,'462022','',NULL,NULL,'\0',NULL,'priceByDistance','priceByDistance',NULL,'India','2021-02-16 17:39:52',NULL,7.00,'2021-02-16 17:39:52',37,117),(9612,8351,NULL,'Piplani Gurudwara Square, Sector A, Berkheda','Bhopal','32',NULL,NULL,'462022','',NULL,NULL,'\0',NULL,'storePickUp','storePickUp',NULL,NULL,'2021-02-16 17:39:52',NULL,0.00,'2021-02-16 17:39:52',37,117),(9613,8351,NULL,'Indrapuri B Sector, Sector B, Indrapuri','Bhopal','32',NULL,NULL,'462022','',NULL,NULL,'\0',NULL,'priceByDistance','priceByDistance',NULL,'India','2021-02-16 17:40:19',NULL,12.00,'2021-02-16 17:40:19',37,117),(9614,8351,NULL,'Indrapuri B Sector, Sector B, Indrapuri','Bhopal','32',NULL,NULL,'462022','',NULL,NULL,'\0',NULL,'storePickUp','storePickUp',NULL,NULL,'2021-02-16 17:40:19',NULL,0.00,'2021-02-16 17:40:19',37,117),(9615,8351,NULL,'A Sector, Sonagiri, Bhopal','Bhopal','32',NULL,NULL,'462022','',NULL,NULL,'\0',NULL,'priceByDistance','priceByDistance',NULL,'India','2021-02-16 17:40:39',NULL,9.00,'2021-02-16 17:40:39',37,117),(9616,8351,NULL,'A Sector, Sonagiri, Bhopal','Bhopal','32',NULL,NULL,'462022','',NULL,NULL,'\0',NULL,'storePickUp','storePickUp',NULL,NULL,'2021-02-16 17:40:39',NULL,0.00,'2021-02-16 17:40:39',37,117),(9617,8351,NULL,'LIG Sector-B, MIG, Sonagiri','Bhopal','32',NULL,NULL,'462022','',NULL,NULL,'\0',NULL,'priceByDistance','priceByDistance',NULL,'India','2021-02-16 17:41:06',NULL,9.00,'2021-02-16 17:41:06',37,117),(9618,8351,NULL,'LIG Sector-B, MIG, Sonagiri','Bhopal','32',NULL,NULL,'462022','',NULL,NULL,'\0',NULL,'storePickUp','storePickUp',NULL,NULL,'2021-02-16 17:41:06',NULL,0.00,'2021-02-16 17:41:06',37,117),(9619,8351,NULL,'LIG Sector-B, MIG, Sonagiri','Bhopal','32',NULL,NULL,'462022','',NULL,NULL,'\0',NULL,'priceByDistance','priceByDistance',NULL,'India','2021-02-16 17:41:51',NULL,9.00,'2021-02-16 17:41:51',37,117),(9620,8351,NULL,'LIG Sector-B, MIG, Sonagiri','Bhopal','32',NULL,NULL,'462022','',NULL,NULL,'\0',NULL,'storePickUp','storePickUp',NULL,NULL,'2021-02-16 17:41:51',NULL,0.00,'2021-02-16 17:41:51',37,117),(9621,8351,NULL,'Chhattisgarh Colony, Prakash Nagar, Ayodhya Nagar','Bhopal','32',NULL,NULL,'462041','',NULL,NULL,'\0',NULL,'priceByDistance','priceByDistance',NULL,'India','2021-02-16 17:42:41',NULL,16.00,'2021-02-16 17:42:41',37,117),(9622,8351,NULL,'Chhattisgarh Colony, Prakash Nagar, Ayodhya Nagar','Bhopal','32',NULL,NULL,'462041','',NULL,NULL,'\0',NULL,'storePickUp','storePickUp',NULL,NULL,'2021-02-16 17:42:41',NULL,0.00,'2021-02-16 17:42:41',37,117),(9623,8351,NULL,'Chhatrapati Nagar, Narela Shankri, Ayodhya Nagar','Bhopal','32',NULL,NULL,'4','',NULL,NULL,'\0',NULL,'priceByDistance','priceByDistance',NULL,'India','2021-02-16 17:43:38',NULL,27.00,'2021-02-16 17:43:38',37,117),(9624,8351,NULL,'Chhatrapati Nagar, Narela Shankri, Ayodhya Nagar','Bhopal','32',NULL,NULL,'4','',NULL,NULL,'\0',NULL,'storePickUp','storePickUp',NULL,NULL,'2021-02-16 17:43:38',NULL,0.00,'2021-02-16 17:43:38',37,117),(9625,8351,NULL,'Chhatrapati Nagar, Narela Shankri, Ayodhya Nagar','Bhopal','32',NULL,NULL,'46','',NULL,NULL,'\0',NULL,'priceByDistance','priceByDistance',NULL,'India','2021-02-16 17:43:39',NULL,25.00,'2021-02-16 17:43:39',37,117),(9626,8351,NULL,'Chhatrapati Nagar, Narela Shankri, Ayodhya Nagar','Bhopal','32',NULL,NULL,'46','',NULL,NULL,'\0',NULL,'storePickUp','storePickUp',NULL,NULL,'2021-02-16 17:43:39',NULL,0.00,'2021-02-16 17:43:39',37,117),(9627,8351,NULL,'Chhatrapati Nagar, Narela Shankri, Ayodhya Nagar','Bhopal','32',NULL,NULL,'462','',NULL,NULL,'\0',NULL,'priceByDistance','priceByDistance',NULL,'India','2021-02-16 17:43:42',NULL,25.00,'2021-02-16 17:43:42',37,117),(9628,8351,NULL,'Chhatrapati Nagar, Narela Shankri, Ayodhya Nagar','Bhopal','32',NULL,NULL,'462','',NULL,NULL,'\0',NULL,'storePickUp','storePickUp',NULL,NULL,'2021-02-16 17:43:42',NULL,0.00,'2021-02-16 17:43:42',37,117),(9629,8351,NULL,'Chhatrapati Nagar, Narela Shankri, Ayodhya Nagar','Bhopal','32',NULL,NULL,'4620','',NULL,NULL,'\0',NULL,'priceByDistance','priceByDistance',NULL,'India','2021-02-16 17:43:42',NULL,25.00,'2021-02-16 17:43:42',37,117),(9630,8351,NULL,'Chhatrapati Nagar, Narela Shankri, Ayodhya Nagar','Bhopal','32',NULL,NULL,'4620','',NULL,NULL,'\0',NULL,'storePickUp','storePickUp',NULL,NULL,'2021-02-16 17:43:42',NULL,0.00,'2021-02-16 17:43:42',37,117),(9631,8351,NULL,'Chhatrapati Nagar, Narela Shankri, Ayodhya Nagar','Bhopal','32',NULL,NULL,'46204','',NULL,NULL,'\0',NULL,'priceByDistance','priceByDistance',NULL,'India','2021-02-16 17:43:44',NULL,25.00,'2021-02-16 17:43:44',37,117),(9632,8351,NULL,'Chhatrapati Nagar, Narela Shankri, Ayodhya Nagar','Bhopal','32',NULL,NULL,'46204','',NULL,NULL,'\0',NULL,'storePickUp','storePickUp',NULL,NULL,'2021-02-16 17:43:44',NULL,0.00,'2021-02-16 17:43:44',37,117),(9633,8351,NULL,'Chhatrapati Nagar, Narela Shankri, Ayodhya Nagar','Bhopal','32',NULL,NULL,'462041','',NULL,NULL,'\0',NULL,'priceByDistance','priceByDistance',NULL,'India','2021-02-16 17:43:44',NULL,25.00,'2021-02-16 17:43:44',37,117),(9634,8351,NULL,'Chhatrapati Nagar, Narela Shankri, Ayodhya Nagar','Bhopal','32',NULL,NULL,'462041','',NULL,NULL,'\0',NULL,'storePickUp','storePickUp',NULL,NULL,'2021-02-16 17:43:44',NULL,0.00,'2021-02-16 17:43:44',37,117),(9635,8351,NULL,'Chhatrapati Nagar, Narela Shankri, Ayodhya Nagar','Bhopal','32',NULL,NULL,'462041','',NULL,NULL,'\0',NULL,'priceByDistance','priceByDistance',NULL,'India','2021-02-16 17:44:04',NULL,25.00,'2021-02-16 17:44:04',37,117),(9636,8351,NULL,'Chhatrapati Nagar, Narela Shankri, Ayodhya Nagar','Bhopal','32',NULL,NULL,'462041','',NULL,NULL,'\0',NULL,'storePickUp','storePickUp',NULL,NULL,'2021-02-16 17:44:04',NULL,0.00,'2021-02-16 17:44:04',37,117),(9637,8351,NULL,'Chhatrapati Nagar, Narela Shankri, Ayodhya Nagar','Bhopal','32',NULL,NULL,'46204','',NULL,NULL,'\0',NULL,'priceByDistance','priceByDistance',NULL,'India','2021-02-16 17:44:41',NULL,25.00,'2021-02-16 17:44:41',37,117),(9638,8351,NULL,'Chhatrapati Nagar, Narela Shankri, Ayodhya Nagar','Bhopal','32',NULL,NULL,'46204','',NULL,NULL,'\0',NULL,'storePickUp','storePickUp',NULL,NULL,'2021-02-16 17:44:41',NULL,0.00,'2021-02-16 17:44:41',37,117),(9639,8351,NULL,'Chhatrapati Nagar, Narela Shankri, Ayodhya Nagar','Bhopal','32',NULL,NULL,'4620','',NULL,NULL,'\0',NULL,'priceByDistance','priceByDistance',NULL,'India','2021-02-16 17:44:42',NULL,25.00,'2021-02-16 17:44:42',37,117),(9640,8351,NULL,'Chhatrapati Nagar, Narela Shankri, Ayodhya Nagar','Bhopal','32',NULL,NULL,'4620','',NULL,NULL,'\0',NULL,'storePickUp','storePickUp',NULL,NULL,'2021-02-16 17:44:42',NULL,0.00,'2021-02-16 17:44:42',37,117),(9641,8351,NULL,'Chhatrapati Nagar, Narela Shankri, Ayodhya Nagar','Bhopal','32',NULL,NULL,'462022','',NULL,NULL,'\0',NULL,'priceByDistance','priceByDistance',NULL,'India','2021-02-16 17:44:46',NULL,25.00,'2021-02-16 17:44:46',37,117),(9642,8351,NULL,'Chhatrapati Nagar, Narela Shankri, Ayodhya Nagar','Bhopal','32',NULL,NULL,'462022','',NULL,NULL,'\0',NULL,'storePickUp','storePickUp',NULL,NULL,'2021-02-16 17:44:46',NULL,0.00,'2021-02-16 17:44:46',37,117),(9643,8351,NULL,'Chhatrapati Nagar, Narela Shankri, Ayodhya Nagar','Bhopal','32',NULL,NULL,'46202','',NULL,NULL,'\0',NULL,'priceByDistance','priceByDistance',NULL,'India','2021-02-16 17:44:46',NULL,25.00,'2021-02-16 17:44:46',37,117),(9644,8351,NULL,'Chhatrapati Nagar, Narela Shankri, Ayodhya Nagar','Bhopal','32',NULL,NULL,'46202','',NULL,NULL,'\0',NULL,'storePickUp','storePickUp',NULL,NULL,'2021-02-16 17:44:46',NULL,0.00,'2021-02-16 17:44:46',37,117),(9645,8351,NULL,'Chhatrapati Nagar, Narela Shankri, Ayodhya Nagar','Bhopal','32',NULL,NULL,'462022','',NULL,NULL,'\0',NULL,'priceByDistance','priceByDistance',NULL,'India','2021-02-16 17:44:49',NULL,25.00,'2021-02-16 17:44:49',37,117),(9646,8351,NULL,'Chhatrapati Nagar, Narela Shankri, Ayodhya Nagar','Bhopal','32',NULL,NULL,'462022','',NULL,NULL,'\0',NULL,'storePickUp','storePickUp',NULL,NULL,'2021-02-16 17:44:49',NULL,0.00,'2021-02-16 17:44:49',37,117),(9647,8351,NULL,'Laxmi Nagar, East Kamla Nagar, Kalpana Nagar','Bhopal','32',NULL,NULL,'462022','',NULL,NULL,'\0',NULL,'priceByDistance','priceByDistance',NULL,'India','2021-02-16 17:45:10',NULL,11.00,'2021-02-16 17:45:10',37,117),(9648,8351,NULL,'Laxmi Nagar, East Kamla Nagar, Kalpana Nagar','Bhopal','32',NULL,NULL,'462022','',NULL,NULL,'\0',NULL,'storePickUp','storePickUp',NULL,NULL,'2021-02-16 17:45:10',NULL,0.00,'2021-02-16 17:45:10',37,117),(9649,8351,NULL,'Laxmi Nagar, East Kamla Nagar, Kalpana Nagar','Bhopal','32',NULL,NULL,'462022','',NULL,NULL,'\0',NULL,'priceByDistance','priceByDistance',NULL,'India','2021-02-16 17:45:45',NULL,11.00,'2021-02-16 17:45:45',37,117),(9650,8351,NULL,'Laxmi Nagar, East Kamla Nagar, Kalpana Nagar','Bhopal','32',NULL,NULL,'462022','',NULL,NULL,'\0',NULL,'storePickUp','storePickUp',NULL,NULL,'2021-02-16 17:45:45',NULL,0.00,'2021-02-16 17:45:45',37,117),(9651,8351,NULL,'Laxmi Nagar, East Kamla Nagar, Kalpana Nagar','Bhopal','32',NULL,NULL,'46202','',NULL,NULL,'\0',NULL,'priceByDistance','priceByDistance',NULL,'India','2021-02-16 17:45:48',NULL,11.00,'2021-02-16 17:45:48',37,117),(9652,8351,NULL,'Laxmi Nagar, East Kamla Nagar, Kalpana Nagar','Bhopal','32',NULL,NULL,'46202','',NULL,NULL,'\0',NULL,'storePickUp','storePickUp',NULL,NULL,'2021-02-16 17:45:48',NULL,0.00,'2021-02-16 17:45:48',37,117),(9653,8351,NULL,'Laxmi Nagar, East Kamla Nagar, Kalpana Nagar','Bhopal','32',NULL,NULL,'4620','',NULL,NULL,'\0',NULL,'priceByDistance','priceByDistance',NULL,'India','2021-02-16 17:45:49',NULL,11.00,'2021-02-16 17:45:49',37,117),(9654,8351,NULL,'Laxmi Nagar, East Kamla Nagar, Kalpana Nagar','Bhopal','32',NULL,NULL,'4620','',NULL,NULL,'\0',NULL,'storePickUp','storePickUp',NULL,NULL,'2021-02-16 17:45:49',NULL,0.00,'2021-02-16 17:45:49',37,117),(9655,8351,NULL,'Laxmi Nagar, East Kamla Nagar, Kalpana Nagar','Bhopal','32',NULL,NULL,'46202','',NULL,NULL,'\0',NULL,'priceByDistance','priceByDistance',NULL,'India','2021-02-16 17:45:50',NULL,11.00,'2021-02-16 17:45:50',37,117),(9656,8351,NULL,'Laxmi Nagar, East Kamla Nagar, Kalpana Nagar','Bhopal','32',NULL,NULL,'46202','',NULL,NULL,'\0',NULL,'storePickUp','storePickUp',NULL,NULL,'2021-02-16 17:45:50',NULL,0.00,'2021-02-16 17:45:50',37,117),(9657,8351,NULL,'Laxmi Nagar, East Kamla Nagar, Kalpana Nagar','Bhopal','32',NULL,NULL,'462021','',NULL,NULL,'\0',NULL,'priceByDistance','priceByDistance',NULL,'India','2021-02-16 17:45:52',NULL,11.00,'2021-02-16 17:45:52',37,117),(9658,8351,NULL,'Laxmi Nagar, East Kamla Nagar, Kalpana Nagar','Bhopal','32',NULL,NULL,'462021','',NULL,NULL,'\0',NULL,'storePickUp','storePickUp',NULL,NULL,'2021-02-16 17:45:52',NULL,0.00,'2021-02-16 17:45:52',37,117),(9659,8351,NULL,'Laxmi Nagar, East Kamla Nagar, Kalpana Nagar','Bhopal','32',NULL,NULL,'462021','',NULL,NULL,'\0',NULL,'priceByDistance','priceByDistance',NULL,'India','2021-02-16 17:46:04',NULL,11.00,'2021-02-16 17:46:04',37,117),(9660,8351,NULL,'Laxmi Nagar, East Kamla Nagar, Kalpana Nagar','Bhopal','32',NULL,NULL,'462021','',NULL,NULL,'\0',NULL,'storePickUp','storePickUp',NULL,NULL,'2021-02-16 17:46:04',NULL,0.00,'2021-02-16 17:46:04',37,117),(9661,8351,NULL,'Ahinsha Vihar, Opposite Reliance Fresh, Ayodhya Nagar, Bhopal','Bhopal','32',NULL,NULL,'4','',NULL,NULL,'\0',NULL,'priceByDistance','priceByDistance',NULL,'India','2021-02-16 17:46:54',NULL,23.00,'2021-02-16 17:46:54',37,117),(9662,8351,NULL,'Ahinsha Vihar, Opposite Reliance Fresh, Ayodhya Nagar, Bhopal','Bhopal','32',NULL,NULL,'4','',NULL,NULL,'\0',NULL,'storePickUp','storePickUp',NULL,NULL,'2021-02-16 17:46:54',NULL,0.00,'2021-02-16 17:46:54',37,117),(9663,8351,NULL,'Ahinsha Vihar, Opposite Reliance Fresh, Ayodhya Nagar, Bhopal','Bhopal','32',NULL,NULL,'46','',NULL,NULL,'\0',NULL,'priceByDistance','priceByDistance',NULL,'India','2021-02-16 17:46:55',NULL,23.00,'2021-02-16 17:46:55',37,117),(9664,8351,NULL,'Ahinsha Vihar, Opposite Reliance Fresh, Ayodhya Nagar, Bhopal','Bhopal','32',NULL,NULL,'46','',NULL,NULL,'\0',NULL,'storePickUp','storePickUp',NULL,NULL,'2021-02-16 17:46:55',NULL,0.00,'2021-02-16 17:46:55',37,117),(9665,8351,NULL,'Ahinsha Vihar, Opposite Reliance Fresh, Ayodhya Nagar, Bhopal','Bhopal','32',NULL,NULL,'462','',NULL,NULL,'\0',NULL,'priceByDistance','priceByDistance',NULL,'India','2021-02-16 17:46:55',NULL,23.00,'2021-02-16 17:46:55',37,117),(9666,8351,NULL,'Ahinsha Vihar, Opposite Reliance Fresh, Ayodhya Nagar, Bhopal','Bhopal','32',NULL,NULL,'462','',NULL,NULL,'\0',NULL,'storePickUp','storePickUp',NULL,NULL,'2021-02-16 17:46:55',NULL,0.00,'2021-02-16 17:46:55',37,117),(9667,8351,NULL,'Ahinsha Vihar, Opposite Reliance Fresh, Ayodhya Nagar, Bhopal','Bhopal','32',NULL,NULL,'4620','',NULL,NULL,'\0',NULL,'priceByDistance','priceByDistance',NULL,'India','2021-02-16 17:46:56',NULL,23.00,'2021-02-16 17:46:56',37,117),(9668,8351,NULL,'Ahinsha Vihar, Opposite Reliance Fresh, Ayodhya Nagar, Bhopal','Bhopal','32',NULL,NULL,'4620','',NULL,NULL,'\0',NULL,'storePickUp','storePickUp',NULL,NULL,'2021-02-16 17:46:56',NULL,0.00,'2021-02-16 17:46:56',37,117),(9669,8351,NULL,'Ahinsha Vihar, Opposite Reliance Fresh, Ayodhya Nagar, Bhopal','Bhopal','32',NULL,NULL,'46204','',NULL,NULL,'\0',NULL,'priceByDistance','priceByDistance',NULL,'India','2021-02-16 17:46:56',NULL,23.00,'2021-02-16 17:46:56',37,117),(9670,8351,NULL,'Ahinsha Vihar, Opposite Reliance Fresh, Ayodhya Nagar, Bhopal','Bhopal','32',NULL,NULL,'46204','',NULL,NULL,'\0',NULL,'storePickUp','storePickUp',NULL,NULL,'2021-02-16 17:46:56',NULL,0.00,'2021-02-16 17:46:56',37,117),(9671,8351,NULL,'Ahinsha Vihar, Opposite Reliance Fresh, Ayodhya Nagar, Bhopal','Bhopal','32',NULL,NULL,'462041','',NULL,NULL,'\0',NULL,'priceByDistance','priceByDistance',NULL,'India','2021-02-16 17:46:57',NULL,23.00,'2021-02-16 17:46:57',37,117),(9672,8351,NULL,'Ahinsha Vihar, Opposite Reliance Fresh, Ayodhya Nagar, Bhopal','Bhopal','32',NULL,NULL,'462041','',NULL,NULL,'\0',NULL,'storePickUp','storePickUp',NULL,NULL,'2021-02-16 17:46:57',NULL,0.00,'2021-02-16 17:46:57',37,117),(9673,8351,NULL,'Ahinsha Vihar, Opposite Reliance Fresh, Ayodhya Nagar, Bhopal','Bhopal','32',NULL,NULL,'462041','',NULL,NULL,'\0',NULL,'priceByDistance','priceByDistance',NULL,'India','2021-02-16 17:47:17',NULL,23.00,'2021-02-16 17:47:17',37,117),(9674,8351,NULL,'Ahinsha Vihar, Opposite Reliance Fresh, Ayodhya Nagar, Bhopal','Bhopal','32',NULL,NULL,'462041','',NULL,NULL,'\0',NULL,'storePickUp','storePickUp',NULL,NULL,'2021-02-16 17:47:17',NULL,0.00,'2021-02-16 17:47:17',37,117),(9675,8351,NULL,'Ankur Complex, Main Rd 1, No 6 Locality','Bhopal','32',NULL,NULL,'462016','',NULL,NULL,'\0',NULL,'priceByDistance','priceByDistance',NULL,'India','2021-02-16 17:47:55',NULL,29.00,'2021-02-16 17:47:55',37,117),(9676,8351,NULL,'Ankur Complex, Main Rd 1, No 6 Locality','Bhopal','32',NULL,NULL,'462016','',NULL,NULL,'\0',NULL,'storePickUp','storePickUp',NULL,NULL,'2021-02-16 17:47:55',NULL,0.00,'2021-02-16 17:47:55',37,117),(9677,8351,NULL,'Gandhi Market, , ','','32',NULL,NULL,'462022','',NULL,NULL,'\0',NULL,'priceByDistance','priceByDistance',NULL,'India','2021-02-16 17:48:32',NULL,0.00,'2021-02-16 17:48:32',37,117),(9678,8351,NULL,'Gandhi Market, , ','','32',NULL,NULL,'462022','',NULL,NULL,'\0',NULL,'storePickUp','storePickUp',NULL,NULL,'2021-02-16 17:48:32',NULL,0.00,'2021-02-16 17:48:32',37,117),(9679,8351,NULL,'Vijay Market, Berkheda, Bhopal','Bhopal','32',NULL,NULL,'462022','',NULL,NULL,'\0',NULL,'priceByDistance','priceByDistance',NULL,'India','2021-02-16 17:48:55',NULL,10.00,'2021-02-16 17:48:55',37,117),(9680,8351,NULL,'Vijay Market, Berkheda, Bhopal','Bhopal','32',NULL,NULL,'462022','',NULL,NULL,'\0',NULL,'storePickUp','storePickUp',NULL,NULL,'2021-02-16 17:48:55',NULL,0.00,'2021-02-16 17:48:55',37,117),(9700,8500,NULL,NULL,'Bhopal',NULL,NULL,NULL,NULL,'',NULL,NULL,'\0',NULL,'storePickUp','storePickUp',NULL,NULL,'2021-02-17 17:19:41',NULL,0.00,'2021-02-17 17:19:41',37,117),(9701,8500,NULL,'Berkheda BHEL, Sector A, Berkheda','Bhopal','FIG4',NULL,NULL,'462022','',NULL,NULL,'\0',NULL,'priceByDistance','priceByDistance',NULL,'India','2021-02-17 17:21:04',NULL,10.00,'2021-02-17 17:21:04',37,117),(9702,8500,NULL,'Berkheda BHEL, Sector A, Berkheda','Bhopal','FIG4',NULL,NULL,'462022','',NULL,NULL,'\0',NULL,'storePickUp','storePickUp',NULL,NULL,'2021-02-17 17:21:04',NULL,0.00,'2021-02-17 17:21:04',37,117),(9703,8500,NULL,'Berkheda BHEL, Sector A, Berkheda','Bhopal','FIG4',NULL,NULL,'462022','',NULL,NULL,'\0',NULL,'priceByDistance','priceByDistance',NULL,'India','2021-02-17 17:22:46',NULL,10.00,'2021-02-17 17:22:46',37,117),(9704,8500,NULL,'Berkheda BHEL, Sector A, Berkheda','Bhopal','FIG4',NULL,NULL,'462022','',NULL,NULL,'\0',NULL,'storePickUp','storePickUp',NULL,NULL,'2021-02-17 17:22:46',NULL,0.00,'2021-02-17 17:22:46',37,117),(9705,8501,NULL,'H.NO. 567, Apsara Complex, Sector A, Indrapuri','Bhopal','HSC',NULL,NULL,'462022','',NULL,NULL,'\0',NULL,'priceByDistance','priceByDistance',NULL,'India','2021-02-17 17:29:30',NULL,15.00,'2021-02-17 17:29:30',37,117),(9706,8501,NULL,'H.NO. 567, Apsara Complex, Sector A, Indrapuri','Bhopal','HSC',NULL,NULL,'462022','',NULL,NULL,'\0',NULL,'storePickUp','storePickUp',NULL,NULL,'2021-02-17 17:29:30',NULL,0.00,'2021-02-17 17:29:30',37,117),(9707,8501,NULL,'H.NO. 567, Apsara Complex, Sector A, Indrapuri','Bhopal','HSC',NULL,NULL,'462022','',NULL,NULL,'\0',NULL,'priceByDistance','priceByDistance',NULL,'India','2021-02-17 17:30:09',NULL,15.00,'2021-02-17 17:30:09',37,117),(9708,8501,NULL,'H.NO. 567, Apsara Complex, Sector A, Indrapuri','Bhopal','HSC',NULL,NULL,'462022','',NULL,NULL,'\0',NULL,'storePickUp','storePickUp',NULL,NULL,'2021-02-17 17:30:09',NULL,0.00,'2021-02-17 17:30:09',37,117),(9709,8502,NULL,'H.NO. 567, Apsara Complex, Sector A, Indrapuri','Bhopal','HSC',NULL,NULL,'462022','',NULL,NULL,'\0',NULL,'priceByDistance','priceByDistance',NULL,'India','2021-02-17 17:42:00',NULL,15.00,'2021-02-17 17:42:00',37,117),(9710,8502,NULL,'H.NO. 567, Apsara Complex, Sector A, Indrapuri','Bhopal','HSC',NULL,NULL,'462022','',NULL,NULL,'\0',NULL,'storePickUp','storePickUp',NULL,NULL,'2021-02-17 17:42:00',NULL,0.00,'2021-02-17 17:42:00',37,117),(9711,8502,NULL,'H.NO. 567, Apsara Complex, Sector A, Indrapuri','Bhopal','HSC',NULL,NULL,'462022',NULL,NULL,NULL,'\0',NULL,'priceByDistance','priceByDistance',NULL,'India','2021-02-17 17:42:58',NULL,15.00,'2021-02-17 17:42:58',37,117),(9712,8502,NULL,'H.NO. 567, Apsara Complex, Sector A, Indrapuri','Bhopal','HSC',NULL,NULL,'462022',NULL,NULL,NULL,'\0',NULL,'storePickUp','storePickUp',NULL,NULL,'2021-02-17 17:42:58',NULL,0.00,'2021-02-17 17:42:58',37,117),(9713,8502,NULL,'H.NO. 567, Apsara Complex, Sector A, Indrapuri','Bhopal','HSC',NULL,NULL,'462022','',NULL,NULL,'\0',NULL,'priceByDistance','priceByDistance',NULL,'India','2021-02-17 17:43:29',NULL,15.00,'2021-02-17 17:43:29',37,117),(9714,8502,NULL,'H.NO. 567, Apsara Complex, Sector A, Indrapuri','Bhopal','HSC',NULL,NULL,'462022','',NULL,NULL,'\0',NULL,'storePickUp','storePickUp',NULL,NULL,'2021-02-17 17:43:29',NULL,0.00,'2021-02-17 17:43:29',37,117),(9750,8550,NULL,'H.NO. 567, Apsara Complex, Sector A, Indrapuri','Bhopal','HSC',NULL,NULL,'462022','',NULL,NULL,'\0',NULL,'priceByDistance','priceByDistance',NULL,'India','2021-02-18 16:23:42',NULL,15.00,'2021-02-18 16:23:42',37,117),(9751,8550,NULL,'H.NO. 567, Apsara Complex, Sector A, Indrapuri','Bhopal','HSC',NULL,NULL,'462022','',NULL,NULL,'\0',NULL,'storePickUp','storePickUp',NULL,NULL,'2021-02-18 16:23:42',NULL,0.00,'2021-02-18 16:23:42',37,117),(9752,8551,NULL,'H.NO. 567, Apsara Complex, Sector A, Indrapuri','Bhopal','HSC',NULL,NULL,'462022','',NULL,NULL,'\0',NULL,'priceByDistance','priceByDistance',NULL,'India','2021-02-18 16:28:32',NULL,15.00,'2021-02-18 16:28:32',37,117),(9753,8551,NULL,'H.NO. 567, Apsara Complex, Sector A, Indrapuri','Bhopal','HSC',NULL,NULL,'462022','',NULL,NULL,'\0',NULL,'storePickUp','storePickUp',NULL,NULL,'2021-02-18 16:28:32',NULL,0.00,'2021-02-18 16:28:32',37,117),(9800,8602,NULL,'H.NO. 567, Apsara Complex, Sector A, Indrapuri','Bhopal','HSC',NULL,NULL,'462022','',NULL,NULL,'\0',NULL,'priceByDistance','priceByDistance',NULL,'India','2021-02-19 08:36:09',NULL,15.00,'2021-02-19 08:36:09',37,117),(9801,8602,NULL,'H.NO. 567, Apsara Complex, Sector A, Indrapuri','Bhopal','HSC',NULL,NULL,'462022','',NULL,NULL,'\0',NULL,'storePickUp','storePickUp',NULL,NULL,'2021-02-19 08:36:09',NULL,0.00,'2021-02-19 08:36:09',37,117),(9802,8603,NULL,'H.NO. 567, Apsara Complex, Sector A, Indrapuri','Bhopal','HSC',NULL,NULL,'462022','',NULL,NULL,'\0',NULL,'priceByDistance','priceByDistance',NULL,'India','2021-02-19 08:42:32',NULL,15.00,'2021-02-19 08:42:32',37,117),(9803,8603,NULL,'H.NO. 567, Apsara Complex, Sector A, Indrapuri','Bhopal','HSC',NULL,NULL,'462022','',NULL,NULL,'\0',NULL,'storePickUp','storePickUp',NULL,NULL,'2021-02-19 08:42:32',NULL,0.00,'2021-02-19 08:42:32',37,117),(9850,8650,NULL,NULL,'Bhopal',NULL,NULL,NULL,NULL,'',NULL,NULL,'\0',NULL,'storePickUp','storePickUp',NULL,NULL,'2021-02-23 17:36:25',NULL,0.00,'2021-02-23 17:36:25',37,117),(9851,8651,NULL,'H.NO. 567, Apsara Complex, Sector A, Indrapuri','Bhopal','HSC',NULL,NULL,'462022','',NULL,NULL,'\0',NULL,'priceByDistance','priceByDistance',NULL,'India','2021-02-23 17:46:42',NULL,15.00,'2021-02-23 17:46:42',37,117),(9852,8651,NULL,'H.NO. 567, Apsara Complex, Sector A, Indrapuri','Bhopal','HSC',NULL,NULL,'462022','',NULL,NULL,'\0',NULL,'storePickUp','storePickUp',NULL,NULL,'2021-02-23 17:46:42',NULL,0.00,'2021-02-23 17:46:42',37,117),(9900,8700,NULL,'H.NO. 567, Apsara Complex, Sector A, Indrapuri','Bhopal','HSC',NULL,NULL,'462022','',NULL,NULL,'\0',NULL,'priceByDistance','priceByDistance',NULL,'India','2021-02-26 10:27:48',NULL,15.00,'2021-02-26 10:27:48',37,117),(9901,8700,NULL,'H.NO. 567, Apsara Complex, Sector A, Indrapuri','Bhopal','HSC',NULL,NULL,'462022','',NULL,NULL,'\0',NULL,'storePickUp','storePickUp',NULL,NULL,'2021-02-26 10:27:48',NULL,0.00,'2021-02-26 10:27:48',37,117),(9902,8705,NULL,'H.NO. 55, Piplani Gurudwara Square','Bhopal','HSC',NULL,NULL,'462022','',NULL,NULL,'\0',NULL,'priceByDistance','priceByDistance',NULL,'India','2021-02-26 11:07:40',NULL,3.00,'2021-02-26 11:07:40',37,117),(9903,8705,NULL,'H.NO. 55, Piplani Gurudwara Square','Bhopal','HSC',NULL,NULL,'462022','',NULL,NULL,'\0',NULL,'storePickUp','storePickUp',NULL,NULL,'2021-02-26 11:07:40',NULL,0.00,'2021-02-26 11:07:40',37,117),(9904,8706,NULL,'H.NO. 55, Piplani Gurudwara Square','Bhopal','HSC',NULL,NULL,'462022','',NULL,NULL,'\0',NULL,'priceByDistance','priceByDistance',NULL,'India','2021-02-26 11:10:21',NULL,3.00,'2021-02-26 11:10:21',37,117),(9905,8706,NULL,'H.NO. 55, Piplani Gurudwara Square','Bhopal','HSC',NULL,NULL,'462022','',NULL,NULL,'\0',NULL,'storePickUp','storePickUp',NULL,NULL,'2021-02-26 11:10:21',NULL,0.00,'2021-02-26 11:10:21',37,117),(9906,8707,NULL,'H.No. 55, Abhinav Homes Phase II,Ayodhya Nagar,Bhopal','Bhopal','HSC',NULL,NULL,'462041','',NULL,NULL,'\0',NULL,'priceByDistance','priceByDistance',NULL,'India','2021-02-26 11:15:07',NULL,22.00,'2021-02-26 11:15:07',37,117),(9907,8707,NULL,'H.No. 55, Abhinav Homes Phase II,Ayodhya Nagar,Bhopal','Bhopal','HSC',NULL,NULL,'462041','',NULL,NULL,'\0',NULL,'storePickUp','storePickUp',NULL,NULL,'2021-02-26 11:15:07',NULL,0.00,'2021-02-26 11:15:07',37,117),(9908,8708,NULL,'H.No. 55, Abhinav Homes Phase II,Ayodhya Nagar,Bhopal','Bhopal','HSC',NULL,NULL,'462041','',NULL,NULL,'\0',NULL,'priceByDistance','priceByDistance',NULL,'India','2021-02-26 11:18:26',NULL,22.00,'2021-02-26 11:18:26',37,117),(9909,8708,NULL,'H.No. 55, Abhinav Homes Phase II,Ayodhya Nagar,Bhopal','Bhopal','HSC',NULL,NULL,'462041','',NULL,NULL,'\0',NULL,'storePickUp','storePickUp',NULL,NULL,'2021-02-26 11:18:26',NULL,0.00,'2021-02-26 11:18:26',37,117),(9910,8708,NULL,'H.No. 55, Abhinav Homes Phase II,Ayodhya Nagar,Bhopal','Bhopal','HSC',NULL,NULL,'462041','',NULL,NULL,'\0',NULL,'priceByDistance','priceByDistance',NULL,'India','2021-02-26 11:19:05',NULL,22.00,'2021-02-26 11:19:05',37,117),(9911,8708,NULL,'H.No. 55, Abhinav Homes Phase II,Ayodhya Nagar,Bhopal','Bhopal','HSC',NULL,NULL,'462041','',NULL,NULL,'\0',NULL,'storePickUp','storePickUp',NULL,NULL,'2021-02-26 11:19:05',NULL,0.00,'2021-02-26 11:19:05',37,117),(9950,8704,NULL,'H.NO. 567, Apsara Complex, Sector A, Indrapuri','Bhopal','HSC',NULL,NULL,'462022','',NULL,NULL,'\0',NULL,'priceByDistance','priceByDistance',NULL,'India','2021-02-27 09:02:59',NULL,15.00,'2021-02-27 09:02:59',37,117),(9951,8704,NULL,'H.NO. 567, Apsara Complex, Sector A, Indrapuri','Bhopal','HSC',NULL,NULL,'462022','',NULL,NULL,'\0',NULL,'storePickUp','storePickUp',NULL,NULL,'2021-02-27 09:02:59',NULL,0.00,'2021-02-27 09:02:59',37,117),(9952,8750,NULL,'H.NO. 567, Apsara Complex, Sector A, Indrapuri','Bhopal','HSC',NULL,NULL,'462022','',NULL,NULL,'\0',NULL,'priceByDistance','priceByDistance',NULL,'India','2021-02-27 09:06:22',NULL,15.00,'2021-02-27 09:06:22',37,117),(9953,8750,NULL,'H.NO. 567, Apsara Complex, Sector A, Indrapuri','Bhopal','HSC',NULL,NULL,'462022','',NULL,NULL,'\0',NULL,'storePickUp','storePickUp',NULL,NULL,'2021-02-27 09:06:22',NULL,0.00,'2021-02-27 09:06:22',37,117),(9954,8750,NULL,'H.NO. 567, Apsara Complex, Sector A, Indrapuri','Bhopal','HSC',NULL,NULL,'462022','',NULL,NULL,'\0',NULL,'priceByDistance','priceByDistance',NULL,'India','2021-02-27 09:06:47',NULL,15.00,'2021-02-27 09:06:47',37,117),(9955,8750,NULL,'H.NO. 567, Apsara Complex, Sector A, Indrapuri','Bhopal','HSC',NULL,NULL,'462022','',NULL,NULL,'\0',NULL,'storePickUp','storePickUp',NULL,NULL,'2021-02-27 09:06:47',NULL,0.00,'2021-02-27 09:06:47',37,117),(9956,8751,NULL,'H.NO. 567, Apsara Complex, Sector A, Indrapuri','Bhopal','HSC',NULL,NULL,'462022','',NULL,NULL,'\0',NULL,'priceByDistance','priceByDistance',NULL,'India','2021-02-27 09:08:14',NULL,15.00,'2021-02-27 09:08:14',37,117),(9957,8751,NULL,'H.NO. 567, Apsara Complex, Sector A, Indrapuri','Bhopal','HSC',NULL,NULL,'462022','',NULL,NULL,'\0',NULL,'storePickUp','storePickUp',NULL,NULL,'2021-02-27 09:08:14',NULL,0.00,'2021-02-27 09:08:14',37,117),(10000,8800,NULL,NULL,'New Delhi',NULL,NULL,NULL,NULL,'',NULL,NULL,'\0',NULL,'storePickUp','storePickUp',NULL,NULL,'2021-02-27 14:32:31',NULL,0.00,'2021-02-27 14:32:31',37,117),(10001,8800,NULL,'A Sector, Sonagiri, Bhopal','Bhopal','HIG 4',NULL,NULL,'462022','',NULL,NULL,'\0',NULL,'priceByDistance','priceByDistance',NULL,'India','2021-02-27 14:32:43',NULL,9.00,'2021-02-27 14:32:43',37,117),(10002,8800,NULL,'A Sector, Sonagiri, Bhopal','Bhopal','HIG 4',NULL,NULL,'462022','',NULL,NULL,'\0',NULL,'priceByDistance','priceByDistance',NULL,'India','2021-02-27 14:32:43',NULL,9.00,'2021-02-27 14:32:43',37,117),(10003,8800,NULL,'A Sector, Sonagiri, Bhopal','Bhopal','HIG 4',NULL,NULL,'462022','',NULL,NULL,'\0',NULL,'storePickUp','storePickUp',NULL,NULL,'2021-02-27 14:32:43',NULL,0.00,'2021-02-27 14:32:43',37,117),(10004,8800,NULL,'A Sector, Sonagiri, Bhopal','Bhopal','HIG 4',NULL,NULL,'462022','',NULL,NULL,'\0',NULL,'storePickUp','storePickUp',NULL,NULL,'2021-02-27 14:32:43',NULL,0.00,'2021-02-27 14:32:43',37,117);
/*!40000 ALTER TABLE `shipping_quote` ENABLE KEYS */;
UNLOCK TABLES;

--
-- Table structure for table `shopping_cart`
--

DROP TABLE IF EXISTS `shopping_cart`;
/*!40101 SET @saved_cs_client     = @@character_set_client */;
/*!40101 SET character_set_client = utf8 */;
CREATE TABLE `shopping_cart` (
  `SHP_CART_ID` bigint(20) NOT NULL,
  `DATE_CREATED` datetime DEFAULT NULL,
  `DATE_MODIFIED` datetime DEFAULT NULL,
  `UPDT_ID` varchar(20) DEFAULT NULL,
  `CUSTOMER_ID` bigint(20) DEFAULT NULL,
  `SHP_CART_CODE` varchar(255) NOT NULL,
  `MERCHANT_ID` int(11) NOT NULL,
  PRIMARY KEY (`SHP_CART_ID`),
  UNIQUE KEY `UK_8ld8p40fwrjobi7t3n95pna35` (`SHP_CART_CODE`),
  KEY `SHP_CART_CODE_IDX` (`SHP_CART_CODE`),
  KEY `SHP_CART_CUSTOMER_IDX` (`CUSTOMER_ID`),
  KEY `FKqvghr5rmjefe3lw9mcolk30a0` (`MERCHANT_ID`),
  CONSTRAINT `FKqvghr5rmjefe3lw9mcolk30a0` FOREIGN KEY (`MERCHANT_ID`) REFERENCES `merchant_store` (`MERCHANT_ID`)
) ENGINE=InnoDB DEFAULT CHARSET=utf8;
/*!40101 SET character_set_client = @saved_cs_client */;

--
-- Dumping data for table `shopping_cart`
--

LOCK TABLES `shopping_cart` WRITE;
/*!40000 ALTER TABLE `shopping_cart` DISABLE KEYS */;
INSERT INTO `shopping_cart` VALUES (3600,'2020-08-20 12:42:41','2020-08-20 12:42:41',NULL,NULL,'d5c2edf461f449afb40ee53925dca01f',1),(3650,'2020-08-21 12:46:40','2020-08-21 12:46:40',NULL,NULL,'9a108021a93645ebb609c7c660d0414a',1),(3700,'2020-08-21 16:33:00','2020-08-21 16:33:00',NULL,NULL,'a702d3f9156042ec86769e833539e095',1),(3750,'2020-08-21 16:42:53','2020-08-21 16:42:53',NULL,NULL,'e43350498a0a4997bed93f875a1539b6',1),(3800,'2020-08-21 16:52:34','2020-08-21 16:52:34',NULL,NULL,'4790c43e60a646be9775798e3025005f',1),(3801,'2020-08-21 16:58:17','2020-08-21 16:58:17',NULL,NULL,'b76fad98ee7e4282b7ce32d3a1a41340',1),(3850,'2020-08-22 17:23:56','2020-08-22 17:23:56',NULL,NULL,'1e8016aff8bc457dbb0ca9701e35990e',1),(3900,'2020-08-22 17:46:25','2020-08-22 17:46:25',NULL,NULL,'ae23826a907c4c55897ff13b6ef0f47b',1),(3950,'2020-08-22 18:02:35','2020-08-22 18:02:35',NULL,NULL,'c07fddc7745841f5828e42d5b6b26560',1),(3951,'2020-08-22 18:08:36','2020-08-22 18:08:36',NULL,NULL,'11ad87332437468da7b188b8097a6ea9',1),(4000,'2020-08-23 18:26:39','2020-08-23 18:26:39',NULL,NULL,'e42570a191e3466bb6ef703ea999ff74',1),(4050,'2020-08-23 18:53:13','2020-08-23 18:53:13',NULL,NULL,'5cab5e5a41504e97a73533734a4b578b',1),(4100,'2020-08-23 21:45:10','2020-08-23 21:45:10',NULL,NULL,'9ab5368e1cc6444284368df86892d06b',1),(4300,'2020-08-25 12:22:21','2020-08-25 12:22:21',NULL,NULL,'20fe1667f3004e47b26ad59eb68aa770',1),(4301,'2020-08-25 12:22:33','2020-08-25 12:22:33',NULL,NULL,'79f9cc699c564817a002695b2b1fcb95',1),(4350,'2020-08-25 12:25:18','2020-08-25 12:25:18',NULL,NULL,'ab39128493a74ccc96331d4f1eae09da',1),(4500,'2020-08-25 15:24:48','2020-08-25 15:24:48',NULL,NULL,'1e375a036ca448cf81b4455f5367d5b4',1),(4503,'2020-08-25 16:28:03','2020-08-25 16:28:03',NULL,1901,'4925ba504f0345d3892cee5a80cb282a',1),(4650,'2020-08-27 11:31:56','2020-08-27 11:31:56',NULL,NULL,'b64a9626f7714b1d90163fce9d751030',1),(4651,'2020-08-27 11:33:37','2020-08-27 11:33:37',NULL,NULL,'751b2527042b4f4e9cdcf8b4bc4852b0',1),(4850,'2020-08-30 17:44:42','2020-08-30 17:44:42',NULL,NULL,'c6c0fed6c1ef493f872bf593ef767296',1),(4900,'2020-09-11 15:28:51','2020-09-11 15:28:51',NULL,NULL,'ccbf407548d64f9fb44419ba9d0a7407',1),(4950,'2020-09-12 12:27:57','2020-09-12 12:27:57',NULL,NULL,'a74777377e2948ac8c823e3b5bf6e73d',1),(4951,'2020-09-12 12:28:03','2020-09-12 12:28:03',NULL,NULL,'2cb1f8b8337b411ea8236c3a62fc4a4c',1),(4952,'2020-09-12 12:28:10','2020-09-12 12:28:10',NULL,NULL,'e6e4dab269db4913925d4dd12d913bb8',1),(5000,'2020-09-12 12:54:41','2020-09-12 12:54:41',NULL,NULL,'e8fccc60c8834aa0ad2716178e6f6c15',1),(5101,'2020-09-14 23:29:05','2020-09-14 23:29:05',NULL,NULL,'860ea13b8be04616adfb4c3599abdf40',1),(5102,'2020-09-14 23:32:23','2020-09-14 23:32:23',NULL,NULL,'a8f7604290ca43e8b50756ea8d4317f9',1),(5153,'2020-09-30 17:10:19','2020-09-30 17:10:19',NULL,NULL,'4caefc4dea2f498584792355c7c31ba7',1),(5154,'2020-09-30 17:10:25','2020-09-30 17:10:25',NULL,NULL,'437905d12387487f901d13bf0943196e',1),(5200,'2020-10-01 14:02:43','2020-10-01 14:02:43',NULL,2350,'30bcdf71f6bc40e9895d262e901aaa02',1),(5201,'2020-10-01 14:09:11','2020-10-01 14:09:11',NULL,950,'377752ad82934baaae8a759a5e176e13',1),(5401,'2020-10-02 12:49:04','2020-10-02 12:49:04',NULL,NULL,'c52d56bff323401bbd40e8ba00c4e022',1),(5450,'2020-10-02 23:16:12','2020-10-02 23:16:12',NULL,NULL,'1340559308184953a02af3fe3d198b4b',1),(5500,'2020-10-02 23:40:10','2020-10-02 23:40:10',NULL,NULL,'7fc498a06c474a75a37cd46cbe515488',1),(5550,'2020-10-02 23:45:21','2020-10-02 23:45:21',NULL,NULL,'ce9d9e2321f345899234873ea15fd5bc',1),(5600,'2020-10-02 23:57:50','2020-10-02 23:57:50',NULL,NULL,'5f0f0042802b4816bb48c233dbfbe2df',1),(5700,'2020-10-03 18:55:48','2020-10-03 18:55:48',NULL,NULL,'7363638973604668a8f45c45773ce847',1),(5750,'2020-10-03 19:03:34','2020-10-03 19:03:34',NULL,NULL,'cb0c858610144917adf1e02551a239ae',1),(5851,'2020-10-04 11:38:52','2020-10-04 11:38:52',NULL,NULL,'e67bfdd35da04269a4ce9c644f79b3fe',1),(5951,'2020-10-04 15:30:31','2020-10-04 15:30:31',NULL,NULL,'21f71d5c5a5446589c96bcec00991c55',1),(6000,'2020-10-10 22:59:06','2020-10-10 22:59:06',NULL,NULL,'e5081b8b57d144d0afe470093554682a',1),(6050,'2020-10-31 22:31:42','2020-10-31 22:31:42',NULL,NULL,'8b5c73171efb4394a352c6de6c8ae221',1),(6101,'2020-10-31 22:42:24','2020-10-31 22:42:24',NULL,NULL,'0f0ea5b77eb04b35b90559f4c405d380',1),(6200,'2020-10-31 23:14:55','2020-10-31 23:14:55',NULL,NULL,'536cf0e9ab8b4395bac92eb579702b10',1),(6250,'2020-11-01 17:02:52','2020-11-01 17:02:52',NULL,NULL,'c5b94eab457249a78ba9bc7dcdbeb76c',1),(6300,'2020-11-01 17:29:16','2020-11-01 17:29:16',NULL,NULL,'42bdccc46d834ed086082c8acf0bdebf',1),(6350,'2020-11-01 17:47:30','2020-11-01 17:47:30',NULL,NULL,'5b3338e58c5148a59360ea36eecbd451',1),(6450,'2020-11-01 22:45:45','2020-11-01 22:45:45',NULL,NULL,'104462e257844246aa98ab5b95f7f249',1),(6500,'2020-11-01 23:05:34','2020-11-01 23:05:34',NULL,NULL,'3b86a465382145f3a32727f9caecf9b1',1),(6550,'2020-11-01 23:18:26','2020-11-01 23:18:26',NULL,NULL,'f4fc39ea92304dffa6388d044f7cfd9f',1),(6702,'2020-12-20 21:57:51','2020-12-20 21:57:51',NULL,NULL,'6d956352323e423cace1af357132968d',1),(6750,'2021-01-01 23:12:51','2021-01-01 23:12:51',NULL,NULL,'e1205a8f565e4a1583b69f84b9d8e134',1),(6801,'2021-01-01 23:52:59','2021-01-01 23:52:59',NULL,NULL,'1372cdce7a254779b6ca6433671d512b',1),(6901,'2021-01-02 00:20:52','2021-01-02 00:20:52',NULL,NULL,'436985ec2b9846be9b55dbb3e8a5290d',1),(7050,'2021-01-03 17:54:39','2021-01-03 17:54:39',NULL,NULL,'6134632548c04d95bda5eee6d7ad8622',1),(7550,'2021-01-16 16:55:04','2021-01-16 16:55:04',NULL,NULL,'9ca0a906ef5d4a768968324bc9a10166',1),(7601,'2021-01-24 14:22:47','2021-01-24 14:22:47',NULL,NULL,'c3ca06a09ccd46ae9c0352c3c21036ad',1),(7650,'2021-01-26 18:01:00','2021-01-26 18:01:00',NULL,NULL,'9efaabd7b83045fd92fe6883d374f7d0',1),(8251,'2021-02-16 10:25:10','2021-02-16 10:25:10',NULL,NULL,'af08e78b876f4588bd9308b4f1854264',1),(8351,'2021-02-16 11:29:42','2021-02-16 11:29:42',NULL,NULL,'9bc43c5581524ad58fa16fa12558d423',1);
/*!40000 ALTER TABLE `shopping_cart` ENABLE KEYS */;
UNLOCK TABLES;

--
-- Table structure for table `shopping_cart_attr_item`
--

DROP TABLE IF EXISTS `shopping_cart_attr_item`;
/*!40101 SET @saved_cs_client     = @@character_set_client */;
/*!40101 SET character_set_client = utf8 */;
CREATE TABLE `shopping_cart_attr_item` (
  `SHP_CART_ATTR_ITEM_ID` bigint(20) NOT NULL,
  `DATE_CREATED` datetime DEFAULT NULL,
  `DATE_MODIFIED` datetime DEFAULT NULL,
  `UPDT_ID` varchar(20) DEFAULT NULL,
  `PRODUCT_ATTR_ID` bigint(20) NOT NULL,
  `SHP_CART_ITEM_ID` bigint(20) NOT NULL,
  PRIMARY KEY (`SHP_CART_ATTR_ITEM_ID`),
  KEY `FKp42tpa623hyo9ww69v0ohb3er` (`SHP_CART_ITEM_ID`),
  CONSTRAINT `FKp42tpa623hyo9ww69v0ohb3er` FOREIGN KEY (`SHP_CART_ITEM_ID`) REFERENCES `shopping_cart_item` (`SHP_CART_ITEM_ID`)
) ENGINE=InnoDB DEFAULT CHARSET=utf8;
/*!40101 SET character_set_client = @saved_cs_client */;

--
-- Dumping data for table `shopping_cart_attr_item`
--

LOCK TABLES `shopping_cart_attr_item` WRITE;
/*!40000 ALTER TABLE `shopping_cart_attr_item` DISABLE KEYS */;
INSERT INTO `shopping_cart_attr_item` VALUES (400,'2020-08-20 12:42:42','2020-08-20 12:42:42',NULL,50,4000),(401,'2020-08-20 12:42:42','2020-08-20 12:42:42',NULL,52,4000),(500,'2020-09-14 23:29:44','2020-09-14 23:29:44',NULL,102,5502),(501,'2020-09-14 23:32:23','2020-09-14 23:32:23',NULL,100,5503),(550,'2020-10-04 11:38:52','2020-10-04 11:38:52',NULL,150,6251),(551,'2020-10-04 11:44:17','2020-10-04 11:44:17',NULL,151,6252),(600,'2020-10-04 12:18:22','2020-10-04 12:18:22',NULL,200,6300),(700,'2020-10-04 15:31:12','2020-10-04 15:31:12',NULL,200,6402),(750,'2020-10-10 22:59:06','2020-10-10 22:59:06',NULL,200,6450),(751,'2020-10-10 22:59:38','2020-10-10 22:59:38',NULL,151,6451),(752,'2020-10-10 23:03:33','2020-10-10 23:03:33',NULL,200,6452),(800,'2020-10-31 22:31:42','2020-10-31 22:31:42',NULL,151,6500),(851,'2020-10-31 22:42:24','2020-10-31 22:42:24',NULL,200,6551),(951,'2020-10-31 23:14:55','2020-10-31 23:14:55',NULL,200,6651),(1000,'2020-11-01 17:02:53','2020-11-01 17:02:53',NULL,200,6700),(1050,'2020-11-01 17:29:16','2020-11-01 17:29:16',NULL,200,6750),(1100,'2020-11-01 17:47:30','2020-11-01 17:47:30',NULL,200,6800),(1200,'2020-11-01 22:45:46','2020-11-01 22:45:46',NULL,200,6900),(1250,'2020-11-01 23:05:34','2020-11-01 23:05:34',NULL,200,6950),(1300,'2020-11-01 23:18:26','2020-11-01 23:18:26',NULL,200,7000),(1400,'2020-11-21 22:54:36','2020-11-21 22:54:36',NULL,200,7100),(1452,'2020-12-20 21:57:51','2020-12-20 21:57:51',NULL,102,7153),(1500,'2021-01-01 23:12:51','2021-01-01 23:12:51',NULL,200,7200),(1551,'2021-01-01 23:52:59','2021-01-01 23:52:59',NULL,200,7251),(1651,'2021-01-02 00:20:52','2021-01-02 00:20:52',NULL,200,7351),(1700,'2021-01-02 00:24:23','2021-01-02 00:24:23',NULL,200,7400),(1800,'2021-01-03 17:54:39','2021-01-03 17:54:39',NULL,321,7500),(2300,'2021-01-16 16:55:04','2021-01-16 16:55:04',NULL,264,8000),(2351,'2021-01-24 14:22:47','2021-01-24 14:22:47',NULL,273,8051),(2352,'2021-01-24 14:23:00','2021-01-24 14:23:00',NULL,273,8052),(2400,'2021-01-26 18:01:00','2021-01-26 18:01:00',NULL,250,8100),(3003,'2021-02-16 10:25:49','2021-02-16 10:25:49',NULL,101,8703),(3004,'2021-02-16 10:25:58','2021-02-16 10:25:58',NULL,101,8704),(3101,'2021-02-16 11:29:42','2021-02-16 11:29:42',NULL,100,8801);
/*!40000 ALTER TABLE `shopping_cart_attr_item` ENABLE KEYS */;
UNLOCK TABLES;

--
-- Table structure for table `shopping_cart_item`
--

DROP TABLE IF EXISTS `shopping_cart_item`;
/*!40101 SET @saved_cs_client     = @@character_set_client */;
/*!40101 SET character_set_client = utf8 */;
CREATE TABLE `shopping_cart_item` (
  `SHP_CART_ITEM_ID` bigint(20) NOT NULL,
  `DATE_CREATED` datetime DEFAULT NULL,
  `DATE_MODIFIED` datetime DEFAULT NULL,
  `UPDT_ID` varchar(20) DEFAULT NULL,
  `PRODUCT_ID` bigint(20) NOT NULL,
  `QUANTITY` int(11) DEFAULT NULL,
  `SHP_CART_ID` bigint(20) NOT NULL,
  PRIMARY KEY (`SHP_CART_ITEM_ID`),
  KEY `FK2gbimdwe9uysd5xadnfl0xq83` (`SHP_CART_ID`),
  CONSTRAINT `FK2gbimdwe9uysd5xadnfl0xq83` FOREIGN KEY (`SHP_CART_ID`) REFERENCES `shopping_cart` (`SHP_CART_ID`)
) ENGINE=InnoDB DEFAULT CHARSET=utf8;
/*!40101 SET character_set_client = @saved_cs_client */;

--
-- Dumping data for table `shopping_cart_item`
--

LOCK TABLES `shopping_cart_item` WRITE;
/*!40000 ALTER TABLE `shopping_cart_item` DISABLE KEYS */;
INSERT INTO `shopping_cart_item` VALUES (4000,'2020-08-20 12:42:42','2020-08-20 12:42:42',NULL,100,1,3600),(4050,'2020-08-21 12:46:41','2020-08-21 12:46:41',NULL,3,1,3650),(4100,'2020-08-21 16:33:00','2020-08-21 16:33:00',NULL,3,1,3700),(4150,'2020-08-21 16:42:53','2020-08-21 16:42:53',NULL,3,1,3750),(4200,'2020-08-21 16:52:34','2020-08-21 16:52:34',NULL,3,1,3800),(4201,'2020-08-21 16:58:17','2020-08-21 16:58:17',NULL,3,1,3801),(4250,'2020-08-22 17:23:56','2020-08-22 17:23:56',NULL,1,1,3850),(4300,'2020-08-22 17:46:26','2020-08-22 17:46:26',NULL,3,1,3900),(4350,'2020-08-22 18:02:36','2020-08-22 18:02:36',NULL,3,1,3950),(4351,'2020-08-22 18:08:36','2020-08-22 18:08:36',NULL,3,1,3951),(4400,'2020-08-23 18:26:39','2020-08-23 18:26:39',NULL,3,1,4000),(4450,'2020-08-23 18:53:14','2020-08-23 18:53:14',NULL,3,1,4050),(4500,'2020-08-23 21:45:11','2020-08-23 21:45:11',NULL,3,1,4100),(4852,'2020-08-25 16:28:03','2020-08-25 16:28:03',NULL,4,1,4503),(5200,'2020-08-30 17:44:43','2020-08-30 17:44:43',NULL,3,1,4850),(5300,'2020-09-12 12:28:10','2020-09-12 13:02:17',NULL,7,2,4952),(5350,'2020-09-12 12:54:41','2020-09-12 12:54:41',NULL,3,1,5000),(5400,'2020-09-12 13:03:02','2020-09-12 13:34:06',NULL,8,1,4952),(5502,'2020-09-14 23:29:44','2020-09-14 23:29:44',NULL,150,1,5101),(5503,'2020-09-14 23:32:23','2020-09-14 23:32:23',NULL,150,1,5102),(5504,'2020-09-14 23:33:16','2020-09-14 23:33:16',NULL,150,1,5101),(5551,'2020-09-30 17:10:25','2020-09-30 17:10:25',NULL,1,1,5154),(5600,'2020-10-01 14:02:43','2020-10-01 14:02:43',NULL,8,1,5200),(5601,'2020-10-01 14:09:11','2020-10-01 14:09:11',NULL,7,1,5201),(5801,'2020-10-02 12:49:04','2020-10-02 12:49:04',NULL,1,1,5401),(5850,'2020-10-02 23:16:12','2020-10-02 23:16:12',NULL,8,1,5450),(5900,'2020-10-02 23:40:10','2020-10-02 23:40:10',NULL,7,1,5500),(5950,'2020-10-02 23:45:21','2020-10-02 23:45:21',NULL,7,1,5550),(6000,'2020-10-02 23:57:50','2020-10-02 23:57:50',NULL,7,1,5600),(6100,'2020-10-03 18:55:48','2020-10-03 18:55:48',NULL,6,1,5700),(6150,'2020-10-03 19:03:34','2020-10-03 19:03:34',NULL,6,1,5750),(6251,'2020-10-04 11:38:52','2020-10-04 11:38:52',NULL,200,1,5851),(6252,'2020-10-04 11:44:17','2020-10-04 11:44:17',NULL,200,1,5851),(6300,'2020-10-04 12:18:22','2020-10-04 12:18:22',NULL,200,1,5851),(6402,'2020-10-04 15:31:12','2020-10-04 15:31:12',NULL,200,1,5951),(6450,'2020-10-10 22:59:06','2020-10-10 23:00:33',NULL,200,2,6000),(6451,'2020-10-10 22:59:38','2020-10-10 22:59:38',NULL,200,1,6000),(6452,'2020-10-10 23:03:33','2020-10-10 23:03:33',NULL,200,1,6000),(6500,'2020-10-31 22:31:42','2020-10-31 22:31:42',NULL,200,1,6050),(6551,'2020-10-31 22:42:24','2020-10-31 22:42:24',NULL,200,1,6101),(6651,'2020-10-31 23:14:55','2020-10-31 23:14:55',NULL,200,1,6200),(6700,'2020-11-01 17:02:53','2020-11-01 17:02:53',NULL,200,1,6250),(6750,'2020-11-01 17:29:16','2020-11-01 17:29:16',NULL,200,1,6300),(6800,'2020-11-01 17:47:30','2020-11-01 17:47:30',NULL,200,1,6350),(6900,'2020-11-01 22:45:46','2020-11-01 22:45:46',NULL,200,1,6450),(6950,'2020-11-01 23:05:34','2020-11-01 23:05:34',NULL,200,1,6500),(7000,'2020-11-01 23:18:26','2020-11-01 23:18:26',NULL,200,1,6550),(7100,'2020-11-21 22:54:36','2020-11-21 22:54:36',NULL,200,1,5851),(7153,'2020-12-20 21:57:51','2020-12-20 21:57:51',NULL,150,1,6702),(7200,'2021-01-01 23:12:51','2021-01-01 23:12:51',NULL,200,1,6750),(7251,'2021-01-01 23:52:59','2021-01-01 23:52:59',NULL,200,1,6801),(7351,'2021-01-02 00:20:52','2021-01-02 00:20:52',NULL,200,1,6901),(7400,'2021-01-02 00:24:23','2021-01-02 00:24:23',NULL,200,1,5851),(7500,'2021-01-03 17:54:39','2021-01-03 17:54:39',NULL,357,1,7050),(8000,'2021-01-16 16:55:04','2021-01-16 16:55:04',NULL,254,1,7550),(8051,'2021-01-24 14:22:47','2021-01-24 14:22:47',NULL,257,1,7601),(8052,'2021-01-24 14:23:00','2021-01-24 14:23:00',NULL,257,2,7601),(8100,'2021-01-26 18:01:00','2021-01-26 18:01:00',NULL,250,1,7650),(8703,'2021-02-16 10:25:49','2021-02-16 10:25:49',NULL,150,1,8251),(8704,'2021-02-16 10:25:58','2021-02-16 10:25:58',NULL,150,1,8251),(8801,'2021-02-16 11:29:42','2021-02-16 11:29:42',NULL,150,1,8351);
/*!40000 ALTER TABLE `shopping_cart_item` ENABLE KEYS */;
UNLOCK TABLES;

--
-- Table structure for table `sm_group`
--

DROP TABLE IF EXISTS `sm_group`;
/*!40101 SET @saved_cs_client     = @@character_set_client */;
/*!40101 SET character_set_client = utf8 */;
CREATE TABLE `sm_group` (
  `GROUP_ID` int(11) NOT NULL,
  `DATE_CREATED` datetime DEFAULT NULL,
  `DATE_MODIFIED` datetime DEFAULT NULL,
  `UPDT_ID` varchar(20) DEFAULT NULL,
  `GROUP_NAME` varchar(255) NOT NULL,
  `GROUP_TYPE` varchar(255) DEFAULT NULL,
  PRIMARY KEY (`GROUP_ID`),
  UNIQUE KEY `UK_t83rjsoml3o785oj37lpqpyko` (`GROUP_NAME`),
  KEY `SM_GROUP_GROUP_TYPE` (`GROUP_TYPE`)
) ENGINE=InnoDB DEFAULT CHARSET=utf8;
/*!40101 SET character_set_client = @saved_cs_client */;

--
-- Dumping data for table `sm_group`
--

LOCK TABLES `sm_group` WRITE;
/*!40000 ALTER TABLE `sm_group` DISABLE KEYS */;
INSERT INTO `sm_group` VALUES (1,'2020-06-02 21:26:33','2020-06-02 21:26:33',NULL,'SUPERADMIN','ADMIN'),(2,'2020-06-02 21:26:34','2020-06-02 21:26:34',NULL,'ADMIN','ADMIN'),(3,'2020-06-02 21:26:34','2020-06-02 21:26:34',NULL,'ADMIN_RETAILER','ADMIN'),(4,'2020-06-02 21:26:38','2020-06-02 21:26:38',NULL,'ADMIN_CATALOGUE','ADMIN'),(5,'2020-06-02 21:26:38','2020-06-02 21:26:38',NULL,'ADMIN_STORE','ADMIN'),(6,'2020-06-02 21:26:38','2020-06-02 21:26:38',NULL,'ADMIN_ORDER','ADMIN'),(7,'2020-06-02 21:26:38','2020-06-02 21:26:38',NULL,'ADMIN_CONTENT','ADMIN'),(8,'2020-06-02 21:26:38','2020-06-02 21:26:38',NULL,'CUSTOMER','ADMIN');
/*!40000 ALTER TABLE `sm_group` ENABLE KEYS */;
UNLOCK TABLES;

--
-- Table structure for table `sm_sequencer`
--

DROP TABLE IF EXISTS `sm_sequencer`;
/*!40101 SET @saved_cs_client     = @@character_set_client */;
/*!40101 SET character_set_client = utf8 */;
CREATE TABLE `sm_sequencer` (
  `SEQ_NAME` varchar(255) NOT NULL,
  `SEQ_COUNT` bigint(20) DEFAULT NULL,
  PRIMARY KEY (`SEQ_NAME`)
) ENGINE=InnoDB DEFAULT CHARSET=utf8;
/*!40101 SET character_set_client = @saved_cs_client */;

--
-- Dumping data for table `sm_sequencer`
--

LOCK TABLES `sm_sequencer` WRITE;
/*!40000 ALTER TABLE `sm_sequencer` DISABLE KEYS */;
INSERT INTO `sm_sequencer` VALUES ('CATEGORY_SEQ_NEXT_VAL',7),('CONTENT_SEQ_NEXT_VAL',3),('COUNTRY_SEQ_NEXT_VAL',2),('CURRENCY_SEQ_NEXT_VAL',4),('CUSTOMER_SEQ_NEXT_VAL',90),('DESCRIPTION_SEQ_NEXT_VAL',59),('GROUP_SEQ_NEXT_VAL',1),('LANG_SEQ_NEXT_VAL',1),('MANUFACT_SEQ_NEXT_VAL',3),('MERCH_CONF_SEQ_NEXT_VAL',3),('MOD_CONF_SEQ_NEXT_VAL',2),('ORDER_ID_SEQ_NEXT_VAL',95),('ORDER_PRD_PRICE_ID_NEXT_VAL',95),('ORDER_PRODUCT_ATTR_ID_NEXT_VAL',47),('ORDER_PRODUCT_ID_NEXT_VALUE',95),('ORDER_TOTAL_ID_NEXT_VALUE',95),('PERMISSION_SEQ_NEXT_VAL',1),('PRD_TYPE_SEQ_NEXT_VAL',1),('PRODUCT_ATTR_SEQ_NEXT_VAL',7),('PRODUCT_AVAIL_SEQ_NEXT_VAL',8),('PRODUCT_IMG_SEQ_NEXT_VAL',10),('PRODUCT_OPTION_SEQ_NEXT_VAL',3),('PRODUCT_OPT_VAL_SEQ_NEXT_VAL',3),('PRODUCT_PRICE_SEQ_NEXT_VAL',9),('PRODUCT_RELATION_SEQ_NEXT_VAL',6),('PRODUCT_REVIEW_SEQ_NEXT_VAL',2),('PRODUCT_SEQ_NEXT_VAL',8),('SHIP_QUOTE_ID_NEXT_VALUE',201),('SHP_CRT_ATTR_ITM_SEQ_NEXT_VAL',72),('SHP_CRT_ITM_SEQ_NEXT_VAL',186),('SHP_CRT_SEQ_NEXT_VAL',177),('SHP_ORIG_SEQ_NEXT_VAL',1),('STATUS_HIST_ID_NEXT_VALUE',95),('STORE_SEQ_NEXT_VAL',1),('TRANSACT_SEQ_NEXT_VAL',97),('TX_CLASS_SEQ_NEXT_VAL',1),('USER_SEQ_NEXT_VAL',1),('ZONE_SEQ_NEXT_VAL',4);
/*!40000 ALTER TABLE `sm_sequencer` ENABLE KEYS */;
UNLOCK TABLES;

--
-- Table structure for table `sm_transaction`
--

DROP TABLE IF EXISTS `sm_transaction`;
/*!40101 SET @saved_cs_client     = @@character_set_client */;
/*!40101 SET character_set_client = utf8 */;
CREATE TABLE `sm_transaction` (
  `TRANSACTION_ID` bigint(20) NOT NULL,
  `AMOUNT` decimal(19,2) DEFAULT NULL,
  `DATE_CREATED` datetime DEFAULT NULL,
  `DATE_MODIFIED` datetime DEFAULT NULL,
  `UPDT_ID` varchar(20) DEFAULT NULL,
  `DETAILS` longtext DEFAULT NULL,
  `PAYMENT_TYPE` varchar(255) DEFAULT NULL,
  `TRANSACTION_DATE` datetime DEFAULT NULL,
  `TRANSACTION_TYPE` varchar(255) DEFAULT NULL,
  `ORDER_ID` bigint(20) DEFAULT NULL,
  PRIMARY KEY (`TRANSACTION_ID`),
  KEY `FK7j0s1gqh2tue1fyh5nyj5kwkp` (`ORDER_ID`),
  CONSTRAINT `FK7j0s1gqh2tue1fyh5nyj5kwkp` FOREIGN KEY (`ORDER_ID`) REFERENCES `orders` (`ORDER_ID`)
) ENGINE=InnoDB DEFAULT CHARSET=utf8;
/*!40101 SET character_set_client = @saved_cs_client */;

--
-- Dumping data for table `sm_transaction`
--

LOCK TABLES `sm_transaction` WRITE;
/*!40000 ALTER TABLE `sm_transaction` DISABLE KEYS */;
INSERT INTO `sm_transaction` VALUES (1150,129.00,'2020-06-03 13:52:08','2020-06-03 13:52:08',NULL,'{\"ORDER_UID\":\"116307099250738442\"}','PAYPAL','2020-06-03 13:52:08','INIT',NULL),(1151,129.00,'2020-06-03 13:52:40','2020-06-03 13:52:40',NULL,'{\"ORDERID\":\"116307099250738442\",\"BANKTXNID\":\"777001041444982\",\"STATUS\":\"TXN_SUCCESS\",\"PAYMENTMODE\":\"CC\",\"TXNDATE\":\"2020-06-03 13:52:18.0\",\"RESPCODE\":\"01\",\"TXNAMOUNT\":\"129.00\",\"TXNID\":\"20200603111212800110168096301584649\"}','PAYPAL','2020-06-03 13:52:40','AUTHORIZECAPTURE',550),(1200,53.00,'2020-06-03 14:28:53','2020-06-03 14:28:53',NULL,'{\"ORDER_UID\":\"3024153506918056355\"}','PAYPAL','2020-06-03 14:28:52','INIT',NULL),(1201,53.00,'2020-06-03 14:29:23','2020-06-03 14:29:23',NULL,'{\"ORDERID\":\"3024153506918056355\",\"BANKTXNID\":\"777001971960931\",\"STATUS\":\"TXN_SUCCESS\",\"PAYMENTMODE\":\"CC\",\"TXNDATE\":\"2020-06-03 14:29:02.0\",\"RESPCODE\":\"01\",\"TXNAMOUNT\":\"53.00\",\"TXNID\":\"20200603111212800110168376201614482\"}','PAYPAL','2020-06-03 14:29:23','AUTHORIZECAPTURE',600),(1202,117.00,'2020-06-03 14:34:27','2020-06-03 14:34:27',NULL,'{\"ORDER_UID\":\"965726530376256092\"}','PAYPAL','2020-06-03 14:34:27','INIT',NULL),(1203,117.00,'2020-06-03 14:35:03','2020-06-03 14:35:03',NULL,'{\"ORDERID\":\"965726530376256092\",\"BANKTXNID\":\"777001649196607\",\"STATUS\":\"TXN_SUCCESS\",\"PAYMENTMODE\":\"CC\",\"TXNDATE\":\"2020-06-03 14:34:37.0\",\"RESPCODE\":\"01\",\"TXNAMOUNT\":\"117.00\",\"TXNID\":\"20200603111212800110168339801593497\"}','PAYPAL','2020-06-03 14:35:03','AUTHORIZECAPTURE',601),(1204,73.00,'2020-06-03 14:39:24','2020-06-03 14:39:24',NULL,'{\"ORDER_UID\":\"8269935598811629475\"}','PAYPAL','2020-06-03 14:39:24','INIT',NULL),(1205,73.00,'2020-06-03 14:40:06','2020-06-03 14:40:06',NULL,'{\"ORDERID\":\"8269935598811629475\",\"BANKTXNID\":\"777001167433045\",\"STATUS\":\"TXN_SUCCESS\",\"PAYMENTMODE\":\"CC\",\"TXNDATE\":\"2020-06-03 14:39:33.0\",\"RESPCODE\":\"01\",\"TXNAMOUNT\":\"73.00\",\"TXNID\":\"20200603111212800110168270901594052\"}','PAYPAL','2020-06-03 14:40:06','AUTHORIZECAPTURE',602),(1250,69.00,'2020-06-03 15:51:44','2020-06-03 15:51:44',NULL,'{\"ORDER_UID\":\"8534517833619557782\"}','PAYPAL','2020-06-03 15:51:44','INIT',NULL),(1251,69.00,'2020-06-03 15:52:16','2020-06-03 15:52:16',NULL,'{\"ORDERID\":\"8534517833619557782\",\"BANKTXNID\":\"777001712103648\",\"STATUS\":\"TXN_SUCCESS\",\"PAYMENTMODE\":\"CC\",\"TXNDATE\":\"2020-06-03 15:51:54.0\",\"RESPCODE\":\"01\",\"TXNAMOUNT\":\"69.00\",\"TXNID\":\"20200603111212800110168294701602997\"}','PAYPAL','2020-06-03 15:52:16','AUTHORIZECAPTURE',650),(1252,152.00,'2020-06-03 15:58:08','2020-06-03 15:58:08',NULL,'{\"ORDER_UID\":\"6350578870310093725\"}','PAYPAL','2020-06-03 15:58:08','INIT',NULL),(1253,152.00,'2020-06-03 15:58:44','2020-06-03 15:58:44',NULL,'{\"ORDERID\":\"6350578870310093725\",\"BANKTXNID\":\"777001034801761\",\"STATUS\":\"TXN_SUCCESS\",\"PAYMENTMODE\":\"CC\",\"TXNDATE\":\"2020-06-03 15:58:18.0\",\"RESPCODE\":\"01\",\"TXNAMOUNT\":\"152.00\",\"TXNID\":\"20200603111212800110168196501598194\"}','PAYPAL','2020-06-03 15:58:44','AUTHORIZECAPTURE',651),(1300,152.00,'2020-06-03 21:24:21','2020-06-03 21:24:21',NULL,'{\"ORDER_UID\":\"402620892419346082\"}','PAYPAL','2020-06-03 21:24:21','INIT',NULL),(1301,152.00,'2020-06-03 21:24:52','2020-06-03 21:24:52',NULL,'{\"ORDERID\":\"402620892419346082\",\"BANKTXNID\":\"777001145166895\",\"STATUS\":\"TXN_SUCCESS\",\"PAYMENTMODE\":\"CC\",\"TXNDATE\":\"2020-06-03 21:24:31.0\",\"RESPCODE\":\"01\",\"TXNAMOUNT\":\"152.00\",\"TXNID\":\"20200603111212800110168444901579822\"}','PAYPAL','2020-06-03 21:24:52','AUTHORIZECAPTURE',700),(1350,67.00,'2020-06-04 15:00:07','2020-06-04 15:00:07',NULL,'{\"ORDER_UID\":\"6502299507283152441\"}','PAYPAL','2020-06-04 15:00:06','INIT',NULL),(1351,67.00,'2020-06-04 15:00:38','2020-06-04 15:00:38',NULL,'{\"ORDERID\":\"6502299507283152441\",\"BANKTXNID\":\"777001859071250\",\"STATUS\":\"TXN_SUCCESS\",\"PAYMENTMODE\":\"CC\",\"TXNDATE\":\"2020-06-04 15:00:17.0\",\"RESPCODE\":\"01\",\"TXNAMOUNT\":\"67.00\",\"TXNID\":\"20200604111212800110168833701587110\"}','PAYPAL','2020-06-04 15:00:38','AUTHORIZECAPTURE',750),(1400,112.00,'2020-06-05 21:11:55','2020-06-05 21:11:55',NULL,'{\"ORDER_UID\":\"1910802160499769536\"}','PAYPAL','2020-06-05 21:11:55','INIT',NULL),(1401,112.00,'2020-06-05 21:12:25','2020-06-05 21:12:25',NULL,'{\"ORDERID\":\"1910802160499769536\",\"BANKTXNID\":\"777001444924374\",\"STATUS\":\"TXN_SUCCESS\",\"PAYMENTMODE\":\"CC\",\"TXNDATE\":\"2020-06-05 21:12:07.0\",\"RESPCODE\":\"01\",\"TXNAMOUNT\":\"112.00\",\"TXNID\":\"20200605111212800110168165601614658\"}','PAYPAL','2020-06-05 21:12:25','AUTHORIZECAPTURE',800),(1450,96.00,'2020-06-05 22:22:27','2020-06-05 22:22:27',NULL,NULL,'MONEYORDER','2020-06-05 22:22:27','AUTHORIZECAPTURE',850),(1451,126.00,'2020-06-05 22:30:35','2020-06-05 22:30:35',NULL,NULL,'MONEYORDER','2020-06-05 22:30:35','AUTHORIZECAPTURE',851),(1452,153.00,'2020-06-05 22:35:11','2020-06-05 22:35:11',NULL,NULL,'MONEYORDER','2020-06-05 22:35:11','AUTHORIZECAPTURE',852),(1500,481.00,'2020-06-06 22:29:40','2020-06-06 22:29:40',NULL,'{\"ORDER_UID\":\"7275206144143671400\"}','PAYPAL','2020-06-06 22:29:40','INIT',NULL),(1501,481.00,'2020-06-06 22:30:08','2020-06-06 22:30:08',NULL,'{\"ORDERID\":\"7275206144143671400\",\"BANKTXNID\":\"777001815395319\",\"STATUS\":\"TXN_SUCCESS\",\"PAYMENTMODE\":\"CC\",\"TXNDATE\":\"2020-06-06 22:29:53.0\",\"RESPCODE\":\"01\",\"TXNAMOUNT\":\"481.00\",\"TXNID\":\"20200606111212800110168764201607172\"}','PAYPAL','2020-06-06 22:30:08','AUTHORIZECAPTURE',900),(1550,165.00,'2020-06-07 16:23:08','2020-06-07 16:23:08',NULL,'{\"ORDER_UID\":\"2581572627445862181\"}','PAYPAL','2020-06-07 16:23:08','INIT',NULL),(1551,165.00,'2020-06-07 16:23:33','2020-06-07 16:23:33',NULL,'{\"ORDERID\":\"2581572627445862181\",\"BANKTXNID\":\"777001907439185\",\"STATUS\":\"TXN_SUCCESS\",\"PAYMENTMODE\":\"CC\",\"TXNDATE\":\"2020-06-07 16:23:23.0\",\"RESPCODE\":\"01\",\"TXNAMOUNT\":\"165.00\",\"TXNID\":\"20200607111212800110168264101607502\"}','PAYPAL','2020-06-07 16:23:33','AUTHORIZECAPTURE',950),(1600,105.00,'2020-06-07 17:57:36','2020-06-07 17:57:36',NULL,'{\"ORDER_UID\":\"5094619623644938362\"}','PAYPAL','2020-06-07 17:57:36','INIT',NULL),(1601,105.00,'2020-06-07 17:57:58','2020-06-07 17:57:58',NULL,'{\"ORDERID\":\"5094619623644938362\",\"BANKTXNID\":\"777001214633957\",\"STATUS\":\"TXN_SUCCESS\",\"PAYMENTMODE\":\"CC\",\"TXNDATE\":\"2020-06-07 17:57:51.0\",\"RESPCODE\":\"01\",\"TXNAMOUNT\":\"105.00\",\"TXNID\":\"20200607111212800110168108301588441\"}','PAYPAL','2020-06-07 17:57:58','AUTHORIZECAPTURE',1000),(1650,73.00,'2020-06-22 01:04:47','2020-06-22 01:04:47',NULL,'{\"ORDER_UID\":\"8601142098506432749\"}','PAYPAL','2020-06-22 01:04:47','INIT',NULL),(1700,105.00,'2020-06-22 01:14:54','2020-06-22 01:14:54',NULL,'{\"ORDER_UID\":\"5321865557427703714\"}','PAYPAL','2020-06-22 01:14:54','INIT',NULL),(1750,105.00,'2020-06-22 01:31:08','2020-06-22 01:31:08',NULL,'{\"ORDER_UID\":\"7647906774277244308\"}','PAYPAL','2020-06-22 01:31:08','INIT',NULL),(1751,140.00,'2020-06-22 01:35:10','2020-06-22 01:35:10',NULL,'{\"ORDER_UID\":\"6754512621824591171\"}','PAYPAL','2020-06-22 01:35:10','INIT',NULL),(1800,202.00,'2020-06-28 12:10:17','2020-06-28 12:10:17',NULL,'{\"ORDER_UID\":\"5443940216047683013\"}','PAYPAL','2020-06-28 12:10:17','INIT',NULL),(1801,104.00,'2020-06-28 12:13:39','2020-06-28 12:13:39',NULL,'{\"ORDER_UID\":\"5253568188443541562\"}','PAYPAL','2020-06-28 12:13:39','INIT',NULL),(1802,104.00,'2020-06-28 12:14:28','2020-06-28 12:14:28',NULL,'{\"ORDERID\":\"5253568188443541562\",\"BANKTXNID\":\"777001930693999\",\"STATUS\":\"TXN_SUCCESS\",\"PAYMENTMODE\":\"CC\",\"TXNDATE\":\"2020-06-28 12:13:40.0\",\"RESPCODE\":\"01\",\"TXNAMOUNT\":\"104.00\",\"TXNID\":\"20200628111212800110168190301669261\"}','PAYPAL','2020-06-28 12:14:28','AUTHORIZECAPTURE',1050),(1850,124.00,'2020-07-25 23:35:46','2020-07-25 23:35:46',NULL,'{\"ORDER_UID\":\"6343349267643910598\"}','PAYPAL','2020-07-25 23:35:46','INIT',NULL),(1851,124.00,'2020-07-25 23:36:10','2020-07-25 23:36:11',NULL,'{\"ORDERID\":\"6343349267643910598\",\"BANKTXNID\":\"777001425565073\",\"STATUS\":\"TXN_SUCCESS\",\"PAYMENTMODE\":\"CC\",\"TXNDATE\":\"2020-07-25 23:35:47.0\",\"RESPCODE\":\"01\",\"TXNAMOUNT\":\"124.00\",\"TXNID\":\"20200725111212800110168840001730657\"}','PAYPAL','2020-07-25 23:36:10','AUTHORIZECAPTURE',1100),(1900,74.00,'2020-07-26 00:56:39','2020-07-26 00:56:39',NULL,NULL,'MONEYORDER','2020-07-26 00:56:39','AUTHORIZECAPTURE',1150),(1901,736.00,'2020-07-26 01:02:21','2020-07-26 01:02:21',NULL,'{\"ORDER_UID\":\"7558060474956468139\"}','PAYPAL','2020-07-26 01:02:21','INIT',NULL),(1902,74.00,'2020-07-26 01:28:28','2020-07-26 01:28:28',NULL,'{\"ORDER_UID\":\"4474720358121687512\"}','PAYPAL','2020-07-26 01:28:28','INIT',NULL),(1903,74.00,'2020-07-26 01:29:06','2020-07-26 01:29:06',NULL,'{\"ORDERID\":\"4474720358121687512\",\"BANKTXNID\":\"777001846954057\",\"STATUS\":\"TXN_SUCCESS\",\"PAYMENTMODE\":\"CC\",\"TXNDATE\":\"2020-07-26 01:28:29.0\",\"RESPCODE\":\"01\",\"TXNAMOUNT\":\"74.00\",\"TXNID\":\"20200726111212800110168110301734175\"}','PAYPAL','2020-07-26 01:29:06','AUTHORIZECAPTURE',1151),(1950,230.00,'2020-08-01 17:08:08','2020-08-01 17:08:08',NULL,NULL,'MONEYORDER','2020-08-01 17:08:08','AUTHORIZECAPTURE',1200),(1951,84.00,'2020-08-01 17:15:17','2020-08-01 17:15:17',NULL,'{\"ORDER_UID\":\"1425567067577532765\"}','PAYPAL','2020-08-01 17:15:17','INIT',NULL),(1952,61.00,'2020-08-01 17:21:07','2020-08-01 17:21:07',NULL,'{\"ORDER_UID\":\"4602352273956881724\"}','PAYPAL','2020-08-01 17:21:07','INIT',NULL),(1953,120.00,'2020-08-01 17:22:53','2020-08-01 17:22:53',NULL,'{\"ORDER_UID\":\"5913667724153996002\"}','PAYPAL','2020-08-01 17:22:53','INIT',NULL),(2000,74.00,'2020-08-01 17:45:30','2020-08-01 17:45:30',NULL,'{\"ORDER_UID\":\"3964956389453612217\"}','PAYPAL','2020-08-01 17:45:30','INIT',NULL),(2001,74.00,'2020-08-01 17:46:09','2020-08-01 17:46:09',NULL,'{\"ORDERID\":\"3964956389453612217\",\"BANKTXNID\":\"777001115616909\",\"STATUS\":\"TXN_SUCCESS\",\"PAYMENTMODE\":\"CC\",\"TXNDATE\":\"2020-08-01 17:45:33.0\",\"RESPCODE\":\"01\",\"TXNAMOUNT\":\"74.00\",\"TXNID\":\"20200801111212800110168038501765309\"}','PAYPAL','2020-08-01 17:46:09','AUTHORIZECAPTURE',1250),(2002,111.00,'2020-08-01 17:49:19','2020-08-01 17:49:19',NULL,'{\"ORDER_UID\":\"289072640217402417\"}','PAYPAL','2020-08-01 17:49:19','INIT',NULL),(2003,111.00,'2020-08-01 17:49:44','2020-08-01 17:49:44',NULL,'{\"ORDERID\":\"289072640217402417\",\"BANKTXNID\":\"777001624942958\",\"STATUS\":\"TXN_SUCCESS\",\"PAYMENTMODE\":\"CC\",\"TXNDATE\":\"2020-08-01 17:49:20.0\",\"RESPCODE\":\"01\",\"TXNAMOUNT\":\"111.00\",\"TXNID\":\"20200801111212800110168206501760950\"}','PAYPAL','2020-08-01 17:49:44','AUTHORIZECAPTURE',1251),(2004,110.00,'2020-08-01 18:01:40','2020-08-01 18:01:40',NULL,'{\"ORDER_UID\":\"1247290489111662166\"}','PAYPAL','2020-08-01 18:01:40','INIT',NULL),(2050,152.00,'2020-08-01 18:10:47','2020-08-01 18:10:47',NULL,'{\"ORDER_UID\":\"3409469791519656930\"}','PAYPAL','2020-08-01 18:10:47','INIT',NULL),(2100,249.00,'2020-08-09 17:48:19','2020-08-09 17:48:19',NULL,'{\"ORDER_UID\":\"937275443763298321\"}','PAYPAL','2020-08-09 17:48:19','INIT',NULL),(2101,249.00,'2020-08-09 17:49:00','2020-08-09 17:49:00',NULL,'{\"ORDERID\":\"937275443763298321\",\"BANKTXNID\":\"777001631991029\",\"STATUS\":\"TXN_SUCCESS\",\"PAYMENTMODE\":\"CC\",\"TXNDATE\":\"2020-08-09 17:48:24.0\",\"RESPCODE\":\"01\",\"TXNAMOUNT\":\"249.00\",\"TXNID\":\"20200809111212800110168396801778641\"}','PAYPAL','2020-08-09 17:49:00','AUTHORIZECAPTURE',1300),(2102,74.00,'2020-08-09 17:55:41','2020-08-09 17:55:41',NULL,'{\"ORDER_UID\":\"7089248053955020497\"}','PAYPAL','2020-08-09 17:55:41','INIT',NULL),(2103,74.00,'2020-08-09 17:56:13','2020-08-09 17:56:13',NULL,'{\"ORDERID\":\"7089248053955020497\",\"BANKTXNID\":\"777001864810726\",\"STATUS\":\"TXN_SUCCESS\",\"PAYMENTMODE\":\"CC\",\"TXNDATE\":\"2020-08-09 17:55:44.0\",\"RESPCODE\":\"01\",\"TXNAMOUNT\":\"74.00\",\"TXNID\":\"20200809111212800110168512301995665\"}','PAYPAL','2020-08-09 17:56:13','AUTHORIZECAPTURE',1301),(2104,124.00,'2020-08-09 17:58:22','2020-08-09 17:58:22',NULL,'{\"ORDER_UID\":\"6693778471697335964\"}','PAYPAL','2020-08-09 17:58:22','INIT',NULL),(2105,124.00,'2020-08-09 17:58:42','2020-08-09 17:58:42',NULL,'{\"ORDERID\":\"6693778471697335964\",\"BANKTXNID\":\"777001018968091\",\"STATUS\":\"TXN_SUCCESS\",\"PAYMENTMODE\":\"CC\",\"TXNDATE\":\"2020-08-09 17:58:24.0\",\"RESPCODE\":\"01\",\"TXNAMOUNT\":\"124.00\",\"TXNID\":\"20200809111212800110168561001814825\"}','PAYPAL','2020-08-09 17:58:42','AUTHORIZECAPTURE',1302),(2106,124.00,'2020-08-09 18:43:48','2020-08-09 18:43:48',NULL,'{\"ORDER_UID\":\"1064666528699926587\"}','PAYPAL','2020-08-09 18:43:48','INIT',NULL),(2107,124.00,'2020-08-09 18:44:09','2020-08-09 18:44:09',NULL,'{\"ORDERID\":\"1064666528699926587\",\"BANKTXNID\":\"777001387214420\",\"STATUS\":\"TXN_SUCCESS\",\"PAYMENTMODE\":\"CC\",\"TXNDATE\":\"2020-08-09 18:43:50.0\",\"RESPCODE\":\"01\",\"TXNAMOUNT\":\"124.00\",\"TXNID\":\"20200809111212800110168296301809689\"}','PAYPAL','2020-08-09 18:44:09','AUTHORIZECAPTURE',1303),(2108,76.00,'2020-08-09 19:07:25','2020-08-09 19:07:25',NULL,'{\"ORDER_UID\":\"1528435338094136728\"}','PAYPAL','2020-08-09 19:07:25','INIT',NULL),(2109,76.00,'2020-08-09 19:07:50','2020-08-09 19:07:50',NULL,'{\"ORDERID\":\"1528435338094136728\",\"BANKTXNID\":\"777001023262985\",\"STATUS\":\"TXN_SUCCESS\",\"PAYMENTMODE\":\"CC\",\"TXNDATE\":\"2020-08-09 19:07:32.0\",\"RESPCODE\":\"01\",\"TXNAMOUNT\":\"76.00\",\"TXNID\":\"20200809111212800110168501801790776\"}','PAYPAL','2020-08-09 19:07:50','AUTHORIZECAPTURE',1304),(2110,110.00,'2020-08-09 19:27:12','2020-08-09 19:27:12',NULL,'{\"ORDER_UID\":\"4556824150171992211\"}','PAYPAL','2020-08-09 19:27:12','INIT',NULL),(2150,62.00,'2020-08-10 09:30:05','2020-08-10 09:30:05',NULL,'{\"ORDER_UID\":\"495052102123998164\"}','PAYPAL','2020-08-10 09:30:05','INIT',NULL),(2151,62.00,'2020-08-10 09:30:56','2020-08-10 09:30:56',NULL,'{\"ORDERID\":\"495052102123998164\",\"BANKTXNID\":\"777001266907403\",\"STATUS\":\"TXN_SUCCESS\",\"PAYMENTMODE\":\"CC\",\"TXNDATE\":\"2020-08-10 09:30:07.0\",\"RESPCODE\":\"01\",\"TXNAMOUNT\":\"62.00\",\"TXNID\":\"20200810111212800110168991301797394\"}','PAYPAL','2020-08-10 09:30:56','AUTHORIZECAPTURE',1350),(2200,76.00,'2020-08-10 10:53:51','2020-08-10 10:53:51',NULL,NULL,'MONEYORDER','2020-08-10 10:53:51','AUTHORIZECAPTURE',1400),(2250,71.00,'2020-08-16 12:37:36','2020-08-16 12:37:36',NULL,'{\"ORDER_UID\":\"102956304776708128\"}','PAYPAL','2020-08-16 12:37:36','INIT',NULL),(2251,81.00,'2020-08-16 12:40:48','2020-08-16 12:40:48',NULL,'{\"ORDER_UID\":\"5180574337037127637\"}','PAYPAL','2020-08-16 12:40:48','INIT',NULL),(2300,72.00,'2020-08-16 12:52:22','2020-08-16 12:52:22',NULL,'{\"ORDER_UID\":\"5194929297892459743\"}','PAYPAL','2020-08-16 12:52:22','INIT',NULL),(2301,78.00,'2020-08-16 12:55:17','2020-08-16 12:55:17',NULL,NULL,'MONEYORDER','2020-08-16 12:55:17','AUTHORIZECAPTURE',1450),(2302,92.00,'2020-08-16 13:07:26','2020-08-16 13:07:26',NULL,'{\"ORDER_UID\":\"3036640250908329282\"}','PAYPAL','2020-08-16 13:07:26','INIT',NULL),(2350,3.00,'2020-08-16 13:15:12','2020-08-16 13:15:12',NULL,'{\"ORDER_UID\":\"5344048049370515251\"}','PAYPAL','2020-08-16 13:15:12','INIT',NULL),(2400,66.00,'2020-08-16 13:37:13','2020-08-16 13:37:13',NULL,'{\"ORDER_UID\":\"6440967136683180152\"}','PAYPAL','2020-08-16 13:37:13','INIT',NULL),(2450,181.00,'2020-08-20 12:44:24','2020-08-20 12:44:24',NULL,'{\"ORDER_UID\":\"2524261070512865854\"}','PAYPAL','2020-08-20 12:44:24','INIT',NULL),(2500,72.00,'2020-08-21 12:47:57','2020-08-21 12:47:57',NULL,'{\"ORDER_UID\":\"9188343200747768371\"}','PAYPAL','2020-08-21 12:47:56','INIT',NULL),(2550,95.00,'2020-08-21 16:34:24','2020-08-21 16:34:24',NULL,'{\"ORDER_UID\":\"1930043053271498835\"}','PAYPAL','2020-08-21 16:34:24','INIT',NULL),(2600,105.00,'2020-08-21 16:43:45','2020-08-21 16:43:45',NULL,'{\"ORDER_UID\":\"8542687527219777110\"}','PAYPAL','2020-08-21 16:43:45','INIT',NULL),(2650,77.00,'2020-08-21 16:53:45','2020-08-21 16:53:45',NULL,'{\"ORDER_UID\":\"4051231438899728234\"}','PAYPAL','2020-08-21 16:53:45','INIT',NULL),(2651,85.00,'2020-08-21 17:01:13','2020-08-21 17:01:13',NULL,'{\"ORDER_UID\":\"1151722779883163183\"}','PAYPAL','2020-08-21 17:01:13','INIT',NULL),(2700,54.00,'2020-08-22 17:25:17','2020-08-22 17:25:17',NULL,'{\"ORDER_UID\":\"3392312743193431396\"}','PAYPAL','2020-08-22 17:25:17','INIT',NULL),(2750,95.00,'2020-08-22 17:48:06','2020-08-22 17:48:06',NULL,'{\"ORDER_UID\":\"5278629134864893330\"}','PAYPAL','2020-08-22 17:48:06','INIT',NULL),(2800,83.00,'2020-08-22 18:04:21','2020-08-22 18:04:21',NULL,'{\"ORDER_UID\":\"3613802635500211359\"}','PAYPAL','2020-08-22 18:04:21','INIT',NULL),(2801,95.00,'2020-08-22 18:09:46','2020-08-22 18:09:46',NULL,'{\"ORDER_UID\":\"4220281681988898617\"}','PAYPAL','2020-08-22 18:09:46','INIT',NULL),(2850,79.00,'2020-08-23 18:28:48','2020-08-23 18:28:48',NULL,'{\"ORDER_UID\":\"3415947466457251\"}','PAYPAL','2020-08-23 18:28:48','INIT',NULL),(2851,79.00,'2020-08-23 18:32:20','2020-08-23 18:32:20',NULL,'{\"ORDER_UID\":\"1995043651652240781\"}','PAYPAL','2020-08-23 18:32:20','INIT',NULL),(2900,75.00,'2020-08-23 18:39:48','2020-08-23 18:39:48',NULL,'{\"ORDER_UID\":\"8780357182902913985\"}','PAYPAL','2020-08-23 18:39:48','INIT',NULL),(2901,71.00,'2020-08-23 18:43:19','2020-08-23 18:43:19',NULL,'{\"ORDER_UID\":\"1683848707008448159\"}','PAYPAL','2020-08-23 18:43:19','INIT',NULL),(2902,71.00,'2020-08-23 18:45:27','2020-08-23 18:45:27',NULL,'{\"ORDER_UID\":\"1199772886201093834\"}','PAYPAL','2020-08-23 18:45:27','INIT',NULL),(2950,75.00,'2020-08-23 18:53:57','2020-08-23 18:53:57',NULL,'{\"ORDER_UID\":\"5217042252474369555\"}','PAYPAL','2020-08-23 18:53:57','INIT',NULL),(2951,71.00,'2020-08-23 18:57:28','2020-08-23 18:57:28',NULL,'{\"ORDER_UID\":\"5675151056792602354\"}','PAYPAL','2020-08-23 18:57:28','INIT',NULL),(3000,85.00,'2020-08-23 21:46:13','2020-08-23 21:46:13',NULL,'{\"ORDER_UID\":\"2423029201640443582\"}','PAYPAL','2020-08-23 21:46:13','INIT',NULL),(3050,75.00,'2020-08-23 22:07:46','2020-08-23 22:07:46',NULL,'{\"ORDER_UID\":\"1743170485655783198\"}','PAYPAL','2020-08-23 22:07:46','INIT',NULL),(3100,72.00,'2020-08-24 23:06:03','2020-08-24 23:06:03',NULL,'{\"ORDER_UID\":\"2759790572866324661\"}','PAYPAL','2020-08-24 23:06:03','INIT',NULL),(3101,76.00,'2020-08-24 23:13:17','2020-08-24 23:13:17',NULL,'{\"ORDER_UID\":\"5639703520772376106\"}','PAYPAL','2020-08-24 23:13:17','INIT',NULL),(3150,76.00,'2020-08-25 12:01:28','2020-08-25 12:01:28',NULL,'{\"ORDER_UID\":\"4401432569282054156\"}','PAYPAL','2020-08-25 12:01:28','INIT',NULL),(3151,NULL,'2020-08-25 12:04:03','2020-08-25 12:04:03',NULL,NULL,NULL,NULL,NULL,1600),(3200,58.00,'2020-08-25 12:26:50','2020-08-25 12:26:50',NULL,'{\"ORDER_UID\":\"7716914866113758432\"}','PAYPAL','2020-08-25 12:26:50','INIT',NULL),(3201,58.00,'2020-08-25 12:28:20','2020-08-25 12:28:20',NULL,NULL,'PAYTM','2020-08-25 12:27:48','AUTHORIZECAPTURE',1650),(3250,58.00,'2020-08-25 12:34:38','2020-08-25 12:34:38',NULL,'{\"ORDER_UID\":\"6959340200483636948\"}','PAYPAL','2020-08-25 12:34:38','INIT',NULL),(3251,58.00,'2020-08-25 12:35:33','2020-08-25 12:35:33',NULL,'{\"ORDERID\":\"1700\",\"BANKTXNID\":\"777001217221534\",\"STATUS\":\"TXN_SUCCESS\",\"PAYMENTMODE\":\"CC\",\"TXNDATE\":\"2020-08-25 12:34:41.0\",\"RESPCODE\":\"01\",\"TXNAMOUNT\":\"58.00\",\"TXNID\":\"20200825111212800110168886301836945\"}','PAYTM','2020-08-25 12:35:20','AUTHORIZECAPTURE',1700),(3300,70.00,'2020-08-25 13:03:12','2020-08-25 13:03:12',NULL,'{\"ORDERID\":\"1750\",\"ORDER_UID\":\"5053021197640878357\"}','PAYTM','2020-08-25 13:03:11','INIT',1750),(3301,70.00,'2020-08-25 13:04:02','2020-08-25 13:04:02',NULL,'{\"ORDERID\":\"1750\",\"BANKTXNID\":\"777001473041424\",\"STATUS\":\"TXN_SUCCESS\",\"PAYMENTMODE\":\"CC\",\"TXNDATE\":\"2020-08-25 13:03:15.0\",\"RESPCODE\":\"01\",\"TXNAMOUNT\":\"70.00\",\"TXNID\":\"20200825111212800110168437201830012\"}','PAYTM','2020-08-25 13:04:02','AUTHORIZECAPTURE',1750),(3350,60.00,'2020-08-25 17:17:07','2020-08-25 17:17:07',NULL,'{\"ORDERID\":\"1850\",\"ORDER_UID\":\"8970190935394240486\"}','PAYTM','2020-08-25 17:17:06','INIT',1850),(3351,60.00,'2020-08-25 17:17:37','2020-08-25 17:17:37',NULL,'{\"ORDERID\":\"1850\",\"BANKTXNID\":\"777001521843663\",\"STATUS\":\"TXN_SUCCESS\",\"PAYMENTMODE\":\"CC\",\"TXNDATE\":\"2020-08-25 17:17:10.0\",\"RESPCODE\":\"01\",\"TXNAMOUNT\":\"60.00\",\"TXNID\":\"20200825111212800110168046802000775\"}','PAYTM','2020-08-25 17:17:37','AUTHORIZECAPTURE',1850),(3400,76.00,'2020-08-25 23:10:42','2020-08-25 23:10:42',NULL,'{\"ORDERID\":\"1900\",\"ORDER_UID\":\"8247067368911421797\"}','PAYTM','2020-08-25 23:10:40','INIT',1900),(3401,76.00,'2020-08-25 23:11:26','2020-08-25 23:11:26',NULL,'{\"ORDERID\":\"1900\",\"BANKTXNID\":\"777001439373355\",\"STATUS\":\"TXN_SUCCESS\",\"PAYMENTMODE\":\"CC\",\"TXNDATE\":\"2020-08-25 23:10:45.0\",\"RESPCODE\":\"01\",\"TXNAMOUNT\":\"76.00\",\"TXNID\":\"20200825111212800110168100701824186\"}','PAYTM','2020-08-25 23:11:23','AUTHORIZECAPTURE',1900),(3450,133.00,'2020-08-26 11:38:57','2020-08-26 11:38:57',NULL,'{\"ORDERID\":\"1950\",\"ORDER_UID\":\"8874684530703682547\"}','PAYTM','2020-08-26 11:38:55','INIT',1950),(3451,133.00,'2020-08-26 11:39:25','2020-08-26 11:39:25',NULL,'{\"ORDERID\":\"1950\",\"BANKTXNID\":\"777001843462957\",\"STATUS\":\"TXN_SUCCESS\",\"PAYMENTMODE\":\"CC\",\"TXNDATE\":\"2020-08-26 11:39:00.0\",\"RESPCODE\":\"01\",\"TXNAMOUNT\":\"133.00\",\"TXNID\":\"20200826111212800110168651101851223\"}','PAYTM','2020-08-26 11:39:23','AUTHORIZECAPTURE',1950),(3500,82.00,'2020-08-27 12:15:32','2020-08-27 12:15:32',NULL,'{\"ORDERID\":\"2001\",\"ORDER_UID\":\"8110422976462211863\"}','PAYTM','2020-08-27 12:15:32','INIT',2001),(3501,82.00,'2020-08-27 12:16:03','2020-08-27 12:16:03',NULL,'{\"ORDERID\":\"2001\",\"BANKTXNID\":\"777001564433565\",\"STATUS\":\"TXN_SUCCESS\",\"PAYMENTMODE\":\"CC\",\"TXNDATE\":\"2020-08-27 12:15:34.0\",\"RESPCODE\":\"01\",\"TXNAMOUNT\":\"82.00\",\"TXNID\":\"20200827111212800110168536301852706\"}','PAYTM','2020-08-27 12:16:01','AUTHORIZECAPTURE',2001),(3502,108.00,'2020-08-27 12:18:29','2020-08-27 12:18:29',NULL,'{\"ORDERID\":\"2002\",\"ORDER_UID\":\"5258199531596760525\"}','PAYTM','2020-08-27 12:18:28','INIT',2002),(3503,108.00,'2020-08-27 12:19:02','2020-08-27 12:19:02',NULL,'{\"ORDERID\":\"2002\",\"BANKTXNID\":\"777001871791396\",\"STATUS\":\"TXN_SUCCESS\",\"PAYMENTMODE\":\"CC\",\"TXNDATE\":\"2020-08-27 12:18:30.0\",\"RESPCODE\":\"01\",\"TXNAMOUNT\":\"108.00\",\"TXNID\":\"20200827111212800110168548001844481\"}','PAYTM','2020-08-27 12:18:58','AUTHORIZECAPTURE',2002),(3550,72.00,'2020-08-30 11:28:52','2020-08-30 11:28:52',NULL,'{\"ORDERID\":\"2050\",\"ORDER_UID\":\"3736467898769293357\"}','PAYTM','2020-08-30 11:28:50','INIT',2050),(3600,81.00,'2020-08-30 11:34:33','2020-08-30 11:34:33',NULL,'{\"ORDERID\":\"2100\",\"ORDER_UID\":\"2567202474789457263\"}','PAYTM','2020-08-30 11:34:31','INIT',2100),(3650,81.00,'2020-08-30 11:49:42','2020-08-30 11:49:42',NULL,'{\"ORDERID\":\"2150\",\"ORDER_UID\":\"3974062455978020762\"}','PAYTM','2020-08-30 11:49:41','INIT',2150),(3651,81.00,'2020-08-30 11:51:06','2020-08-30 11:51:06',NULL,'{\"ORDERID\":\"2150_3974062455978020762\",\"BANKTXNID\":\"777001329610411\",\"STATUS\":\"TXN_SUCCESS\",\"PAYMENTMODE\":\"CC\",\"TXNDATE\":\"2020-08-30 11:49:44.0\",\"RESPCODE\":\"01\",\"TXNAMOUNT\":\"81.00\",\"TXNID\":\"20200830111212800110168333801848492\"}','PAYTM','2020-08-30 11:51:06','AUTHORIZECAPTURE',2150),(3700,42.00,'2020-08-30 17:54:36','2020-08-30 17:54:36',NULL,'{\"ORDERID\":\"2200\",\"ORDER_UID\":\"7740569767236225697\"}','PAYTM','2020-08-30 17:54:34','INIT',2200),(3701,42.00,'2020-08-30 17:55:15','2020-08-30 17:55:15',NULL,'{\"ORDERID\":\"2200_7740569767236225697\",\"BANKTXNID\":\"777001629308767\",\"STATUS\":\"TXN_SUCCESS\",\"PAYMENTMODE\":\"CC\",\"TXNDATE\":\"2020-08-30 17:54:39.0\",\"RESPCODE\":\"01\",\"TXNAMOUNT\":\"42.00\",\"TXNID\":\"20200830111212800110168314901879587\"}','PAYTM','2020-08-30 17:55:15','AUTHORIZECAPTURE',2200),(3702,102.00,'2020-08-30 17:58:04','2020-08-30 17:58:04',NULL,'{\"ORDERID\":\"2201\",\"ORDER_UID\":\"1668965811413008397\"}','PAYTM','2020-08-30 17:58:04','INIT',2201),(3703,102.00,'2020-08-30 17:58:32','2020-08-30 17:58:32',NULL,'{\"ORDERID\":\"2201_1668965811413008397\",\"BANKTXNID\":\"777001958543452\",\"STATUS\":\"TXN_SUCCESS\",\"PAYMENTMODE\":\"CC\",\"TXNDATE\":\"2020-08-30 17:58:05.0\",\"RESPCODE\":\"01\",\"TXNAMOUNT\":\"102.00\",\"TXNID\":\"20200830111212800110168282401859870\"}','PAYTM','2020-08-30 17:58:32','AUTHORIZECAPTURE',2201),(3750,135.00,'2020-10-01 15:51:30','2020-10-01 15:51:30',NULL,'{\"ORDERID\":\"2400\",\"ORDER_UID\":\"3039568015205419320\"}','PAYTM','2020-10-01 15:51:28','INIT',2400),(3751,135.00,'2020-10-01 15:51:58','2020-10-01 15:51:58',NULL,'{\"ORDERID\":\"2400_3039568015205419320\",\"BANKTXNID\":\"777001059899689\",\"STATUS\":\"TXN_SUCCESS\",\"PAYMENTMODE\":\"CC\",\"TXNDATE\":\"2020-10-01 15:51:45.0\",\"RESPCODE\":\"01\",\"TXNAMOUNT\":\"135.00\",\"TXNID\":\"20201001111212800110168979801978160\"}','PAYTM','2020-10-01 15:51:58','AUTHORIZECAPTURE',2400),(3800,63.00,'2020-10-02 12:45:45','2020-10-02 12:45:45',NULL,'{\"ORDERID\":\"2500\",\"ORDER_UID\":\"4951875964612725634\"}','PAYTM','2020-10-02 12:45:42','INIT',2500),(3801,63.00,'2020-10-02 12:46:11','2020-10-02 12:46:11',NULL,'{\"ORDERID\":\"2500_4951875964612725634\",\"BANKTXNID\":\"777001364377076\",\"STATUS\":\"TXN_SUCCESS\",\"PAYMENTMODE\":\"CC\",\"TXNDATE\":\"2020-10-02 12:46:01.0\",\"RESPCODE\":\"01\",\"TXNAMOUNT\":\"63.00\",\"TXNID\":\"20201002111212800110168009101956573\"}','PAYTM','2020-10-02 12:46:11','AUTHORIZECAPTURE',2500),(3850,184.00,'2020-10-04 12:48:32','2020-10-04 12:48:32',NULL,'{\"ORDERID\":\"2602\",\"ORDER_UID\":\"8134044782860451901\"}','PAYTM','2020-10-04 12:48:31','INIT',2602),(3851,184.00,'2020-10-04 12:49:02','2020-10-04 12:49:02',NULL,'{\"ORDERID\":\"2602_8134044782860451901\",\"BANKTXNID\":\"777001099475219\",\"STATUS\":\"TXN_SUCCESS\",\"PAYMENTMODE\":\"CC\",\"TXNDATE\":\"2020-10-04 12:48:49.0\",\"RESPCODE\":\"01\",\"TXNAMOUNT\":\"184.00\",\"TXNID\":\"20201004111212800110168981901961018\"}','PAYTM','2020-10-04 12:49:02','AUTHORIZECAPTURE',2602),(3900,50.00,'2020-12-20 21:44:06','2020-12-20 21:44:06',NULL,'{\"ORDERID\":\"2900\",\"ORDER_UID\":\"2236761613131663439\"}','PAYTM','2020-12-20 21:44:04','INIT',2900),(3901,50.00,'2020-12-20 21:44:48','2020-12-20 21:44:48',NULL,'{\"ORDERID\":\"2900_2236761613131663439\",\"BANKTXNID\":\"777001002483808\",\"STATUS\":\"TXN_SUCCESS\",\"PAYMENTMODE\":\"CC\",\"TXNDATE\":\"2020-12-20 21:44:21.0\",\"RESPCODE\":\"01\",\"TXNAMOUNT\":\"50.00\",\"TXNID\":\"20201220111212800110168114602183524\"}','PAYTM','2020-12-20 21:44:48','AUTHORIZECAPTURE',2900),(3902,337.00,'2020-12-20 21:55:24','2020-12-20 21:55:24',NULL,'{\"ORDERID\":\"2902\",\"ORDER_UID\":\"515113713774645119\"}','PAYTM','2020-12-20 21:55:23','INIT',2902),(3903,337.00,'2020-12-20 21:55:59','2020-12-20 21:55:59',NULL,'{\"ORDERID\":\"2902_515113713774645119\",\"BANKTXNID\":\"777001390182903\",\"STATUS\":\"TXN_SUCCESS\",\"PAYMENTMODE\":\"CC\",\"TXNDATE\":\"2020-12-20 21:55:38.0\",\"RESPCODE\":\"01\",\"TXNAMOUNT\":\"337.00\",\"TXNID\":\"20201220111212800110168133802199225\"}','PAYTM','2020-12-20 21:55:59','AUTHORIZECAPTURE',2902),(3950,192.00,'2021-01-07 18:11:47','2021-01-07 18:11:47',NULL,'{\"ORDERID\":\"3250\",\"ORDER_UID\":\"7970358924354079835\"}','PAYTM','2021-01-07 18:11:45','INIT',3250),(3951,192.00,'2021-01-07 18:12:29','2021-01-07 18:12:29',NULL,'{\"ORDERID\":\"3250_7970358924354079835\",\"BANKTXNID\":\"777001711675810\",\"STATUS\":\"TXN_SUCCESS\",\"PAYMENTMODE\":\"CC\",\"TXNDATE\":\"2021-01-07 23:41:50.0\",\"RESPCODE\":\"01\",\"TXNAMOUNT\":\"192.00\",\"TXNID\":\"20210107111212800110168332802234524\"}','PAYTM','2021-01-07 18:12:29','AUTHORIZECAPTURE',3250),(4000,199.00,'2021-01-10 08:32:29','2021-01-10 08:32:29',NULL,'{\"ORDERID\":\"3350\",\"ORDER_UID\":\"2109864143114488629\"}','PAYTM','2021-01-10 08:32:25','INIT',3350),(4001,199.00,'2021-01-10 08:33:04','2021-01-10 08:33:04',NULL,'{\"ORDERID\":\"3350_2109864143114488629\",\"BANKTXNID\":\"777001237392766\",\"STATUS\":\"TXN_SUCCESS\",\"PAYMENTMODE\":\"CC\",\"TXNDATE\":\"2021-01-10 14:02:31.0\",\"RESPCODE\":\"01\",\"TXNAMOUNT\":\"199.00\",\"TXNID\":\"20210110111212800110168914702264643\"}','PAYTM','2021-01-10 08:33:04','AUTHORIZECAPTURE',3350),(4050,384.00,'2021-01-10 12:21:09','2021-01-10 12:21:09',NULL,'{\"ORDERID\":\"3401\",\"ORDER_UID\":\"6342553833080373698\"}','PAYTM','2021-01-10 12:21:08','INIT',3401),(4051,384.00,'2021-01-10 12:21:45','2021-01-10 12:21:45',NULL,'{\"ORDERID\":\"3401_6342553833080373698\",\"BANKTXNID\":\"777001927127518\",\"STATUS\":\"TXN_SUCCESS\",\"PAYMENTMODE\":\"CC\",\"TXNDATE\":\"2021-01-10 17:51:10.0\",\"RESPCODE\":\"01\",\"TXNAMOUNT\":\"384.00\",\"TXNID\":\"20210110111212800110168758402253244\"}','PAYTM','2021-01-10 12:21:45','AUTHORIZECAPTURE',3401),(4052,374.00,'2021-01-10 12:27:39','2021-01-10 12:27:39',NULL,'{\"ORDERID\":\"3402\",\"ORDER_UID\":\"461863690917856321\"}','PAYTM','2021-01-10 12:27:39','INIT',3402),(4053,374.00,'2021-01-10 12:28:02','2021-01-10 12:28:02',NULL,'{\"ORDERID\":\"3402_461863690917856321\",\"BANKTXNID\":\"777001632148671\",\"STATUS\":\"TXN_SUCCESS\",\"PAYMENTMODE\":\"CC\",\"TXNDATE\":\"2021-01-10 17:57:40.0\",\"RESPCODE\":\"01\",\"TXNAMOUNT\":\"374.00\",\"TXNID\":\"20210110111212800110168092102242841\"}','PAYTM','2021-01-10 12:28:02','AUTHORIZECAPTURE',3402),(4100,339.00,'2021-01-11 15:58:09','2021-01-11 15:58:09',NULL,'{\"ORDERID\":\"3450\",\"ORDER_UID\":\"825008281732399707\"}','PAYTM','2021-01-11 15:58:09','INIT',3450),(4101,339.00,'2021-01-11 15:58:56','2021-01-11 15:58:56',NULL,'{\"ORDERID\":\"3450_825008281732399707\",\"BANKTXNID\":\"777001810860775\",\"STATUS\":\"TXN_SUCCESS\",\"PAYMENTMODE\":\"CC\",\"TXNDATE\":\"2021-01-11 21:28:11.0\",\"RESPCODE\":\"01\",\"TXNAMOUNT\":\"339.00\",\"TXNID\":\"20210111111212800110168848602237292\"}','PAYTM','2021-01-11 15:58:55','AUTHORIZECAPTURE',3450),(4150,414.00,'2021-01-13 17:39:13','2021-01-13 17:39:13',NULL,'{\"ORDERID\":\"3500\",\"ORDER_UID\":\"8417493429033846740\"}','PAYTM','2021-01-13 17:39:12','INIT',3500),(4151,414.00,'2021-01-13 17:39:48','2021-01-13 17:39:48',NULL,'{\"ORDERID\":\"3500_8417493429033846740\",\"BANKTXNID\":\"777001893164758\",\"STATUS\":\"TXN_SUCCESS\",\"PAYMENTMODE\":\"CC\",\"TXNDATE\":\"2021-01-13 23:09:15.0\",\"RESPCODE\":\"01\",\"TXNAMOUNT\":\"414.00\",\"TXNID\":\"20210113111212800110168311502283191\"}','PAYTM','2021-01-13 17:39:48','AUTHORIZECAPTURE',3500),(4200,700.00,'2021-01-24 14:14:23','2021-01-24 14:14:23',NULL,'{\"ORDERID\":\"3700\",\"ORDER_UID\":\"175463326417373306\"}','PAYTM','2021-01-24 14:14:19','INIT',3700),(4201,700.00,'2021-01-24 14:15:08','2021-01-24 14:15:08',NULL,'{\"ORDERID\":\"3700_175463326417373306\",\"BANKTXNID\":\"777001325239434\",\"STATUS\":\"TXN_SUCCESS\",\"PAYMENTMODE\":\"CC\",\"TXNDATE\":\"2021-01-24 19:44:25.0\",\"RESPCODE\":\"01\",\"TXNAMOUNT\":\"700.00\",\"TXNID\":\"20210124111212800110168925902281576\"}','PAYTM','2021-01-24 14:15:08','AUTHORIZECAPTURE',3700),(4250,118.00,'2021-01-31 13:46:14','2021-01-31 13:46:14',NULL,'{\"ORDERID\":\"3801\",\"ORDER_UID\":\"1982920355718384705\"}','PAYTM','2021-01-31 13:46:13','INIT',3801),(4251,118.00,'2021-01-31 13:46:54','2021-01-31 13:46:54',NULL,'{\"ORDERID\":\"3801_1982920355718384705\",\"BANKTXNID\":\"777001679036553\",\"STATUS\":\"TXN_SUCCESS\",\"PAYMENTMODE\":\"CC\",\"TXNDATE\":\"2021-01-31 19:16:16.0\",\"RESPCODE\":\"01\",\"TXNAMOUNT\":\"118.00\",\"TXNID\":\"20210131111212800110168824502315563\"}','PAYTM','2021-01-31 13:46:54','AUTHORIZECAPTURE',3801),(4300,489.00,'2021-01-31 14:37:59','2021-01-31 14:37:59',NULL,'{\"ORDERID\":\"3850\",\"ORDER_UID\":\"8188280331222339365\"}','PAYTM','2021-01-31 14:37:56','INIT',3850),(4301,489.00,'2021-01-31 14:38:43','2021-01-31 14:38:43',NULL,'{\"ORDERID\":\"3850_8188280331222339365\",\"BANKTXNID\":\"777001670785925\",\"STATUS\":\"TXN_SUCCESS\",\"PAYMENTMODE\":\"CC\",\"TXNDATE\":\"2021-01-31 20:08:01.0\",\"RESPCODE\":\"01\",\"TXNAMOUNT\":\"489.00\",\"TXNID\":\"20210131111212800110168547202306457\"}','PAYTM','2021-01-31 14:38:43','AUTHORIZECAPTURE',3850),(4350,351.00,'2021-02-04 03:16:46','2021-02-04 03:16:46',NULL,'{\"ORDERID\":\"3950\",\"ORDER_UID\":\"5162661525401914358\"}','PAYTM','2021-02-04 03:16:43','INIT',3950),(4351,351.00,'2021-02-04 03:17:14','2021-02-04 03:17:14',NULL,'{\"ORDERID\":\"3950_5162661525401914358\",\"BANKTXNID\":\"777001311028419\",\"STATUS\":\"TXN_SUCCESS\",\"PAYMENTMODE\":\"CC\",\"TXNDATE\":\"2021-02-04 08:46:48.0\",\"RESPCODE\":\"01\",\"TXNAMOUNT\":\"351.00\",\"TXNID\":\"20210204111212800110168808902329795\"}','PAYTM','2021-02-04 03:17:14','AUTHORIZECAPTURE',3950),(4400,1775.00,'2021-02-05 10:13:38','2021-02-05 10:13:38',NULL,'{\"ORDERID\":\"4001\",\"ORDER_UID\":\"6920152172011736254\"}','PAYTM','2021-02-05 10:13:37','INIT',4001),(4401,1775.00,'2021-02-05 10:14:09','2021-02-05 10:14:09',NULL,'{\"ORDERID\":\"4001_6920152172011736254\",\"BANKTXNID\":\"777001429359972\",\"STATUS\":\"TXN_SUCCESS\",\"PAYMENTMODE\":\"CC\",\"TXNDATE\":\"2021-02-05 15:43:39.0\",\"RESPCODE\":\"01\",\"TXNAMOUNT\":\"1775.00\",\"TXNID\":\"20210205111212800110168282902328044\"}','PAYTM','2021-02-05 10:14:09','AUTHORIZECAPTURE',4001),(4450,362.00,'2021-02-16 11:32:10','2021-02-16 11:32:10',NULL,'{\"ORDERID\":\"4301\",\"ORDER_UID\":\"6229778539607182722\"}','PAYTM','2021-02-16 11:32:09','INIT',4301),(4500,675.00,'2021-02-16 11:41:31','2021-02-16 11:41:31',NULL,'{\"ORDERID\":\"4350\",\"ORDER_UID\":\"4335668004195356013\"}','PAYTM','2021-02-16 11:41:30','INIT',4350),(4501,675.00,'2021-02-16 11:42:10','2021-02-16 11:42:10',NULL,'{\"ORDERID\":\"4350_4335668004195356013\",\"BANKTXNID\":\"777001088309147\",\"STATUS\":\"TXN_SUCCESS\",\"PAYMENTMODE\":\"CC\",\"TXNDATE\":\"2021-02-16 17:11:33.0\",\"RESPCODE\":\"01\",\"TXNAMOUNT\":\"675.00\",\"TXNID\":\"20210216111212800110168513002552524\"}','PAYTM','2021-02-16 11:42:10','AUTHORIZECAPTURE',4350),(4550,365.00,'2021-02-18 16:24:40','2021-02-18 16:24:40',NULL,'{\"ORDERID\":\"4450\",\"ORDER_UID\":\"6399742561344046641\"}','PAYTM','2021-02-18 16:24:38','INIT',4450),(4551,365.00,'2021-02-18 16:25:41','2021-02-18 16:25:41',NULL,'{\"ORDERID\":\"4450_6399742561344046641\",\"BANKTXNID\":\"777001297502277\",\"STATUS\":\"TXN_SUCCESS\",\"PAYMENTMODE\":\"CC\",\"TXNDATE\":\"2021-02-18 21:54:42.0\",\"RESPCODE\":\"01\",\"TXNAMOUNT\":\"365.00\",\"TXNID\":\"20210218111212800110168106202347401\"}','PAYTM','2021-02-18 16:25:41','AUTHORIZECAPTURE',4450),(4552,365.00,'2021-02-18 16:29:04','2021-02-18 16:29:04',NULL,'{\"ORDERID\":\"4451\",\"ORDER_UID\":\"1832839087257110473\"}','PAYTM','2021-02-18 16:29:04','INIT',4451),(4553,365.00,'2021-02-18 16:30:18','2021-02-18 16:30:18',NULL,'{\"ORDERID\":\"4451_1832839087257110473\",\"BANKTXNID\":\"777001831152467\",\"STATUS\":\"TXN_SUCCESS\",\"PAYMENTMODE\":\"CC\",\"TXNDATE\":\"2021-02-18 21:59:05.0\",\"RESPCODE\":\"01\",\"TXNAMOUNT\":\"365.00\",\"TXNID\":\"20210218111212800110168647502373428\"}','PAYTM','2021-02-18 16:30:18','AUTHORIZECAPTURE',4451),(4600,715.00,'2021-02-19 08:25:57','2021-02-19 08:25:57',NULL,'{\"ORDERID\":\"4500\",\"ORDER_UID\":\"3722684061431580787\"}','PAYTM','2021-02-19 08:25:55','INIT',4500),(4601,715.00,'2021-02-19 08:26:55','2021-02-19 08:26:55',NULL,'{\"ORDERID\":\"4500_3722684061431580787\",\"BANKTXNID\":\"777001948792899\",\"STATUS\":\"TXN_SUCCESS\",\"PAYMENTMODE\":\"CC\",\"TXNDATE\":\"2021-02-19 13:55:59.0\",\"RESPCODE\":\"01\",\"TXNAMOUNT\":\"715.00\",\"TXNID\":\"20210219111212800110168827002372871\"}','PAYTM','2021-02-19 08:26:55','AUTHORIZECAPTURE',4500),(4602,1390.00,'2021-02-19 08:33:53','2021-02-19 08:33:53',NULL,'{\"ORDERID\":\"4501\",\"ORDER_UID\":\"8493041621829306407\"}','PAYTM','2021-02-19 08:33:53','INIT',4501),(4603,1390.00,'2021-02-19 08:35:07','2021-02-19 08:35:07',NULL,'{\"ORDERID\":\"4501_8493041621829306407\",\"BANKTXNID\":\"777001827807793\",\"STATUS\":\"TXN_SUCCESS\",\"PAYMENTMODE\":\"CC\",\"TXNDATE\":\"2021-02-19 14:03:54.0\",\"RESPCODE\":\"01\",\"TXNAMOUNT\":\"1390.00\",\"TXNID\":\"20210219111212800110168649502373449\"}','PAYTM','2021-02-19 08:35:07','AUTHORIZECAPTURE',4501),(4604,330.00,'2021-02-19 08:37:06','2021-02-19 08:37:06',NULL,'{\"ORDERID\":\"4502\",\"ORDER_UID\":\"9057991269945461844\"}','PAYTM','2021-02-19 08:37:05','INIT',4502),(4605,330.00,'2021-02-19 08:38:01','2021-02-19 08:38:01',NULL,'{\"ORDERID\":\"4502_9057991269945461844\",\"BANKTXNID\":\"777001886314387\",\"STATUS\":\"TXN_SUCCESS\",\"PAYMENTMODE\":\"CC\",\"TXNDATE\":\"2021-02-19 14:07:07.0\",\"RESPCODE\":\"01\",\"TXNAMOUNT\":\"330.00\",\"TXNID\":\"20210219111212800110168928302358669\"}','PAYTM','2021-02-19 08:38:01','AUTHORIZECAPTURE',4502),(4606,365.00,'2021-02-19 08:42:56','2021-02-19 08:42:56',NULL,'{\"ORDERID\":\"4503\",\"ORDER_UID\":\"1079735180541380022\"}','PAYTM','2021-02-19 08:42:56','INIT',4503),(4607,365.00,'2021-02-19 08:43:56','2021-02-19 08:43:56',NULL,'{\"ORDERID\":\"4503_1079735180541380022\",\"BANKTXNID\":\"777001267457153\",\"STATUS\":\"TXN_SUCCESS\",\"PAYMENTMODE\":\"CC\",\"TXNDATE\":\"2021-02-19 14:12:57.0\",\"RESPCODE\":\"01\",\"TXNAMOUNT\":\"365.00\",\"TXNID\":\"20210219111212800110168876202361233\"}','PAYTM','2021-02-19 08:43:56','AUTHORIZECAPTURE',4503),(4650,650.00,'2021-02-23 17:39:55','2021-02-23 17:39:55',NULL,'{\"ORDERID\":\"4550\",\"ORDER_UID\":\"7467963900257255750\"}','PAYTM','2021-02-23 17:39:54','INIT',4550),(4651,650.00,'2021-02-23 17:40:24','2021-02-23 17:40:24',NULL,'{\"ORDERID\":\"4550_7467963900257255750\",\"BANKTXNID\":\"777001922875440\",\"STATUS\":\"TXN_SUCCESS\",\"PAYMENTMODE\":\"CC\",\"TXNDATE\":\"2021-02-23 23:09:57.0\",\"RESPCODE\":\"01\",\"TXNAMOUNT\":\"650.00\",\"TXNID\":\"20210223111212800110168940102373594\"}','PAYTM','2021-02-23 17:40:24','AUTHORIZECAPTURE',4550),(4652,175.00,'2021-02-23 17:47:04','2021-02-23 17:47:04',NULL,'{\"ORDERID\":\"4551\",\"ORDER_UID\":\"2562458479773633073\"}','PAYTM','2021-02-23 17:47:04','INIT',4551),(4653,175.00,'2021-02-23 17:47:28','2021-02-23 17:47:28',NULL,'{\"ORDERID\":\"4551_2562458479773633073\",\"BANKTXNID\":\"777001110970742\",\"STATUS\":\"TXN_SUCCESS\",\"PAYMENTMODE\":\"CC\",\"TXNDATE\":\"2021-02-23 23:17:05.0\",\"RESPCODE\":\"01\",\"TXNAMOUNT\":\"175.00\",\"TXNID\":\"20210223111212800110168770502378894\"}','PAYTM','2021-02-23 17:47:28','AUTHORIZECAPTURE',4551),(4700,210.00,'2021-02-26 10:28:49','2021-02-26 10:28:49',NULL,'{\"ORDERID\":\"4600\",\"ORDER_UID\":\"12509897547335429\"}','PAYTM','2021-02-26 10:28:48','INIT',4600),(4701,318.00,'2021-02-26 11:09:05','2021-02-26 11:09:05',NULL,'{\"ORDERID\":\"4601\",\"ORDER_UID\":\"4183506097661757373\"}','PAYTM','2021-02-26 11:09:04','INIT',4601),(4702,318.00,'2021-02-26 11:09:29','2021-02-26 11:09:29',NULL,'{\"ORDERID\":\"4601_4183506097661757373\",\"BANKTXNID\":\"777001388465618\",\"STATUS\":\"TXN_SUCCESS\",\"PAYMENTMODE\":\"CC\",\"TXNDATE\":\"2021-02-26 16:39:06.0\",\"RESPCODE\":\"01\",\"TXNAMOUNT\":\"318.00\",\"TXNID\":\"20210226111212800110168185602414124\"}','PAYTM','2021-02-26 11:09:29','AUTHORIZECAPTURE',4601),(4703,343.00,'2021-02-26 11:10:56','2021-02-26 11:10:56',NULL,'{\"ORDERID\":\"4602\",\"ORDER_UID\":\"405413755863449634\"}','PAYTM','2021-02-26 11:10:56','INIT',4602),(4704,343.00,'2021-02-26 11:11:16','2021-02-26 11:11:16',NULL,'{\"ORDERID\":\"4602_405413755863449634\",\"BANKTXNID\":\"777001791770024\",\"STATUS\":\"TXN_SUCCESS\",\"PAYMENTMODE\":\"CC\",\"TXNDATE\":\"2021-02-26 16:40:57.0\",\"RESPCODE\":\"01\",\"TXNAMOUNT\":\"343.00\",\"TXNID\":\"20210226111212800110168987602387803\"}','PAYTM','2021-02-26 11:11:16','AUTHORIZECAPTURE',4602),(4705,202.00,'2021-02-26 11:16:09','2021-02-26 11:16:09',NULL,'{\"ORDERID\":\"4603\",\"ORDER_UID\":\"2606836594353524336\"}','PAYTM','2021-02-26 11:16:08','INIT',4603),(4706,202.00,'2021-02-26 11:16:35','2021-02-26 11:16:35',NULL,'{\"ORDERID\":\"4603_2606836594353524336\",\"BANKTXNID\":\"777001444247374\",\"STATUS\":\"TXN_SUCCESS\",\"PAYMENTMODE\":\"CC\",\"TXNDATE\":\"2021-02-26 16:46:10.0\",\"RESPCODE\":\"01\",\"TXNAMOUNT\":\"202.00\",\"TXNID\":\"20210226111212800110168712902379274\"}','PAYTM','2021-02-26 11:16:35','AUTHORIZECAPTURE',4603),(4750,175.00,'2021-02-27 09:04:26','2021-02-27 09:04:26',NULL,'{\"ORDERID\":\"4650\",\"ORDER_UID\":\"7945887820427117102\"}','PAYTM','2021-02-27 09:04:24','INIT',4650),(4751,175.00,'2021-02-27 09:04:54','2021-02-27 09:04:54',NULL,'{\"ORDERID\":\"4650_7945887820427117102\",\"BANKTXNID\":\"777001391969811\",\"STATUS\":\"TXN_SUCCESS\",\"PAYMENTMODE\":\"CC\",\"TXNDATE\":\"2021-02-27 14:34:28.0\",\"RESPCODE\":\"01\",\"TXNAMOUNT\":\"175.00\",\"TXNID\":\"20210227111212800110168655602397997\"}','PAYTM','2021-02-27 09:04:54','AUTHORIZECAPTURE',4650),(4752,375.00,'2021-02-27 09:08:45','2021-02-27 09:08:45',NULL,'{\"ORDERID\":\"4652\",\"ORDER_UID\":\"468669674687711505\"}','PAYTM','2021-02-27 09:08:44','INIT',4652),(4753,375.00,'2021-02-27 09:09:09','2021-02-27 09:09:09',NULL,'{\"ORDERID\":\"4652_468669674687711505\",\"BANKTXNID\":\"777001299932935\",\"STATUS\":\"TXN_SUCCESS\",\"PAYMENTMODE\":\"CC\",\"TXNDATE\":\"2021-02-27 14:38:46.0\",\"RESPCODE\":\"01\",\"TXNAMOUNT\":\"375.00\",\"TXNID\":\"20210227111212800110168740302397701\"}','PAYTM','2021-02-27 09:09:09','AUTHORIZECAPTURE',4652),(4800,359.00,'2021-02-27 14:33:56','2021-02-27 14:33:56',NULL,'{\"ORDERID\":\"4700\",\"ORDER_UID\":\"4572143461822057635\"}','PAYTM','2021-02-27 14:33:53','INIT',4700),(4801,359.00,'2021-02-27 14:36:06','2021-02-27 14:36:06',NULL,'{\"ORDERID\":\"4700_4572143461822057635\",\"BANKTXNID\":\"777001899429626\",\"STATUS\":\"TXN_SUCCESS\",\"PAYMENTMODE\":\"CC\",\"TXNDATE\":\"2021-02-27 20:03:58.0\",\"RESPCODE\":\"01\",\"TXNAMOUNT\":\"359.00\",\"TXNID\":\"20210227111212800110168715102382081\"}','PAYTM','2021-02-27 14:36:06','AUTHORIZECAPTURE',4700);
/*!40000 ALTER TABLE `sm_transaction` ENABLE KEYS */;
UNLOCK TABLES;

--
-- Table structure for table `system_configuration`
--

DROP TABLE IF EXISTS `system_configuration`;
/*!40101 SET @saved_cs_client     = @@character_set_client */;
/*!40101 SET character_set_client = utf8 */;
CREATE TABLE `system_configuration` (
  `SYSTEM_CONFIG_ID` bigint(20) NOT NULL,
  `DATE_CREATED` datetime DEFAULT NULL,
  `DATE_MODIFIED` datetime DEFAULT NULL,
  `UPDT_ID` varchar(20) DEFAULT NULL,
  `CONFIG_KEY` varchar(255) DEFAULT NULL,
  `VALUE` varchar(255) DEFAULT NULL,
  PRIMARY KEY (`SYSTEM_CONFIG_ID`)
) ENGINE=InnoDB DEFAULT CHARSET=utf8;
/*!40101 SET character_set_client = @saved_cs_client */;

--
-- Dumping data for table `system_configuration`
--

LOCK TABLES `system_configuration` WRITE;
/*!40000 ALTER TABLE `system_configuration` DISABLE KEYS */;
/*!40000 ALTER TABLE `system_configuration` ENABLE KEYS */;
UNLOCK TABLES;

--
-- Table structure for table `system_notification`
--

DROP TABLE IF EXISTS `system_notification`;
/*!40101 SET @saved_cs_client     = @@character_set_client */;
/*!40101 SET character_set_client = utf8 */;
CREATE TABLE `system_notification` (
  `SYSTEM_NOTIF_ID` bigint(20) NOT NULL,
  `DATE_CREATED` datetime DEFAULT NULL,
  `DATE_MODIFIED` datetime DEFAULT NULL,
  `UPDT_ID` varchar(20) DEFAULT NULL,
  `END_DATE` date DEFAULT NULL,
  `CONFIG_KEY` varchar(255) DEFAULT NULL,
  `START_DATE` date DEFAULT NULL,
  `VALUE` varchar(255) DEFAULT NULL,
  `MERCHANT_ID` int(11) DEFAULT NULL,
  `USER_ID` bigint(20) DEFAULT NULL,
  PRIMARY KEY (`SYSTEM_NOTIF_ID`),
  UNIQUE KEY `UKnpdnlc390vgr2mhepib1mtrmr` (`MERCHANT_ID`,`CONFIG_KEY`),
  KEY `FKa54891emcl0fo27a1qk54slvk` (`USER_ID`),
  CONSTRAINT `FKa54891emcl0fo27a1qk54slvk` FOREIGN KEY (`USER_ID`) REFERENCES `user` (`USER_ID`),
  CONSTRAINT `FKs6qk7l06e0s6m9n04momedgt7` FOREIGN KEY (`MERCHANT_ID`) REFERENCES `merchant_store` (`MERCHANT_ID`)
) ENGINE=InnoDB DEFAULT CHARSET=utf8;
/*!40101 SET character_set_client = @saved_cs_client */;

--
-- Dumping data for table `system_notification`
--

LOCK TABLES `system_notification` WRITE;
/*!40000 ALTER TABLE `system_notification` DISABLE KEYS */;
/*!40000 ALTER TABLE `system_notification` ENABLE KEYS */;
UNLOCK TABLES;

--
-- Table structure for table `tax_class`
--

DROP TABLE IF EXISTS `tax_class`;
/*!40101 SET @saved_cs_client     = @@character_set_client */;
/*!40101 SET character_set_client = utf8 */;
CREATE TABLE `tax_class` (
  `TAX_CLASS_ID` bigint(20) NOT NULL,
  `TAX_CLASS_CODE` varchar(10) NOT NULL,
  `TAX_CLASS_TITLE` varchar(32) NOT NULL,
  `MERCHANT_ID` int(11) DEFAULT NULL,
  PRIMARY KEY (`TAX_CLASS_ID`),
  UNIQUE KEY `UKa4q5q57a8oeh2ojeo8dhr935k` (`MERCHANT_ID`,`TAX_CLASS_CODE`),
  KEY `TAX_CLASS_CODE_IDX` (`TAX_CLASS_CODE`),
  CONSTRAINT `FK82i8puujghcv7fc82qwsgjg8w` FOREIGN KEY (`MERCHANT_ID`) REFERENCES `merchant_store` (`MERCHANT_ID`)
) ENGINE=InnoDB DEFAULT CHARSET=utf8;
/*!40101 SET character_set_client = @saved_cs_client */;

--
-- Dumping data for table `tax_class`
--

LOCK TABLES `tax_class` WRITE;
/*!40000 ALTER TABLE `tax_class` DISABLE KEYS */;
INSERT INTO `tax_class` VALUES (1,'DEFAULT','DEFAULT',1);
/*!40000 ALTER TABLE `tax_class` ENABLE KEYS */;
UNLOCK TABLES;

--
-- Table structure for table `tax_rate`
--

DROP TABLE IF EXISTS `tax_rate`;
/*!40101 SET @saved_cs_client     = @@character_set_client */;
/*!40101 SET character_set_client = utf8 */;
CREATE TABLE `tax_rate` (
  `TAX_RATE_ID` bigint(20) NOT NULL,
  `DATE_CREATED` datetime DEFAULT NULL,
  `DATE_MODIFIED` datetime DEFAULT NULL,
  `UPDT_ID` varchar(20) DEFAULT NULL,
  `TAX_CODE` varchar(255) NOT NULL,
  `PIGGYBACK` bit(1) DEFAULT NULL,
  `STORE_STATE_PROV` varchar(100) DEFAULT NULL,
  `TAX_PRIORITY` int(11) DEFAULT NULL,
  `TAX_RATE` decimal(7,4) NOT NULL,
  `COUNTRY_ID` int(11) NOT NULL,
  `MERCHANT_ID` int(11) NOT NULL,
  `PARENT_ID` bigint(20) DEFAULT NULL,
  `TAX_CLASS_ID` bigint(20) NOT NULL,
  `ZONE_ID` bigint(20) DEFAULT NULL,
  PRIMARY KEY (`TAX_RATE_ID`),
  UNIQUE KEY `UK8gh6l9n0xq03b91sglp62oelu` (`TAX_CODE`,`MERCHANT_ID`),
  KEY `FK6wm34jcwoembe1qsmle2wtwnv` (`COUNTRY_ID`),
  KEY `FKfwp6yka2qps9jna473e6c6yc1` (`MERCHANT_ID`),
  KEY `FKt8isen27i3ioa0tw3bl8qlvdh` (`PARENT_ID`),
  KEY `FK7bpa9pbl1gnj5y3xbgs3wc0eg` (`TAX_CLASS_ID`),
  KEY `FKm9snpf6o1nb4j1t80nas8d1ix` (`ZONE_ID`),
  CONSTRAINT `FK6wm34jcwoembe1qsmle2wtwnv` FOREIGN KEY (`COUNTRY_ID`) REFERENCES `country` (`COUNTRY_ID`),
  CONSTRAINT `FK7bpa9pbl1gnj5y3xbgs3wc0eg` FOREIGN KEY (`TAX_CLASS_ID`) REFERENCES `tax_class` (`TAX_CLASS_ID`),
  CONSTRAINT `FKfwp6yka2qps9jna473e6c6yc1` FOREIGN KEY (`MERCHANT_ID`) REFERENCES `merchant_store` (`MERCHANT_ID`),
  CONSTRAINT `FKm9snpf6o1nb4j1t80nas8d1ix` FOREIGN KEY (`ZONE_ID`) REFERENCES `zone` (`ZONE_ID`),
  CONSTRAINT `FKt8isen27i3ioa0tw3bl8qlvdh` FOREIGN KEY (`PARENT_ID`) REFERENCES `tax_rate` (`TAX_RATE_ID`)
) ENGINE=InnoDB DEFAULT CHARSET=utf8;
/*!40101 SET character_set_client = @saved_cs_client */;

--
-- Dumping data for table `tax_rate`
--

LOCK TABLES `tax_rate` WRITE;
/*!40000 ALTER TABLE `tax_rate` DISABLE KEYS */;
/*!40000 ALTER TABLE `tax_rate` ENABLE KEYS */;
UNLOCK TABLES;

--
-- Table structure for table `tax_rate_description`
--

DROP TABLE IF EXISTS `tax_rate_description`;
/*!40101 SET @saved_cs_client     = @@character_set_client */;
/*!40101 SET character_set_client = utf8 */;
CREATE TABLE `tax_rate_description` (
  `DESCRIPTION_ID` bigint(20) NOT NULL,
  `DATE_CREATED` datetime DEFAULT NULL,
  `DATE_MODIFIED` datetime DEFAULT NULL,
  `UPDT_ID` varchar(20) DEFAULT NULL,
  `DESCRIPTION` longtext DEFAULT NULL,
  `NAME` varchar(120) NOT NULL,
  `TITLE` varchar(100) DEFAULT NULL,
  `LANGUAGE_ID` int(11) NOT NULL,
  `TAX_RATE_ID` bigint(20) DEFAULT NULL,
  PRIMARY KEY (`DESCRIPTION_ID`),
  UNIQUE KEY `UKt3xg8pl88yacdxg49nb46effg` (`TAX_RATE_ID`,`LANGUAGE_ID`),
  KEY `FKsicb2ydx42o04pvlnxw2mlx0w` (`LANGUAGE_ID`),
  CONSTRAINT `FK65c2lqslk5kx25dpkem2r0vxq` FOREIGN KEY (`TAX_RATE_ID`) REFERENCES `tax_rate` (`TAX_RATE_ID`),
  CONSTRAINT `FKsicb2ydx42o04pvlnxw2mlx0w` FOREIGN KEY (`LANGUAGE_ID`) REFERENCES `language` (`LANGUAGE_ID`)
) ENGINE=InnoDB DEFAULT CHARSET=utf8;
/*!40101 SET character_set_client = @saved_cs_client */;

--
-- Dumping data for table `tax_rate_description`
--

LOCK TABLES `tax_rate_description` WRITE;
/*!40000 ALTER TABLE `tax_rate_description` DISABLE KEYS */;
/*!40000 ALTER TABLE `tax_rate_description` ENABLE KEYS */;
UNLOCK TABLES;

--
-- Table structure for table `user`
--

DROP TABLE IF EXISTS `user`;
/*!40101 SET @saved_cs_client     = @@character_set_client */;
/*!40101 SET character_set_client = utf8 */;
CREATE TABLE `user` (
  `USER_ID` bigint(20) NOT NULL,
  `ACTIVE` bit(1) DEFAULT NULL,
  `ADMIN_EMAIL` varchar(255) NOT NULL,
  `ADMIN_NAME` varchar(100) NOT NULL,
  `ADMIN_PASSWORD` varchar(60) NOT NULL,
  `ADMIN_A1` varchar(255) DEFAULT NULL,
  `ADMIN_A2` varchar(255) DEFAULT NULL,
  `ADMIN_A3` varchar(255) DEFAULT NULL,
  `DATE_CREATED` datetime DEFAULT NULL,
  `DATE_MODIFIED` datetime DEFAULT NULL,
  `UPDT_ID` varchar(20) DEFAULT NULL,
  `ADMIN_FIRST_NAME` varchar(255) DEFAULT NULL,
  `LAST_ACCESS` datetime DEFAULT NULL,
  `ADMIN_LAST_NAME` varchar(255) DEFAULT NULL,
  `LOGIN_ACCESS` datetime DEFAULT NULL,
  `ADMIN_Q1` varchar(255) DEFAULT NULL,
  `ADMIN_Q2` varchar(255) DEFAULT NULL,
  `ADMIN_Q3` varchar(255) DEFAULT NULL,
  `LANGUAGE_ID` int(11) DEFAULT NULL,
  `MERCHANT_ID` int(11) NOT NULL,
  PRIMARY KEY (`USER_ID`),
  UNIQUE KEY `UKt2hv34k7g4po0pvmmvt5c7vgo` (`MERCHANT_ID`,`ADMIN_NAME`),
  KEY `FK3sh6qxgt118m71ttvkubgd9y8` (`LANGUAGE_ID`),
  CONSTRAINT `FK2yn065l2n7nw9rofjs4hwpij2` FOREIGN KEY (`MERCHANT_ID`) REFERENCES `merchant_store` (`MERCHANT_ID`),
  CONSTRAINT `FK3sh6qxgt118m71ttvkubgd9y8` FOREIGN KEY (`LANGUAGE_ID`) REFERENCES `language` (`LANGUAGE_ID`)
) ENGINE=InnoDB DEFAULT CHARSET=utf8;
/*!40101 SET character_set_client = @saved_cs_client */;

--
-- Dumping data for table `user`
--

LOCK TABLES `user` WRITE;
/*!40000 ALTER TABLE `user` DISABLE KEYS */;
INSERT INTO `user` VALUES (1,'','admin@shopizer.com','admin@shopizer.com','$2a$11$NyaWrorPAQ32bOZBTcEHOeCYmjkIYER2MNlJyPqjBD1iMQI/wnhem',NULL,NULL,NULL,'2020-06-02 21:26:39','2021-02-18 16:21:08',NULL,'Administrator','2021-02-16 11:42:50','User','2021-02-18 16:21:08',NULL,NULL,NULL,NULL,1);
/*!40000 ALTER TABLE `user` ENABLE KEYS */;
UNLOCK TABLES;

--
-- Table structure for table `user_group`
--

DROP TABLE IF EXISTS `user_group`;
/*!40101 SET @saved_cs_client     = @@character_set_client */;
/*!40101 SET character_set_client = utf8 */;
CREATE TABLE `user_group` (
  `USER_ID` bigint(20) NOT NULL,
  `GROUP_ID` int(11) NOT NULL,
  KEY `FK75kainrhn4kh8j3sw2xbe7v61` (`GROUP_ID`),
  KEY `FKdonp1m2n25ua1465rhice3qna` (`USER_ID`),
  CONSTRAINT `FK75kainrhn4kh8j3sw2xbe7v61` FOREIGN KEY (`GROUP_ID`) REFERENCES `sm_group` (`GROUP_ID`),
  CONSTRAINT `FKdonp1m2n25ua1465rhice3qna` FOREIGN KEY (`USER_ID`) REFERENCES `user` (`USER_ID`)
) ENGINE=InnoDB DEFAULT CHARSET=utf8;
/*!40101 SET character_set_client = @saved_cs_client */;

--
-- Dumping data for table `user_group`
--

LOCK TABLES `user_group` WRITE;
/*!40000 ALTER TABLE `user_group` DISABLE KEYS */;
INSERT INTO `user_group` VALUES (1,1),(1,2);
/*!40000 ALTER TABLE `user_group` ENABLE KEYS */;
UNLOCK TABLES;

--
-- Table structure for table `zone`
--

DROP TABLE IF EXISTS `zone`;
/*!40101 SET @saved_cs_client     = @@character_set_client */;
/*!40101 SET character_set_client = utf8 */;
CREATE TABLE `zone` (
  `ZONE_ID` bigint(20) NOT NULL,
  `ZONE_CODE` varchar(255) NOT NULL,
  `COUNTRY_ID` int(11) NOT NULL,
  PRIMARY KEY (`ZONE_ID`),
  UNIQUE KEY `UK_4tq3p5w8k4h4easyf5t3n1jdr` (`ZONE_CODE`),
  KEY `FKhn2c1w3e1twhjg7tiwv7vuk67` (`COUNTRY_ID`),
  CONSTRAINT `FKhn2c1w3e1twhjg7tiwv7vuk67` FOREIGN KEY (`COUNTRY_ID`) REFERENCES `country` (`COUNTRY_ID`)
) ENGINE=InnoDB DEFAULT CHARSET=utf8;
/*!40101 SET character_set_client = @saved_cs_client */;

--
-- Dumping data for table `zone`
--

LOCK TABLES `zone` WRITE;
/*!40000 ALTER TABLE `zone` DISABLE KEYS */;
INSERT INTO `zone` VALUES (117,'MP',37);
/*!40000 ALTER TABLE `zone` ENABLE KEYS */;
UNLOCK TABLES;

--
-- Table structure for table `zone_description`
--

DROP TABLE IF EXISTS `zone_description`;
/*!40101 SET @saved_cs_client     = @@character_set_client */;
/*!40101 SET character_set_client = utf8 */;
CREATE TABLE `zone_description` (
  `DESCRIPTION_ID` bigint(20) NOT NULL,
  `DATE_CREATED` datetime DEFAULT NULL,
  `DATE_MODIFIED` datetime DEFAULT NULL,
  `UPDT_ID` varchar(20) DEFAULT NULL,
  `DESCRIPTION` longtext DEFAULT NULL,
  `NAME` varchar(120) NOT NULL,
  `TITLE` varchar(100) DEFAULT NULL,
  `LANGUAGE_ID` int(11) NOT NULL,
  `ZONE_ID` bigint(20) NOT NULL,
  PRIMARY KEY (`DESCRIPTION_ID`),
  UNIQUE KEY `UKm64laxgrv9fxm6io232ap4su9` (`ZONE_ID`,`LANGUAGE_ID`),
  KEY `FK69ybu7r3bgpcq65c77ji1udh3` (`LANGUAGE_ID`),
  CONSTRAINT `FK69ybu7r3bgpcq65c77ji1udh3` FOREIGN KEY (`LANGUAGE_ID`) REFERENCES `language` (`LANGUAGE_ID`),
  CONSTRAINT `FKpv4elin6w3b03756obqvk447f` FOREIGN KEY (`ZONE_ID`) REFERENCES `zone` (`ZONE_ID`)
) ENGINE=InnoDB DEFAULT CHARSET=utf8;
/*!40101 SET character_set_client = @saved_cs_client */;

--
-- Dumping data for table `zone_description`
--

LOCK TABLES `zone_description` WRITE;
/*!40000 ALTER TABLE `zone_description` DISABLE KEYS */;
INSERT INTO `zone_description` VALUES (430,'2020-06-02 21:26:26','2020-06-02 21:26:26',NULL,NULL,'Madhya Pradesh',NULL,1,117),(431,'2020-06-02 21:26:26','2020-06-02 21:26:26',NULL,NULL,'Madhya Pradesh',NULL,2,117);
/*!40000 ALTER TABLE `zone_description` ENABLE KEYS */;
UNLOCK TABLES;
/*!40103 SET TIME_ZONE=@OLD_TIME_ZONE */;

/*!40101 SET SQL_MODE=@OLD_SQL_MODE */;
/*!40014 SET FOREIGN_KEY_CHECKS=@OLD_FOREIGN_KEY_CHECKS */;
/*!40014 SET UNIQUE_CHECKS=@OLD_UNIQUE_CHECKS */;
/*!40101 SET CHARACTER_SET_CLIENT=@OLD_CHARACTER_SET_CLIENT */;
/*!40101 SET CHARACTER_SET_RESULTS=@OLD_CHARACTER_SET_RESULTS */;
/*!40101 SET COLLATION_CONNECTION=@OLD_COLLATION_CONNECTION */;
/*!40111 SET SQL_NOTES=@OLD_SQL_NOTES */;

-- Dump completed on 2021-05-24 17:04:32
